  0
SECTION
  2
HEADER
  9
$ACADVER
  1
AC1024
  9
$ACADMAINTVER
 70
     6
  9
$DWGCODEPAGE
  3
ANSI_1252
  9
$LASTSAVEDBY
  1
cloudconvert
  9
$INSBASE
 10
0.0
 20
0.0
 30
0.0
  9
$EXTMIN
 10
-2680430.068109198
 20
-1672547.179547557
 30
-252.0242814604276
  9
$EXTMAX
 10
860276.0217899824
 20
1053820.515069022
 30
252.0242814604276
  9
$LIMMIN
 10
0.0
 20
0.0
  9
$LIMMAX
 10
420.0
 20
297.0
  9
$ORTHOMODE
 70
     0
  9
$REGENMODE
 70
     1
  9
$FILLMODE
 70
     1
  9
$QTEXTMODE
 70
     0
  9
$MIRRTEXT
 70
     0
  9
$LTSCALE
 40
1.0
  9
$ATTMODE
 70
     1
  9
$TEXTSIZE
 40
0.2
  9
$TRACEWID
 40
1.0
  9
$TEXTSTYLE
  7
Standard
  9
$CLAYER
  8
0
  9
$CELTYPE
  6
ByLayer
  9
$CECOLOR
 62
   256
  9
$CELTSCALE
 40
1.0
  9
$DISPSILH
 70
     0
  9
$DIMSCALE
 40
1.0
  9
$DIMASZ
 40
2.5
  9
$DIMEXO
 40
0.625
  9
$DIMDLI
 40
3.75
  9
$DIMRND
 40
0.0
  9
$DIMDLE
 40
0.0
  9
$DIMEXE
 40
1.25
  9
$DIMTP
 40
0.0
  9
$DIMTM
 40
0.0
  9
$DIMTXT
 40
2.5
  9
$DIMCEN
 40
2.5
  9
$DIMTSZ
 40
0.0
  9
$DIMTOL
 70
     0
  9
$DIMLIM
 70
     0
  9
$DIMTIH
 70
     0
  9
$DIMTOH
 70
     0
  9
$DIMSE1
 70
     0
  9
$DIMSE2
 70
     0
  9
$DIMTAD
 70
     1
  9
$DIMZIN
 70
     8
  9
$DIMBLK
  1

  9
$DIMASO
 70
     1
  9
$DIMSHO
 70
     1
  9
$DIMPOST
  1

  9
$DIMAPOST
  1

  9
$DIMALT
 70
     0
  9
$DIMALTD
 70
     3
  9
$DIMALTF
 40
0.03937007874016
  9
$DIMLFAC
 40
1.0
  9
$DIMTOFL
 70
     1
  9
$DIMTVP
 40
0.0
  9
$DIMTIX
 70
     0
  9
$DIMSOXD
 70
     0
  9
$DIMSAH
 70
     0
  9
$DIMBLK1
  1

  9
$DIMBLK2
  1

  9
$DIMSTYLE
  2
ISO-25
  9
$DIMCLRD
 70
     0
  9
$DIMCLRE
 70
     0
  9
$DIMCLRT
 70
     0
  9
$DIMTFAC
 40
1.0
  9
$DIMGAP
 40
0.625
  9
$DIMJUST
 70
     0
  9
$DIMSD1
 70
     0
  9
$DIMSD2
 70
     0
  9
$DIMTOLJ
 70
     0
  9
$DIMTZIN
 70
     8
  9
$DIMALTZ
 70
     0
  9
$DIMALTTZ
 70
     0
  9
$DIMUPT
 70
     0
  9
$DIMDEC
 70
     2
  9
$DIMTDEC
 70
     2
  9
$DIMALTU
 70
     2
  9
$DIMALTTD
 70
     3
  9
$DIMTXSTY
  7
Standard
  9
$DIMAUNIT
 70
     0
  9
$DIMADEC
 70
     0
  9
$DIMALTRND
 40
0.0
  9
$DIMAZIN
 70
     0
  9
$DIMDSEP
 70
    44
  9
$DIMATFIT
 70
     3
  9
$DIMFRAC
 70
     0
  9
$DIMLDRBLK
  1

  9
$DIMLUNIT
 70
     2
  9
$DIMLWD
 70
    -2
  9
$DIMLWE
 70
    -2
  9
$DIMTMOVE
 70
     0
  9
$DIMFXL
 40
1.0
  9
$DIMFXLON
 70
     0
  9
$DIMJOGANG
 40
0.7853981633974483
  9
$DIMTFILL
 70
     0
  9
$DIMTFILLCLR
 70
     0
  9
$DIMARCSYM
 70
     0
  9
$DIMLTYPE
  6

  9
$DIMLTEX1
  6

  9
$DIMLTEX2
  6

  9
$DIMTXTDIRECTION
 70
     0
  9
$LUNITS
 70
     2
  9
$LUPREC
 70
     4
  9
$SKETCHINC
 40
1.0
  9
$FILLETRAD
 40
0.0
  9
$AUNITS
 70
     0
  9
$AUPREC
 70
     0
  9
$MENU
  1
.
  9
$ELEVATION
 40
0.0
  9
$PELEVATION
 40
0.0
  9
$THICKNESS
 40
0.0
  9
$LIMCHECK
 70
     0
  9
$CHAMFERA
 40
0.0
  9
$CHAMFERB
 40
0.0
  9
$CHAMFERC
 40
0.0
  9
$CHAMFERD
 40
0.0
  9
$SKPOLY
 70
     0
  9
$TDCREATE
 40
2454762.816090671
  9
$TDUCREATE
 40
2454762.816090671
  9
$TDUPDATE
 40
2461304.303663044
  9
$TDUUPDATE
 40
2461304.303663044
  9
$TDINDWG
 40
0.0383608333
  9
$TDUSRTIMER
 40
0.0383593866
  9
$USRTIMER
 70
     1
  9
$ANGBASE
 50
0.0
  9
$ANGDIR
 70
     0
  9
$PDMODE
 70
     0
  9
$PDSIZE
 40
0.0
  9
$PLINEWID
 40
0.0
  9
$SPLFRAME
 70
     0
  9
$SPLINETYPE
 70
     6
  9
$SPLINESEGS
 70
     8
  9
$HANDSEED
  5
ADD
  9
$SURFTAB1
 70
     6
  9
$SURFTAB2
 70
     6
  9
$SURFTYPE
 70
     6
  9
$SURFU
 70
     6
  9
$SURFV
 70
     6
  9
$UCSBASE
  2

  9
$UCSNAME
  2

  9
$UCSORG
 10
0.0
 20
0.0
 30
0.0
  9
$UCSXDIR
 10
1.0
 20
0.0
 30
0.0
  9
$UCSYDIR
 10
0.0
 20
1.0
 30
0.0
  9
$UCSORTHOREF
  2

  9
$UCSORTHOVIEW
 70
     0
  9
$UCSORGTOP
 10
0.0
 20
0.0
 30
0.0
  9
$UCSORGBOTTOM
 10
0.0
 20
0.0
 30
0.0
  9
$UCSORGLEFT
 10
0.0
 20
0.0
 30
0.0
  9
$UCSORGRIGHT
 10
0.0
 20
0.0
 30
0.0
  9
$UCSORGFRONT
 10
0.0
 20
0.0
 30
0.0
  9
$UCSORGBACK
 10
0.0
 20
0.0
 30
0.0
  9
$PUCSBASE
  2

  9
$PUCSNAME
  2

  9
$PUCSORG
 10
0.0
 20
0.0
 30
0.0
  9
$PUCSXDIR
 10
1.0
 20
0.0
 30
0.0
  9
$PUCSYDIR
 10
0.0
 20
1.0
 30
0.0
  9
$PUCSORTHOREF
  2

  9
$PUCSORTHOVIEW
 70
     0
  9
$PUCSORGTOP
 10
0.0
 20
0.0
 30
0.0
  9
$PUCSORGBOTTOM
 10
0.0
 20
0.0
 30
0.0
  9
$PUCSORGLEFT
 10
0.0
 20
0.0
 30
0.0
  9
$PUCSORGRIGHT
 10
0.0
 20
0.0
 30
0.0
  9
$PUCSORGFRONT
 10
0.0
 20
0.0
 30
0.0
  9
$PUCSORGBACK
 10
0.0
 20
0.0
 30
0.0
  9
$USERI1
 70
     0
  9
$USERI2
 70
     0
  9
$USERI3
 70
     0
  9
$USERI4
 70
     0
  9
$USERI5
 70
     0
  9
$USERR1
 40
0.0
  9
$USERR2
 40
0.0
  9
$USERR3
 40
0.0
  9
$USERR4
 40
0.0
  9
$USERR5
 40
0.0
  9
$WORLDVIEW
 70
     1
  9
$SHADEDGE
 70
     3
  9
$SHADEDIF
 70
    70
  9
$TILEMODE
 70
     1
  9
$MAXACTVP
 70
    64
  9
$PINSBASE
 10
0.0
 20
0.0
 30
0.0
  9
$PLIMCHECK
 70
     0
  9
$PEXTMIN
 10
1.149993896484375
 20
1.150000095367432
 30
0.0
  9
$PEXTMAX
 10
265.5499877929688
 20
202.0499939918518
 30
0.0
  9
$PLIMMIN
 10
-6.350006103515625
 20
-6.349999904632568
  9
$PLIMMAX
 10
273.0499877929688
 20
209.5499939918518
  9
$UNITMODE
 70
     0
  9
$VISRETAIN
 70
     1
  9
$PLINEGEN
 70
     0
  9
$PSLTSCALE
 70
     1
  9
$TREEDEPTH
 70
  3020
  9
$CMLSTYLE
  2
Standard
  9
$CMLJUST
 70
     0
  9
$CMLSCALE
 40
20.0
  9
$PROXYGRAPHICS
 70
     1
  9
$MEASUREMENT
 70
     0
  9
$CELWEIGHT
370
    -1
  9
$ENDCAPS
280
     0
  9
$JOINSTYLE
280
     0
  9
$LWDISPLAY
290
     0
  9
$INSUNITS
 70
     4
  9
$HYPERLINKBASE
  1

  9
$STYLESHEET
  1

  9
$XEDIT
290
     0
  9
$CEPSNTYPE
380
     0
  9
$PSTYLEMODE
290
     0
  9
$FINGERPRINTGUID
  2
{FDEAD578-A652-11D2-9A35-0060089B3A3F}
  9
$VERSIONGUID
  2
{3828E604-B360-9844-8CC0-1E288746C3E4}
  9
$EXTNAMES
290
     0
  9
$PSVPSCALE
 40
0.0
  9
$OLESTARTUP
290
     0
  9
$SORTENTS
280
   127
  9
$INDEXCTL
280
     0
  9
$HIDETEXT
280
     1
  9
$XCLIPFRAME
280
     2
  9
$HALOGAP
280
     0
  9
$OBSCOLOR
 70
   255
  9
$OBSLTYPE
280
     0
  9
$INTERSECTIONDISPLAY
280
     0
  9
$INTERSECTIONCOLOR
 70
   255
  9
$DIMASSOC
280
     2
  9
$PROJECTNAME
  1

  9
$CAMERADISPLAY
290
     0
  9
$LENSLENGTH
 40
50.0
  9
$CAMERAHEIGHT
 40
0.0
  9
$STEPSPERSEC
 40
2.0
  9
$STEPSIZE
 40
6.0
  9
$3DDWFPREC
 40
2.0
  9
$PSOLWIDTH
 40
0.25
  9
$PSOLHEIGHT
 40
4.0
  9
$LOFTANG1
 40
1.570796326794897
  9
$LOFTANG2
 40
1.570796326794897
  9
$LOFTMAG1
 40
0.0
  9
$LOFTMAG2
 40
0.0
  9
$LOFTPARAM
 70
     7
  9
$LOFTNORMALS
280
     1
  9
$LATITUDE
 40
37.795
  9
$LONGITUDE
 40
-122.394
  9
$NORTHDIRECTION
 40
0.0
  9
$TIMEZONE
 70
 -8000
  9
$LIGHTGLYPHDISPLAY
280
     1
  9
$TILEMODELIGHTSYNCH
280
     0
  9
$CMATERIAL
347
A88
  9
$SOLIDHIST
280
     0
  9
$SHOWHIST
280
     1
  9
$DWFFRAME
280
     2
  9
$DGNFRAME
280
     0
  9
$REALWORLDSCALE
290
     1
  9
$INTERFERECOLOR
 62
     1
  9
$CSHADOW
280
     0
  9
$SHADOWPLANELOCATION
 40
0.0
  0
ENDSEC
  0
SECTION
  2
CLASSES
  0
CLASS
  1
ACDBDICTIONARYWDFLT
  2
AcDbDictionaryWithDefault
  3
ObjectDBX Classes
 90
        0
 91
        3
280
     0
281
     0
  0
CLASS
  1
ACDBPLACEHOLDER
  2
AcDbPlaceHolder
  3
ObjectDBX Classes
 90
        0
 91
        1
280
     0
281
     0
  0
CLASS
  1
LAYOUT
  2
AcDbLayout
  3
ObjectDBX Classes
 90
        0
 91
        1
280
     0
281
     0
  0
CLASS
  1
DICTIONARYVAR
  2
AcDbDictionaryVar
  3
ObjectDBX Classes
 90
        0
 91
        3
280
     0
281
     0
  0
CLASS
  1
TABLESTYLE
  2
AcDbTableStyle
  3
ObjectDBX Classes
 90
     4095
 91
        3
280
     0
281
     0
  0
CLASS
  1
MATERIAL
  2
AcDbMaterial
  3
ObjectDBX Classes
 90
     1153
 91
        3
280
     0
281
     0
  0
CLASS
  1
VISUALSTYLE
  2
AcDbVisualStyle
  3
ObjectDBX Classes
 90
     4095
 91
        3
280
     0
281
     0
  0
CLASS
  1
SCALE
  2
AcDbScale
  3
ObjectDBX Classes
 90
     1153
 91
        3
280
     0
281
     0
  0
CLASS
  1
MLEADERSTYLE
  2
AcDbMLeaderStyle
  3
ACDB_MLEADERSTYLE_CLASS
 90
     4095
 91
        3
280
     0
281
     0
  0
CLASS
  1
CELLSTYLEMAP
  2
AcDbCellStyleMap
  3
ObjectDBX Classes
 90
     1152
 91
        3
280
     0
281
     0
  0
CLASS
  1
EXACXREFPANELOBJECT
  2
ExAcXREFPanelObject
  3
ObjectDBX Classes
 90
     1025
 91
        1
280
     1
281
     0
  0
CLASS
  1
NPOCOLLECTION
  2
AcDbImpNonPersistentObjectsCollection
  3
ObjectDBX Classes
 90
     1153
 91
        1
280
     1
281
     0
  0
CLASS
  1
LAYER_INDEX
  2
AcDbLayerIndex
  3
ObjectDBX Classes
 90
        0
 91
        3
280
     0
281
     0
  0
CLASS
  1
SPATIAL_INDEX
  2
AcDbSpatialIndex
  3
AutoCAD 2000
 90
        0
 91
        3
280
     0
281
     0
  0
CLASS
  1
IDBUFFER
  2
AcDbIdBuffer
  3
ObjectDBX Classes
 90
        0
 91
        3
280
     0
281
     0
  0
CLASS
  1
ACDBSECTIONVIEWSTYLE
  2
AcDbSectionViewStyle
  3
ObjectDBX Classes
 90
     1025
 91
        3
280
     0
281
     0
  0
CLASS
  1
ACDBDETAILVIEWSTYLE
  2
AcDbDetailViewStyle
  3
ObjectDBX Classes
 90
     1025
 91
        3
280
     0
281
     0
  0
CLASS
  1
MESH
  2
AcDbSubDMesh
  3
AcDbSubDMesh|Description: AutoCAD subD mesh
 90
        0
 91
        3
280
     0
281
     1
  0
CLASS
  1
SORTENTSTABLE
  2
AcDbSortentsTable
  3
ObjectDBX Classes
 90
        0
 91
        3
280
     0
281
     0
  0
CLASS
  1
ACDB_TEXTOBJECTCONTEXTDATA_CLASS
  2
AcDbTextObjectContextData
  3
ObjectDBX Classes
 90
     1153
 91
        4
280
     0
281
     0
  0
CLASS
  1
WIPEOUT
  2
AcDbWipeout
  3
WipeOut|AutoCAD Express Tool|expresstools@autodesk.com
 90
      127
 91
        3
280
     0
281
     1
  0
CLASS
  1
WIPEOUTVARIABLES
  2
AcDbWipeoutVariables
  3
WipeOut|AutoCAD Express Tool|expresstools@autodesk.com
 90
        0
 91
        3
280
     0
281
     0
  0
CLASS
  1
DIMASSOC
  2
AcDbDimAssoc
  3
"AcDbDimAssoc|Product Desc:     AcDim ARX App For Dimension|Company:          Autodesk, Inc.|WEB Address:      www.autodesk.com"
 90
        0
 91
        3
280
     0
281
     0
  0
CLASS
  1
ACAD_TABLE
  2
AcDbTable
  3
ObjectDBX Classes
 90
     1025
 91
        3
280
     0
281
     1
  0
CLASS
  1
TABLECONTENT
  2
AcDbTableContent
  3
ObjectDBX Classes
 90
     1152
 91
        4
280
     0
281
     0
  0
CLASS
  1
TABLEGEOMETRY
  2
AcDbTableGeometry
  3
ObjectDBX Classes
 90
     1152
 91
        3
280
     0
281
     0
  0
CLASS
  1
IMAGE
  2
AcDbRasterImage
  3
ISM
 90
      127
 91
        4
280
     0
281
     1
  0
CLASS
  1
IMAGEDEF
  2
AcDbRasterImageDef
  3
ISM
 90
        0
 91
        3
280
     0
281
     0
  0
CLASS
  1
IMAGEDEF_REACTOR
  2
AcDbRasterImageDefReactor
  3
ISM
 90
        1
 91
        3
280
     0
281
     0
  0
CLASS
  1
DBCOLOR
  2
AcDbColor
  3
ObjectDBX Classes
 90
        0
 91
        3
280
     0
281
     0
  0
CLASS
  1
GEODATA
  2
AcDbGeoData
  3
ObjectDBX Classes
 90
     4095
 91
        3
280
     0
281
     0
  0
CLASS
  1
MULTILEADER
  2
AcDbMLeader
  3
ACDB_MLEADER_CLASS
 90
     1025
 91
        3
280
     0
281
     1
  0
CLASS
  1
PDFREFERENCE
  2
AcDbPdfReference
  3
ObjectDBX Classes
 90
     1153
 91
        3
280
     0
281
     1
  0
CLASS
  1
PDFDEFINITION
  2
AcDbPdfDefinition
  3
ObjectDBX Classes
 90
     1153
 91
        3
280
     0
281
     0
  0
CLASS
  1
RASTERVARIABLES
  2
AcDbRasterVariables
  3
ISM
 90
        0
 91
        3
280
     0
281
     0
  0
CLASS
  1
SPATIAL_FILTER
  2
AcDbSpatialFilter
  3
ObjectDBX Classes
 90
        0
 91
        3
280
     0
281
     0
  0
CLASS
  1
ACDB_MLEADEROBJECTCONTEXTDATA_CLASS
  2
AcDbMLeaderObjectContextData
  3
ObjectDBX Classes
 90
     1153
 91
        3
280
     0
281
     0
  0
CLASS
  1
PLOTSETTINGS
  2
AcDbPlotSettings
  3
ObjectDBX Classes
 90
        0
 91
        3
280
     0
281
     0
  0
CLASS
  1
FIELD
  2
AcDbField
  3
ObjectDBX Classes
 90
     1152
 91
        3
280
     0
281
     0
  0
CLASS
  1
FIELDLIST
  2
AcDbFieldList
  3
ObjectDBX Classes
 90
     1152
 91
        3
280
     0
281
     0
  0
CLASS
  1
ACDB_MTEXTATTRIBUTEOBJECTCONTEXTDATA_CLASS
  2
AcDbMTextAttributeObjectContextData
  3
ObjectDBX Classes
 90
     1153
 91
        3
280
     0
281
     0
  0
CLASS
  1
ACDB_BLKREFOBJECTCONTEXTDATA_CLASS
  2
AcDbBlkRefObjectContextData
  3
ObjectDBX Classes
 90
     1153
 91
        3
280
     0
281
     0
  0
ENDSEC
  0
SECTION
  2
TABLES
  0
TABLE
  2
VPORT
  5
8
330
0
100
AcDbSymbolTable
 70
     1
  0
VPORT
  5
17
330
8
100
AcDbSymbolTableRecord
100
AcDbViewportTableRecord
  2
*Active
 70
     0
 10
0.0
 20
0.0
 11
1.0
 21
1.0
 12
8367.405932476484
 22
480.4575041872413
 13
0.0
 23
0.0
 14
10.0
 24
10.0
 15
10.0
 25
10.0
 16
0.0
 26
0.0
 36
1.0
 17
0.0
 27
0.0
 37
0.0
 40
12697.21503592887
 41
1.905482041587902
 42
50.0
 43
0.0
 44
0.0
 50
0.0
 51
0.0
 71
     0
 72
  1000
 73
     1
 74
     2
 75
     0
 76
     0
 77
     0
 78
     0
281
     0
 65
     1
110
0.0
120
0.0
130
0.0
111
1.0
121
0.0
131
0.0
112
0.0
122
1.0
132
0.0
 79
     0
146
0.0
 60
     3
 61
     5
292
     1
282
     1
141
0.0
142
0.0
 63
   250
421
  3355443
1001
ACAD_NAV_VCDISPLAY
1070
     3
  0
ENDTAB
  0
TABLE
  2
LTYPE
  5
5
330
0
100
AcDbSymbolTable
 70
     2
  0
LTYPE
  5
10
330
5
100
AcDbSymbolTableRecord
100
AcDbLinetypeTableRecord
  2
ByBlock
 70
     0
  3

 72
    65
 73
     0
 40
0.0
  0
LTYPE
  5
11
330
5
100
AcDbSymbolTableRecord
100
AcDbLinetypeTableRecord
  2
ByLayer
 70
     0
  3

 72
    65
 73
     0
 40
0.0
  0
LTYPE
  5
12
330
5
100
AcDbSymbolTableRecord
100
AcDbLinetypeTableRecord
  2
Continuous
 70
     0
  3
Solid line
 72
    65
 73
     0
 40
0.0
  0
LTYPE
  5
13
330
5
100
AcDbSymbolTableRecord
100
AcDbLinetypeTableRecord
  2
snap_dot_line
 70
     0
  3
捕捉线
 72
    65
 73
     2
 40
12.0
 49
6.0
 74
     0
 49
-6.0
 74
     0
  0
ENDTAB
  0
TABLE
  2
LAYER
  5
2
330
0
100
AcDbSymbolTable
 70
     5
  0
LAYER
  5
B
330
2
100
AcDbSymbolTableRecord
100
AcDbLayerTableRecord
  2
0
 70
     0
 62
     7
  6
Continuous
370
    -3
390
A75
347
A8A
  0
LAYER
  5
C
330
2
100
AcDbSymbolTableRecord
100
AcDbLayerTableRecord
  2
Defpoints
 70
     0
 62
     7
  6
Continuous
290
     0
370
    -3
390
A75
347
A8A
  0
LAYER
  5
D
330
2
100
AcDbSymbolTableRecord
100
AcDbLayerTableRecord
  2
Tavolo 2
 70
     0
 62
     2
  6
Continuous
370
    -3
390
A75
347
A8A
  0
LAYER
  5
E
330
2
100
AcDbSymbolTableRecord
100
AcDbLayerTableRecord
  2
*ADSK_SYSTEM_LIGHTS
 70
     0
 62
     7
  6
Continuous
370
    -3
390
A75
347
A8A
1001
AcAecLayerStandard
1000

1000

  0
LAYER
  5
F
330
2
100
AcDbSymbolTableRecord
100
AcDbLayerTableRecord
  2
Tavolo 3
 70
     0
 62
     4
  6
Continuous
370
    -3
390
A75
347
A8A
  0
ENDTAB
  0
TABLE
  2
STYLE
  5
4
330
0
100
AcDbSymbolTable
 70
     1
  0
STYLE
  5
14
330
4
100
AcDbSymbolTableRecord
100
AcDbTextStyleTableRecord
  2
Standard
 70
     0
 40
0.0
 41
1.0
 50
0.0
 71
     0
 42
0.2
  3
txt
  4

  0
ENDTAB
  0
TABLE
  2
VIEW
  5
6
330
0
100
AcDbSymbolTable
 70
     0
  0
ENDTAB
  0
TABLE
  2
UCS
  5
7
330
0
100
AcDbSymbolTable
 70
     0
  0
ENDTAB
  0
TABLE
  2
APPID
  5
9
330
0
100
AcDbSymbolTable
 70
    10
  0
APPID
  5
18
330
9
100
AcDbSymbolTableRecord
100
AcDbRegAppTableRecord
  2
ACAD
 70
     0
  0
APPID
  5
19
330
9
100
AcDbSymbolTableRecord
100
AcDbRegAppTableRecord
  2
ACAD_EXEMPT_FROM_CAD_STANDARDS
 70
     0
  0
APPID
  5
1A
330
9
100
AcDbSymbolTableRecord
100
AcDbRegAppTableRecord
  2
ACAD_MATERIAL_MAPPER
 70
     0
  0
APPID
  5
1B
330
9
100
AcDbSymbolTableRecord
100
AcDbRegAppTableRecord
  2
ACAD_MATERIAL_MAPPER_
 70
     0
  0
APPID
  5
1C
330
9
100
AcDbSymbolTableRecord
100
AcDbRegAppTableRecord
  2
ACAD_MATERIAL_MAPPER_2
 70
     0
  0
APPID
  5
1D
330
9
100
AcDbSymbolTableRecord
100
AcDbRegAppTableRecord
  2
ACAD_MLEADERVER
 70
     0
  0
APPID
  5
1E
330
9
100
AcDbSymbolTableRecord
100
AcDbRegAppTableRecord
  2
ACAD_NAV_VCDISPLAY
 70
     0
  0
APPID
  5
1F
330
9
100
AcDbSymbolTableRecord
100
AcDbRegAppTableRecord
  2
ACAD_OBJECT_CHANGE_GUID
 70
     0
  0
APPID
  5
20
330
9
100
AcDbSymbolTableRecord
100
AcDbRegAppTableRecord
  2
ACAD_STEPID
 70
     0
  0
APPID
  5
21
330
9
100
AcDbSymbolTableRecord
100
AcDbRegAppTableRecord
  2
AcAecLayerStandard
 70
     0
  0
ENDTAB
  0
TABLE
  2
DIMSTYLE
  5
3
330
0
100
AcDbSymbolTable
 70
     1
100
AcDbDimStyleTable
  0
DIMSTYLE
105
15
330
3
100
AcDbSymbolTableRecord
100
AcDbDimStyleTableRecord
  2
ISO-25
 70
     0
 41
2.5
 42
0.625
 43
3.75
 44
1.25
 50
44.99999063801583
 73
     0
 74
     0
 77
     1
 78
     8
140
2.5
141
2.5
147
0.625
171
     3
172
     1
178
     0
271
     2
272
     2
274
     3
278
    44
283
     0
340
14
  0
ENDTAB
  0
TABLE
  2
BLOCK_RECORD
  5
1
330
0
100
AcDbSymbolTable
 70
    13
  0
BLOCK_RECORD
  5
2F
330
1
100
AcDbSymbolTableRecord
100
AcDbBlockTableRecord
  2
*Model_Space
340
24
 70
     0
280
     1
281
     0
  0
BLOCK_RECORD
  5
30
330
1
100
AcDbSymbolTableRecord
100
AcDbBlockTableRecord
  2
*Paper_Space
340
23
 70
     0
280
     1
281
     0
  0
BLOCK_RECORD
  5
31
330
1
100
AcDbSymbolTableRecord
100
AcDbBlockTableRecord
  2
*Paper_Space10
340
22
 70
     0
280
     1
281
     0
  0
BLOCK_RECORD
  5
33
330
1
100
AcDbSymbolTableRecord
100
AcDbBlockTableRecord
  2
bloko
340
0
102
{BLKREFS
331
A7
102
}
 70
     0
280
     1
281
     0
  0
BLOCK_RECORD
  5
34
330
1
100
AcDbSymbolTableRecord
100
AcDbBlockTableRecord
  2
CIRKLO_PUNKTOJ
340
0
102
{BLKREFS
331
AF
331
B0
331
B1
331
B2
331
B3
331
B4
331
B5
331
B6
102
}
 70
     0
280
     1
281
     0
  0
BLOCK_RECORD
  5
A02
330
1
100
AcDbSymbolTableRecord
100
AcDbBlockTableRecord
  2
*D14
340
0
 70
     0
280
     1
281
     0
  0
BLOCK_RECORD
  5
A0E
330
1
100
AcDbSymbolTableRecord
100
AcDbBlockTableRecord
  2
*D15
340
0
 70
     0
280
     1
281
     0
  0
BLOCK_RECORD
  5
A1B
330
1
100
AcDbSymbolTableRecord
100
AcDbBlockTableRecord
  2
*D16
340
0
 70
     0
280
     1
281
     0
  0
BLOCK_RECORD
  5
A23
330
1
100
AcDbSymbolTableRecord
100
AcDbBlockTableRecord
  2
*D17
340
0
 70
     0
280
     1
281
     0
  0
BLOCK_RECORD
  5
A2D
330
1
100
AcDbSymbolTableRecord
100
AcDbBlockTableRecord
  2
*D18
340
0
 70
     0
280
     1
281
     0
  0
BLOCK_RECORD
  5
A39
330
1
100
AcDbSymbolTableRecord
100
AcDbBlockTableRecord
  2
*D19
340
0
 70
     0
280
     1
281
     0
  0
BLOCK_RECORD
  5
A43
330
1
100
AcDbSymbolTableRecord
100
AcDbBlockTableRecord
  2
*D20
340
0
 70
     0
280
     1
281
     0
  0
BLOCK_RECORD
  5
A4F
330
1
100
AcDbSymbolTableRecord
100
AcDbBlockTableRecord
  2
*D21
340
0
 70
     0
280
     1
281
     0
  0
BLOCK_RECORD
  5
A5B
330
1
100
AcDbSymbolTableRecord
100
AcDbBlockTableRecord
  2
*D22
340
0
 70
     0
280
     1
281
     0
  0
BLOCK_RECORD
  5
A67
330
1
100
AcDbSymbolTableRecord
100
AcDbBlockTableRecord
  2
*D23
340
0
 70
     0
280
     1
281
     0
  0
ENDTAB
  0
ENDSEC
  0
SECTION
  2
BLOCKS
  0
BLOCK
  5
9FE
330
2F
100
AcDbEntity
  8
0
100
AcDbBlockBegin
  2
*Model_Space
 70
     0
 10
0.0
 20
0.0
 30
0.0
  3
*Model_Space
  1

  0
ENDBLK
  5
9FF
330
2F
100
AcDbEntity
  8
0
100
AcDbBlockEnd
  0
BLOCK
  5
A00
330
30
100
AcDbEntity
 67
     1
  8
0
100
AcDbBlockBegin
  2
*Paper_Space
 70
     0
 10
0.0
 20
0.0
 30
0.0
  3
*Paper_Space
  1

  0
ENDBLK
  5
A01
330
30
100
AcDbEntity
 67
     1
  8
0
100
AcDbBlockEnd
  0
BLOCK
  5
9F6
330
31
100
AcDbEntity
  8
0
100
AcDbBlockBegin
  2
*Paper_Space10
 70
     0
 10
0.0
 20
0.0
 30
0.0
  3
*Paper_Space10
  1

  0
VIEWPORT
  5
DF
330
31
100
AcDbEntity
  8
0
100
AcDbViewport
 10
107.9499969482422
 20
139.6999969482422
 30
0.0
 40
215.8999938964844
 41
279.3999938964844
 69
     1
 12
0.0
 22
0.0
 13
0.0
 23
0.0
 14
10.0
 24
10.0
 15
10.0
 25
10.0
 16
0.0
 26
0.0
 36
1.0
 17
0.0
 27
0.0
 37
0.0
 42
50.0
 43
0.0
 44
0.0
 45
279.3999938964844
 50
0.0
 51
0.0
 72
   100
 90
   950496
  1

281
     0
 71
     0
 74
     0
110
0.0
120
0.0
130
0.0
111
1.0
121
0.0
131
0.0
112
0.0
122
1.0
132
0.0
 79
     0
146
0.0
170
     0
 61
     5
292
     1
282
     0
141
50.0
142
50.0
 63
    18
421
        0
  0
VIEWPORT
  5
DE
330
31
100
AcDbEntity
  8
0
100
AcDbViewport
 10
116.5859967041016
 20
101.5999970436096
 30
0.0
 40
198.6279943847656
 41
105.9349303385417
 68
     1
 69
     2
 12
4061.747241760478
 22
4735.428737272077
 13
0.0
 23
0.0
 14
10.0
 24
10.0
 15
10.0
 25
10.0
 16
0.0
 26
0.0
 36
1.0
 17
0.0
 27
0.0
 37
0.0
 42
50.0
 43
0.0
 44
0.0
 45
105.9349303385417
 50
0.0
 51
0.0
 72
  1000
 90
    32800
  1

281
     0
 71
     1
 74
     0
110
0.0
120
0.0
130
0.0
111
1.0
121
0.0
131
0.0
112
0.0
122
1.0
132
0.0
 79
     0
146
0.0
170
     0
 61
     5
292
     1
282
     1
141
0.0
142
0.0
 63
   250
421
  3355443
  0
ENDBLK
  5
9F7
330
31
100
AcDbEntity
  8
0
100
AcDbBlockEnd
  0
BLOCK
  5
9FA
330
33
100
AcDbEntity
  8
0
100
AcDbBlockBegin
  2
bloko
 70
     2
 10
0.0
 20
0.0
 30
0.0
  3
bloko
  1

  0
LINE
  5
107
330
33
100
AcDbEntity
  8
Tavolo 3
100
AcDbLine
 10
-313.4481441088501
 20
752.0306939628463
 30
0.0
 11
-745.8380547266424
 21
777.4451125633605
 31
0.0
  0
ATTDEF
  5
108
330
33
100
AcDbEntity
  8
Tavolo 3
100
AcDbText
 10
-289.2176873757489
 20
-218.0545607604727
 30
0.0
 40
100.0
  1
valoro
100
AcDbAttributeDefinition
  3
invitilo
  2
ETIKEDO
 70
     0
280
     0
  0
LINE
  5
109
330
33
100
AcDbEntity
  8
Tavolo 3
100
AcDbLine
 10
271.5499812899507
 20
828.2739297568769
 30
0.0
 11
398.7234623457189
 21
91.25601042459311
 31
0.0
  0
LINE
  5
10A
330
33
100
AcDbEntity
  8
Tavolo 3
100
AcDbLine
 10
398.7234623457189
 20
91.25601042459311
 30
0.0
 11
-237.1440554753863
 21
167.4992462186237
 31
0.0
  0
LINE
  5
10B
330
33
100
AcDbEntity
  8
Tavolo 3
100
AcDbLine
 10
-237.1440554753863
 20
167.4992462186237
 30
0.0
 11
-313.4481441088501
 21
752.0306939628463
 31
0.0
  0
ENDBLK
  5
9FB
330
33
100
AcDbEntity
  8
0
100
AcDbBlockEnd
  0
BLOCK
  5
9FC
330
34
100
AcDbEntity
  8
0
100
AcDbBlockBegin
  2
CIRKLO_PUNKTOJ
 70
     0
 10
0.0
 20
0.0
 30
0.0
  3
CIRKLO_PUNKTOJ
  1

  0
POINT
  5
10C
330
34
100
AcDbEntity
  8
Tavolo 3
100
AcDbPoint
 10
-30.10935083439108
 20
-20.56094401411247
 30
0.0
  0
POINT
  5
10D
330
34
100
AcDbEntity
  8
Tavolo 3
100
AcDbPoint
 10
-30.10935083439108
 20
16.17584161022387
 30
0.0
  0
POINT
  5
10E
330
34
100
AcDbEntity
  8
Tavolo 3
100
AcDbPoint
 10
32.91832459314901
 20
-10.06474101899221
 30
0.0
  0
POINT
  5
10F
330
34
100
AcDbEntity
  8
Tavolo 3
100
AcDbPoint
 10
11.90906814171467
 20
0.4315120704050059
 30
0.0
  0
POINT
  5
110
330
34
100
AcDbEntity
  8
Tavolo 3
100
AcDbPoint
 10
17.16135877287888
 20
58.16075377925881
 30
0.0
  0
POINT
  5
111
330
34
100
AcDbEntity
  8
Tavolo 3
100
AcDbPoint
 10
-93.13702626193117
 20
-46.80152664332854
 30
0.0
  0
POINT
  5
112
330
34
100
AcDbEntity
  8
Tavolo 3
100
AcDbPoint
 10
69.68445293807599
 20
-46.80152664332854
 30
0.0
  0
POINT
  5
113
330
34
100
AcDbEntity
  8
Tavolo 3
100
AcDbPoint
 10
-3.847803751792526
 20
-41.55340009862994
 30
0.0
  0
POINT
  5
114
330
34
100
AcDbEntity
  8
Tavolo 3
100
AcDbPoint
 10
106.4505812830175
 20
5.679638615103613
 30
0.0
  0
POINT
  5
115
330
34
100
AcDbEntity
  8
Tavolo 3
100
AcDbPoint
 10
-83.77055558058782
 20
22.38066858684761
 30
0.0
  0
CIRCLE
  5
116
330
34
100
AcDbEntity
  8
Tavolo 3
100
AcDbCircle
 10
0.0
 20
0.0
 30
0.0
 40
130.0490046078758
  0
POINT
  5
117
330
34
100
AcDbEntity
  8
Tavolo 3
100
AcDbPoint
 10
-72.12776981049683
 20
-10.06474101899221
 30
0.0
  0
POINT
  5
118
330
34
100
AcDbEntity
  8
Tavolo 3
100
AcDbPoint
 10
-35.36164146556985
 20
58.16075377925881
 30
0.0
  0
ENDBLK
  5
9FD
330
34
100
AcDbEntity
  8
0
100
AcDbBlockEnd
  0
BLOCK
  5
A03
330
A02
100
AcDbEntity
  8
0
100
AcDbBlockBegin
  2
*D14
 70
     1
 10
0.0
 20
0.0
 30
0.0
  3
*D14
  1

  0
LINE
  5
A05
330
A02
100
AcDbEntity
  8
Tavolo 3
 62
     0
370
    -2
100
AcDbLine
 10
-473.1585582593785
 20
10344.51494024668
 30
0.0
 11
623.7653224577173
 21
10025.90168707239
 31
0.0
  0
LINE
  5
A06
330
A02
100
AcDbEntity
  8
Tavolo 3
 62
     0
370
    -2
100
AcDbLine
 10
-53.45455113515574
 20
11789.47475802104
 30
0.0
 11
1043.46932958194
 21
11470.86150484675
 31
0.0
  0
LINE
  5
A07
330
A02
100
AcDbEntity
  8
Tavolo 3
 62
     0
370
    -2
100
AcDbLine
 10
623.2622653176649
 20
10028.65112947292
 30
0.0
 11
1041.571609945546
 21
11468.80939369439
 31
0.0
  0
SOLID
  5
A08
330
A02
100
AcDbEntity
  8
Tavolo 3
 62
     0
100
AcDbTrace
 10
622.8621358549237
 20
10028.76735134762
 30
0.0
 11
623.662394780406
 21
10028.53490759822
 31
0.0
 12
622.564934069494
 22
10026.25035269647
 32
0.0
 13
622.564934069494
 23
10026.25035269647
 33
0.0
  0
SOLID
  5
A09
330
A02
100
AcDbEntity
  8
Tavolo 3
 62
     0
100
AcDbTrace
 10
1041.971739408287
 20
11468.69317181969
 30
0.0
 11
1041.171480482805
 21
11468.92561556908
 31
0.0
 12
1042.268941193717
 22
11471.21017047083
 32
0.0
 13
1042.268941193717
 23
11471.21017047083
 33
0.0
  0
MTEXT
  5
A0A
330
A02
100
AcDbEntity
  8
Tavolo 3
 62
     0
100
AcDbMText
 10
834.4175849453113
 20
10748.14915221018
 30
0.0
 40
2.5
 41
0.0
 46
0.0
 71
     5
 72
     1
  1
1504,68
 11
-0.2789324992683451
 21
-0.9603107105785684
 31
0.0
 73
     1
 44
1.0
  0
POINT
  5
A0B
330
A02
100
AcDbEntity
  8
Defpoints
 62
     0
100
AcDbPoint
 10
-473.7587524534902
 20
10344.68927305872
 30
0.0
  0
POINT
  5
A0C
330
A02
100
AcDbEntity
  8
Defpoints
 62
     0
100
AcDbPoint
 10
-54.05474532926735
 20
11789.64909083308
 30
0.0
  0
POINT
  5
A0D
330
A02
100
AcDbEntity
  8
Defpoints
 62
     0
100
AcDbPoint
 10
1042.268941193717
 20
11471.21017047083
 30
0.0
  0
ENDBLK
  5
A04
330
A02
100
AcDbEntity
  8
0
100
AcDbBlockEnd
  0
BLOCK
  5
A0F
330
A0E
100
AcDbEntity
  8
0
100
AcDbBlockBegin
  2
*D15
 70
     1
 10
0.0
 20
0.0
 30
0.0
  3
*D15
  1

  0
LINE
  5
A11
330
A0E
100
AcDbEntity
  8
Tavolo 3
 62
     0
370
    -2
100
AcDbLine
 10
5486.971081423467
 20
2530.122579586646
 30
0.0
 11
5715.310745615378
 21
2877.811621253956
 31
0.0
  0
LINE
  5
A12
330
A0E
100
AcDbEntity
  8
Tavolo 3
 62
     0
370
    -2
100
AcDbLine
 10
6247.366942682575
 20
3944.413068081676
 30
0.0
 11
6083.265889598454
 21
3562.186019960418
 31
0.0
  0
ARC
  5
A13
330
A0E
100
AcDbEntity
  8
Tavolo 3
 62
     0
370
    -2
100
AcDbCircle
 10
5929.403601723592
 20
3203.807283161913
 30
0.0
 40
391.2614390878547
100
AcDbArc
 50
237.0717783317947
 51
66.39866519327508
  0
SOLID
  5
A14
330
A0E
100
AcDbEntity
  8
Tavolo 3
 62
     0
100
AcDbTrace
 10
5716.946210029944
 20
2875.750131879301
 30
0.0
 11
5716.49098775327
 21
2875.052122478746
 31
0.0
 12
5714.624570689942
 22
2876.766794009048
 32
0.0
 13
5714.624570689942
 23
2876.766794009048
 33
0.0
  0
SOLID
  5
A15
330
A0E
100
AcDbEntity
  8
Tavolo 3
 62
     0
100
AcDbTrace
 10
6086.218693384394
 20
3562.723379054677
 30
0.0
 11
6085.887492737357
 21
3561.958689198692
 31
0.0
 12
6083.75902349292
 22
3563.334636067797
 32
0.0
 13
6083.75902349292
 23
3563.334636067797
 33
0.0
  0
MTEXT
  5
A16
330
A0E
100
AcDbEntity
  8
Tavolo 3
 62
     0
100
AcDbMText
 10
6272.362960694478
 20
3019.414558143275
 30
0.0
 40
2.5
 41
0.0
 46
0.0
 71
     5
 72
     1
  1
190%%d
 11
0.473546858618346
 21
0.8807686260833184
 31
0.0
 73
     1
 44
1.0
  0
POINT
  5
A17
330
A0E
100
AcDbEntity
  8
Defpoints
 62
     0
100
AcDbPoint
 10
5929.403601723592
 20
3203.807283161913
 30
0.0
  0
POINT
  5
A18
330
A0E
100
AcDbEntity
  8
Defpoints
 62
     0
100
AcDbPoint
 10
5486.627993960748
 20
2529.600165964192
 30
0.0
  0
POINT
  5
A19
330
A0E
100
AcDbEntity
  8
Defpoints
 62
     0
100
AcDbPoint
 10
6247.613509629809
 20
3944.987376135365
 30
0.0
  0
POINT
  5
A1A
330
A0E
100
AcDbEntity
  8
Defpoints
 62
     0
100
AcDbPoint
 10
6125.381414026529
 20
2865.165568658142
 30
0.0
  0
ENDBLK
  5
A10
330
A0E
100
AcDbEntity
  8
0
100
AcDbBlockEnd
  0
BLOCK
  5
A1C
330
A1B
100
AcDbEntity
  8
0
100
AcDbBlockBegin
  2
*D16
 70
     1
 10
0.0
 20
0.0
 30
0.0
  3
*D16
  1

  0
LINE
  5
A1E
330
A1B
100
AcDbEntity
  8
Tavolo 3
 62
     0
370
    -2
100
AcDbLine
 10
3870.158843413767
 20
4177.649923262783
 30
0.0
 11
4413.204363822768
 21
4177.649923262783
 31
0.0
  0
MTEXT
  5
A1F
330
A1B
100
AcDbEntity
  8
Tavolo 3
 62
     0
100
AcDbMText
 10
4405.912697156101
 20
4179.733256596116
 30
0.0
 40
2.5
 41
0.0
 46
0.0
 71
     5
 72
     1
  1
4177,65
 73
     1
 44
1.0
  0
POINT
  5
A20
330
A1B
100
AcDbEntity
  8
Defpoints
 62
     0
100
AcDbPoint
 10
3869.533843413767
 20
4177.649923262783
 30
0.0
  0
POINT
  5
A21
330
A1B
100
AcDbEntity
  8
Defpoints
 62
     0
100
AcDbPoint
 10
4397.996030489434
 20
4177.649923262783
 30
0.0
  0
POINT
  5
A22
330
A1B
100
AcDbEntity
  8
Defpoints
 62
     0
100
AcDbPoint
 10
0.0
 20
0.0
 30
0.0
  0
ENDBLK
  5
A1D
330
A1B
100
AcDbEntity
  8
0
100
AcDbBlockEnd
  0
BLOCK
  5
A24
330
A23
100
AcDbEntity
  8
0
100
AcDbBlockBegin
  2
*D17
 70
     1
 10
0.0
 20
0.0
 30
0.0
  3
*D17
  1

  0
LINE
  5
A26
330
A23
100
AcDbEntity
  8
Tavolo 3
 62
     0
370
    -2
100
AcDbLine
 10
4630.519359082828
 20
4515.053949653963
 30
0.0
 11
4630.519359082828
 21
4208.776713909551
 31
0.0
  0
LINE
  5
A27
330
A23
100
AcDbEntity
  8
Tavolo 3
 62
     0
370
    -2
100
AcDbLine
 10
4630.519359082828
 20
4208.776713909551
 30
0.0
 11
4820.765738000104
 21
4203.776713909551
 31
0.0
  0
LINE
  5
A28
330
A23
100
AcDbEntity
  8
Tavolo 3
 62
     0
370
    -2
100
AcDbLine
 10
4820.765738000104
 20
4203.776713909551
 30
0.0
 11
4820.765738000104
 21
4183.151713909551
 31
0.0
  0
MTEXT
  5
A29
330
A23
100
AcDbEntity
  8
Tavolo 3
 62
     0
100
AcDbMText
 10
4818.682404666771
 20
4190.651713909553
 30
0.0
 40
2.5
 41
0.0
 46
0.0
 71
     5
 72
     1
  1
4630,52
 11
0.0
 21
1.0
 31
0.0
 73
     1
 44
1.0
  0
POINT
  5
A2A
330
A23
100
AcDbEntity
  8
Defpoints
 62
     0
100
AcDbPoint
 10
4630.519359082828
 20
4515.678949653964
 30
0.0
  0
POINT
  5
A2B
330
A23
100
AcDbEntity
  8
Defpoints
 62
     0
100
AcDbPoint
 10
4820.765738000104
 20
4198.776713909552
 30
0.0
  0
POINT
  5
A2C
330
A23
100
AcDbEntity
  8
Defpoints
 62
     0
100
AcDbPoint
 10
0.0
 20
0.0
 30
0.0
  0
ENDBLK
  5
A25
330
A23
100
AcDbEntity
  8
0
100
AcDbBlockEnd
  0
BLOCK
  5
A2E
330
A2D
100
AcDbEntity
  8
0
100
AcDbBlockBegin
  2
*D18
 70
     1
 10
0.0
 20
0.0
 30
0.0
  3
*D18
  1

  0
ARC
  5
A30
330
A2D
100
AcDbEntity
  8
Tavolo 3
 62
     0
370
    -2
100
AcDbCircle
 10
490.6216519543077
 20
4118.24274338716
 30
0.0
 40
487.1948908877115
100
AcDbArc
 50
143.043931497327
 51
250.455913812345
  0
SOLID
  5
A31
330
A2D
100
AcDbEntity
  8
Tavolo 3
 62
     0
100
AcDbTrace
 10
101.6381275200536
 20
4410.894171934517
 30
0.0
 11
100.9735012066859
 21
4411.396880904025
 31
0.0
 12
102.8139412718934
 22
4413.139405359374
 32
0.0
 13
102.8139412718934
 23
4413.139405359374
 33
0.0
  0
SOLID
  5
A32
330
A2D
100
AcDbEntity
  8
Tavolo 3
 62
     0
100
AcDbTrace
 10
327.5009537115412
 20
3658.724879176104
 30
0.0
 11
327.7777146202883
 21
3659.51091215495
 31
0.0
 12
329.9974331024536
 22
3658.287612939286
 32
0.0
 13
329.9974331024536
 23
3658.287612939286
 33
0.0
  0
MTEXT
  5
A33
330
A2D
100
AcDbEntity
  8
Tavolo 3
 62
     0
100
AcDbMText
 10
25.8930348008785
 20
3978.375989332018
 30
0.0
 40
2.5
 41
0.0
 46
0.0
 71
     5
 72
     1
  1
108%%d
 11
0.288194975481652
 21
-0.9575717498480883
 31
0.0
 73
     1
 44
1.0
  0
POINT
  5
A34
330
A2D
100
AcDbEntity
  8
Defpoints
 62
     0
100
AcDbPoint
 10
3.542714605045603
 20
4128.871501442696
 30
0.0
  0
POINT
  5
A35
330
A2D
100
AcDbEntity
  8
Defpoints
 62
     0
100
AcDbPoint
 10
172.7442546208081
 20
3207.985617767696
 30
0.0
  0
POINT
  5
A36
330
A2D
100
AcDbEntity
  8
Defpoints
 62
     0
100
AcDbPoint
 10
490.6216519543077
 20
4118.24274338716
 30
0.0
  0
POINT
  5
A37
330
A2D
100
AcDbEntity
  8
Defpoints
 62
     0
100
AcDbPoint
 10
-276.8548009664508
 20
4701.847034571434
 30
0.0
  0
POINT
  5
A38
330
A2D
100
AcDbEntity
  8
Defpoints
 62
     0
100
AcDbPoint
 10
490.6216519543077
 20
4118.24274338716
 30
0.0
  0
ENDBLK
  5
A2F
330
A2D
100
AcDbEntity
  8
0
100
AcDbBlockEnd
  0
BLOCK
  5
A3A
330
A39
100
AcDbEntity
  8
0
100
AcDbBlockBegin
  2
*D19
 70
     1
 10
0.0
 20
0.0
 30
0.0
  3
*D19
  1

  0
LINE
  5
A3C
330
A39
100
AcDbEntity
  8
Tavolo 3
 62
     0
370
    -2
100
AcDbLine
 10
-277.4798009664508
 20
4701.847034571434
 30
0.0
 11
-770.9329392035434
 21
4701.847034571434
 31
0.0
  0
LINE
  5
A3D
330
A39
100
AcDbEntity
  8
Tavolo 3
 62
     0
370
    -2
100
AcDbLine
 10
-770.9329392035434
 20
4701.847034571434
 30
0.0
 11
-775.9329392035434
 21
4621.313010328624
 31
0.0
  0
LINE
  5
A3E
330
A39
100
AcDbEntity
  8
Tavolo 3
 62
     0
370
    -2
100
AcDbLine
 10
-775.9329392035434
 20
4621.313010328624
 30
0.0
 11
-795.7246058702101
 21
4621.313010328624
 31
0.0
  0
MTEXT
  5
A3F
330
A39
100
AcDbEntity
  8
Tavolo 3
 62
     0
100
AcDbMText
 10
-788.6412725368767
 20
4623.396343661957
 30
0.0
 40
2.5
 41
0.0
 46
0.0
 71
     5
 72
     1
  1
4701,85
 73
     1
 44
1.0
  0
POINT
  5
A40
330
A39
100
AcDbEntity
  8
Defpoints
 62
     0
100
AcDbPoint
 10
-276.8548009664508
 20
4701.847034571434
 30
0.0
  0
POINT
  5
A41
330
A39
100
AcDbEntity
  8
Defpoints
 62
     0
100
AcDbPoint
 10
-780.9329392035434
 20
4621.313010328624
 30
0.0
  0
POINT
  5
A42
330
A39
100
AcDbEntity
  8
Defpoints
 62
     0
100
AcDbPoint
 10
0.0
 20
0.0
 30
0.0
  0
ENDBLK
  5
A3B
330
A39
100
AcDbEntity
  8
0
100
AcDbBlockEnd
  0
BLOCK
  5
A44
330
A43
100
AcDbEntity
  8
0
100
AcDbBlockBegin
  2
*D20
 70
     1
 10
0.0
 20
0.0
 30
0.0
  3
*D20
  1

  0
LINE
  5
A46
330
A43
100
AcDbEntity
  8
0
 62
     0
370
    -2
100
AcDbLine
 10
-1069.058731770188
 20
4151.652196884143
 30
0.0
 11
-1069.058731770188
 21
2782.030182684131
 31
0.0
  0
LINE
  5
A47
330
A43
100
AcDbEntity
  8
0
 62
     0
370
    -2
100
AcDbLine
 10
-791.1912341074084
 20
3228.395066817358
 30
0.0
 11
-791.1912341074084
 21
2782.030182684131
 31
0.0
  0
LINE
  5
A48
330
A43
100
AcDbEntity
  8
0
 62
     0
370
    -2
100
AcDbLine
 10
-1066.558731770188
 20
2783.280182684131
 30
0.0
 11
-793.6912341074084
 21
2783.280182684131
 31
0.0
  0
SOLID
  5
A49
330
A43
100
AcDbEntity
  8
0
 62
     0
100
AcDbTrace
 10
-1066.558731770188
 20
2783.696849350798
 30
0.0
 11
-1066.558731770188
 21
2782.863516017465
 31
0.0
 12
-1069.058731770188
 22
2783.280182684131
 32
0.0
 13
-1069.058731770188
 23
2783.280182684131
 33
0.0
  0
SOLID
  5
A4A
330
A43
100
AcDbEntity
  8
0
 62
     0
100
AcDbTrace
 10
-793.6912341074084
 20
2782.863516017465
 30
0.0
 11
-793.6912341074084
 21
2783.696849350798
 31
0.0
 12
-791.1912341074084
 22
2783.280182684131
 32
0.0
 13
-791.1912341074084
 23
2783.280182684131
 33
0.0
  0
MTEXT
  5
A4B
330
A43
100
AcDbEntity
  8
0
 62
     0
100
AcDbMText
 10
-930.1249829387982
 20
2785.363516017465
 30
0.0
 40
2.5
 41
0.0
 46
0.0
 71
     5
 72
     1
  1
277,87
 73
     1
 44
1.0
  0
POINT
  5
A4C
330
A43
100
AcDbEntity
  8
Defpoints
 62
     0
100
AcDbPoint
 10
-1069.058731770188
 20
4152.277196884143
 30
0.0
  0
POINT
  5
A4D
330
A43
100
AcDbEntity
  8
Defpoints
 62
     0
100
AcDbPoint
 10
-791.1912341074084
 20
3229.020066817358
 30
0.0
  0
POINT
  5
A4E
330
A43
100
AcDbEntity
  8
Defpoints
 62
     0
100
AcDbPoint
 10
-791.1912341074084
 20
2783.280182684131
 30
0.0
  0
ENDBLK
  5
A45
330
A43
100
AcDbEntity
  8
0
100
AcDbBlockEnd
  0
BLOCK
  5
A50
330
A4F
100
AcDbEntity
  8
0
100
AcDbBlockBegin
  2
*D21
 70
     1
 10
0.0
 20
0.0
 30
0.0
  3
*D21
  1

  0
LINE
  5
A52
330
A4F
100
AcDbEntity
  8
0
 62
     0
370
    -2
100
AcDbLine
 10
-791.1912341074084
 20
3228.395066817358
 30
0.0
 11
-791.1912341074083
 21
2782.030182684131
 31
0.0
  0
LINE
  5
A53
330
A4F
100
AcDbEntity
  8
0
 62
     0
370
    -2
100
AcDbLine
 10
-276.8548009664508
 20
4701.222034571434
 30
0.0
 11
-276.8548009664508
 21
2782.030182684131
 31
0.0
  0
LINE
  5
A54
330
A4F
100
AcDbEntity
  8
0
 62
     0
370
    -2
100
AcDbLine
 10
-788.6912341074083
 20
2783.280182684131
 30
0.0
 11
-279.3548009664508
 21
2783.280182684131
 31
0.0
  0
SOLID
  5
A55
330
A4F
100
AcDbEntity
  8
0
 62
     0
100
AcDbTrace
 10
-788.6912341074083
 20
2783.696849350798
 30
0.0
 11
-788.6912341074083
 21
2782.863516017465
 31
0.0
 12
-791.1912341074083
 22
2783.280182684131
 32
0.0
 13
-791.1912341074083
 23
2783.280182684131
 33
0.0
  0
SOLID
  5
A56
330
A4F
100
AcDbEntity
  8
0
 62
     0
100
AcDbTrace
 10
-279.3548009664508
 20
2782.863516017465
 30
0.0
 11
-279.3548009664508
 21
2783.696849350798
 31
0.0
 12
-276.8548009664508
 22
2783.280182684131
 32
0.0
 13
-276.8548009664508
 23
2783.280182684131
 33
0.0
  0
MTEXT
  5
A57
330
A4F
100
AcDbEntity
  8
0
 62
     0
100
AcDbMText
 10
-534.0230175369295
 20
2785.363516017465
 30
0.0
 40
2.5
 41
0.0
 46
0.0
 71
     5
 72
     1
  1
514,34
 73
     1
 44
1.0
  0
POINT
  5
A58
330
A4F
100
AcDbEntity
  8
Defpoints
 62
     0
100
AcDbPoint
 10
-791.1912341074084
 20
3229.020066817358
 30
0.0
  0
POINT
  5
A59
330
A4F
100
AcDbEntity
  8
Defpoints
 62
     0
100
AcDbPoint
 10
-276.8548009664508
 20
4701.847034571434
 30
0.0
  0
POINT
  5
A5A
330
A4F
100
AcDbEntity
  8
Defpoints
 62
     0
100
AcDbPoint
 10
-276.8548009664508
 20
2783.280182684131
 30
0.0
  0
ENDBLK
  5
A51
330
A4F
100
AcDbEntity
  8
0
100
AcDbBlockEnd
  0
BLOCK
  5
A5C
330
A5B
100
AcDbEntity
  8
0
100
AcDbBlockBegin
  2
*D22
 70
     1
 10
0.0
 20
0.0
 30
0.0
  3
*D22
  1

  0
LINE
  5
A5E
330
A5B
100
AcDbEntity
  8
Tavolo 3
 62
     0
370
    -2
100
AcDbLine
 10
-276.8548009664508
 20
4701.222034571434
 30
0.0
 11
-276.8548009664508
 21
2782.030182684131
 31
0.0
  0
LINE
  5
A5F
330
A5B
100
AcDbEntity
  8
Tavolo 3
 62
     0
370
    -2
100
AcDbLine
 10
172.7442546208081
 20
3207.360617767696
 30
0.0
 11
172.7442546208081
 21
2782.030182684131
 31
0.0
  0
LINE
  5
A60
330
A5B
100
AcDbEntity
  8
Tavolo 3
 62
     0
370
    -2
100
AcDbLine
 10
-274.3548009664508
 20
2783.280182684131
 30
0.0
 11
170.2442546208081
 21
2783.280182684131
 31
0.0
  0
SOLID
  5
A61
330
A5B
100
AcDbEntity
  8
Tavolo 3
 62
     0
100
AcDbTrace
 10
-274.3548009664508
 20
2783.696849350798
 30
0.0
 11
-274.3548009664508
 21
2782.863516017465
 31
0.0
 12
-276.8548009664508
 22
2783.280182684131
 32
0.0
 13
-276.8548009664508
 23
2783.280182684131
 33
0.0
  0
SOLID
  5
A62
330
A5B
100
AcDbEntity
  8
Tavolo 3
 62
     0
100
AcDbTrace
 10
170.2442546208081
 20
2782.863516017465
 30
0.0
 11
170.2442546208081
 21
2783.696849350798
 31
0.0
 12
172.7442546208081
 22
2783.280182684131
 32
0.0
 13
172.7442546208081
 23
2783.280182684131
 33
0.0
  0
MTEXT
  5
A63
330
A5B
100
AcDbEntity
  8
Tavolo 3
 62
     0
100
AcDbMText
 10
-52.05527317282136
 20
2785.363516017465
 30
0.0
 40
2.5
 41
0.0
 46
0.0
 71
     5
 72
     1
  1
449,6
 73
     1
 44
1.0
  0
POINT
  5
A64
330
A5B
100
AcDbEntity
  8
Defpoints
 62
     0
100
AcDbPoint
 10
-276.8548009664508
 20
4701.847034571434
 30
0.0
  0
POINT
  5
A65
330
A5B
100
AcDbEntity
  8
Defpoints
 62
     0
100
AcDbPoint
 10
172.7442546208081
 20
3207.985617767696
 30
0.0
  0
POINT
  5
A66
330
A5B
100
AcDbEntity
  8
Defpoints
 62
     0
100
AcDbPoint
 10
172.7442546208081
 20
2783.280182684131
 30
0.0
  0
ENDBLK
  5
A5D
330
A5B
100
AcDbEntity
  8
0
100
AcDbBlockEnd
  0
BLOCK
  5
A68
330
A67
100
AcDbEntity
  8
0
100
AcDbBlockBegin
  2
*D23
 70
     1
 10
0.0
 20
0.0
 30
0.0
  3
*D23
  1

  0
LINE
  5
A6A
330
A67
100
AcDbEntity
  8
0
 62
     0
370
    -2
100
AcDbLine
 10
172.7442546208081
 20
3207.360617767696
 30
0.0
 11
172.7442546208081
 21
2782.030182684131
 31
0.0
  0
LINE
  5
A6B
330
A67
100
AcDbEntity
  8
0
 62
     0
370
    -2
100
AcDbLine
 10
490.6216519543077
 20
4117.61774338716
 30
0.0
 11
490.6216519543077
 21
2782.030182684131
 31
0.0
  0
LINE
  5
A6C
330
A67
100
AcDbEntity
  8
0
 62
     0
370
    -2
100
AcDbLine
 10
175.2442546208081
 20
2783.280182684131
 30
0.0
 11
488.1216519543077
 21
2783.280182684131
 31
0.0
  0
SOLID
  5
A6D
330
A67
100
AcDbEntity
  8
0
 62
     0
100
AcDbTrace
 10
175.2442546208081
 20
2783.696849350798
 30
0.0
 11
175.2442546208081
 21
2782.863516017465
 31
0.0
 12
172.7442546208081
 22
2783.280182684131
 32
0.0
 13
172.7442546208081
 23
2783.280182684131
 33
0.0
  0
SOLID
  5
A6E
330
A67
100
AcDbEntity
  8
0
 62
     0
100
AcDbTrace
 10
488.1216519543077
 20
2782.863516017465
 30
0.0
 11
488.1216519543077
 21
2783.696849350798
 31
0.0
 12
490.6216519543077
 22
2783.280182684131
 32
0.0
 13
490.6216519543077
 23
2783.280182684131
 33
0.0
  0
MTEXT
  5
A6F
330
A67
100
AcDbEntity
  8
0
 62
     0
100
AcDbMText
 10
331.6829532875579
 20
2785.363516017465
 30
0.0
 40
2.5
 41
0.0
 46
0.0
 71
     5
 72
     1
  1
317,88
 73
     1
 44
1.0
  0
POINT
  5
A70
330
A67
100
AcDbEntity
  8
Defpoints
 62
     0
100
AcDbPoint
 10
172.7442546208081
 20
3207.985617767696
 30
0.0
  0
POINT
  5
A71
330
A67
100
AcDbEntity
  8
Defpoints
 62
     0
100
AcDbPoint
 10
490.6216519543077
 20
4118.24274338716
 30
0.0
  0
POINT
  5
A72
330
A67
100
AcDbEntity
  8
Defpoints
 62
     0
100
AcDbPoint
 10
490.6216519543077
 20
2783.280182684131
 30
0.0
  0
ENDBLK
  5
A69
330
A67
100
AcDbEntity
  8
0
100
AcDbBlockEnd
  0
ENDSEC
  0
SECTION
  2
ENTITIES
  0
SPLINE
  5
9A
330
2F
100
AcDbEntity
  8
Tavolo 2
100
AcDbSpline
210
0.0
220
0.0
230
1.0
 70
  1064
 71
     3
 72
    12
 73
     8
 74
     6
 42
0.0000000001
 43
0.0000000001
 44
0.0000000001
 12
-0.8122360233169472
 22
-0.5833289315868635
 32
0.0
 13
-0.03604137214685257
 23
-0.9993502986909907
 33
0.0
 40
0.0
 40
0.0
 40
0.0
 40
0.0
 40
435.9284960592314
 40
936.085340206339
 40
1812.54329403786
 40
2010.593961861958
 40
2443.398157005357
 40
2443.398157005357
 40
2443.398157005357
 40
2443.398157005357
 10
-1160.70828949499
 20
1466.29959801825
 30
0.0
 10
-1278.733898858219
 20
1381.536363400083
 30
0.0
 10
-393.9544459252915
 20
1231.131526494543
 30
0.0
 10
-1793.156271927829
 20
719.5692228288901
 30
0.0
 10
-936.5505143705682
 20
1967.430418368798
 30
0.0
 10
-1656.363244849999
 20
1879.620298503902
 30
0.0
 10
-1444.406509911975
 20
1581.117926364117
 30
0.0
 10
-1449.606128933269
 20
1436.943592467027
 30
0.0
 11
-1160.70828949499
 21
1466.29959801825
 31
0.0
 11
-803.2584206390579
 21
1216.773557430618
 31
0.0
 11
-1263.536333621469
 21
1021.066859620477
 31
0.0
 11
-1297.812348330296
 21
1896.854333640411
 31
0.0
 11
-1493.675290112675
 21
1867.498328089189
 31
0.0
 11
-1449.606128933269
 21
1436.943592467027
 31
0.0
  0
LWPOLYLINE
  5
9B
330
2F
100
AcDbEntity
  8
Tavolo 2
100
AcDbPolyline
 90
        7
 70
     1
 43
0.0
 10
571.6812651496753
 20
1289.727758628673
 10
950.4337964778983
 20
1016.513309439171
 10
797.0517376842868
 20
941.8483272855899
 10
600.4080708725392
 20
989.0051576564304
 10
478.4890027274623
 20
1142.264860760167
 10
918.970809952963
 20
1130.475653167456
 10
571.6812651496753
 20
1289.727758628673
  0
LWPOLYLINE
  5
9C
330
2F
100
AcDbEntity
  8
Tavolo 2
100
AcDbPolyline
 90
        5
 70
     1
 43
0.0
 10
2370.860839692559
 20
1518.860392139665
 10
2792.303947240946
 20
1518.860392139665
 10
2792.303947240946
 20
225.8144520839298
 10
1998.999274451253
 20
37.55488961002357
 10
2370.860839692559
 20
1518.860392139665
1001
ACAD_MATERIAL_MAPPER_
1002
{
1070
     0
1002
}
  0
LWPOLYLINE
  5
9D
330
2F
100
AcDbEntity
  8
Tavolo 3
100
AcDbPolyline
 90
        7
 70
     1
 43
0.0
 10
1403.271282119223
 20
1189.00937966363
 10
1394.543262823821
 20
1405.563510462794
 10
1202.637874609587
 20
1506.281889427837
 10
1019.460505690754
 20
1390.446137593716
 10
1028.188524986156
 20
1173.892006794553
 10
1220.093913200391
 20
1073.17362782951
 10
1403.271282119223
 20
1189.00937966363
  0
ARC
  5
9E
330
2F
100
AcDbEntity
  8
Tavolo 2
100
AcDbCircle
 10
1061.049489167742
 20
1142.369513054377
 30
0.0
 40
830.6389483702103
100
AcDbArc
 50
264.9225334366026
 51
117.2958904559565
  0
LWPOLYLINE
  5
9F
330
2F
100
AcDbEntity
  8
Tavolo 2
100
AcDbPolyline
 90
       26
 70
     1
 43
0.0
 10
-1099.847117679494
 20
919.4023138299001
 42
-0.5205670595169067
 10
-1050.6067538955
 20
910.7197695933316
 42
-0.5205670595169067
 10
-1001.486467006038
 20
901.3818139339332
 42
-0.5205670595169067
 10
-952.732099807183
 20
890.2907509082692
 42
-0.5205670595169067
 10
-904.1131962016564
 20
878.6201805624588
 42
-0.5205670595169067
 10
-855.4942925961298
 20
866.9496102166485
 42
-0.5205670595169067
 10
-806.519981439909
 20
856.874053320195
 42
-0.5205670595169067
 10
-772.3446216199325
 20
820.3768646452418
 42
-0.5205670595169067
 10
-755.4631913886541
 20
773.3128942076928
 42
-0.5205670595169067
 10
-744.6744039547706
 20
724.490746920765
 42
-0.5205670595169067
 10
-733.829885799981
 20
675.6809484578494
 42
-0.5205670595169067
 10
-728.4032579054519
 20
625.9763037081449
 42
-0.5205670595169067
 10
-747.013624119189
 20
579.5688229599875
 42
-0.5205670595169067
 10
-781.7894472016382
 20
543.643314905985
 42
-0.5205670595169067
 10
-830.8833972641454
 20
534.1678694146085
 42
-0.5205670595169067
 10
-880.869616074594
 20
532.9940171947985
 42
-0.5205670595169067
 10
-930.8696124365532
 20
532.9749435463748
 42
-0.5205670595169067
 10
-979.1347258798531
 20
546.0316975191424
 42
-0.5205670595169067
 10
-1018.905479366983
 20
576.3349509264244
 42
-0.5205670595169067
 10
-1049.965703103668
 20
615.5173768521771
 42
-0.5205670595169067
 10
-1075.265976350114
 20
658.6438904332118
 42
-0.5205670595169067
 10
-1088.674420537856
 20
706.8124862656024
 42
-0.5205670595169067
 10
-1099.768051335695
 20
755.5662692544253
 42
-0.5205670595169067
 10
-1099.834162620997
 20
805.5662255473857
 42
-0.5205670595169067
 10
-1099.84607297436
 20
855.5662241288205
 42
-0.5205670595169067
 10
-1099.847117679494
 20
919.4023138299001
  0
TEXT
  5
A0
330
2F
100
AcDbEntity
  8
Tavolo 3
100
AcDbText
 10
5881.252623040076
 20
1296.904699727624
 30
0.0
 40
100.0
  1
teksto simpla
100
AcDbText
  0
ATTDEF
  5
A1
330
2F
100
AcDbEntity
  8
Tavolo 3
100
AcDbText
 10
1190.160488594556
 20
4832.124366847816
 30
0.0
 40
100.0
  1
valoro
100
AcDbAttributeDefinition
  3
invitilo
  2
ETIKEDO
 70
     0
280
     0
  0
LWPOLYLINE
  5
A2
330
2F
100
AcDbEntity
  8
Tavolo 3
100
AcDbPolyline
 90
        5
 70
     1
 43
0.0
 10
-3088.145449163752
 20
5441.204240095531
 10
11211.62993268471
 20
5441.204240095531
 10
11211.62993268471
 20
-3064.577269769421
 10
-3088.145449163752
 20
-3064.577269769421
 10
-3088.145449163752
 20
5441.204240095531
  0
ELLIPSE
  5
A3
330
2F
100
AcDbEntity
  8
Tavolo 3
100
AcDbEllipse
 10
3532.16682102557
 20
2904.260916516108
 30
0.0
 11
-1220.86564321991
 21
355.801760369639
 31
0.0
210
0.0
220
0.0
230
1.0
 40
0.5120328285529597
 41
0.0
 42
6.283185482025146
  0
POINT
  5
A5
330
2F
100
AcDbEntity
  8
Tavolo 3
100
AcDbPoint
 10
3385.39238329175
 20
3206.071452770084
 30
0.0
  0
MTEXT
  5
A6
330
2F
100
AcDbEntity
  8
Tavolo 3
100
AcDbMText
 10
6909.323543582497
 20
4954.117753698214
 30
0.0
 40
50.0
 41
1465.765284540372
 46
0.0
 71
     1
 72
     5
  1
Teksto granda nur por testi.\PAlia linio.\PAlia pli.
 73
     1
 44
1.0
  0
INSERT
  5
A7
330
2F
100
AcDbEntity
  8
Tavolo 3
100
AcDbBlockReference
 66
     1
  2
bloko
 10
3642.137357931104
 20
6066.049566611793
 30
0.0
  0
ATTRIB
  5
A8
330
A7
100
AcDbEntity
  8
Tavolo 3
100
AcDbText
 10
3352.919670555355
 20
5847.99500585132
 30
0.0
 40
100.0
  1
valoro de la teksto en bloko
100
AcDbAttribute
  2
ETIKEDO
 70
     0
280
     0
  0
SEQEND
  5
A9
330
A7
100
AcDbEntity
  8
Tavolo 3
  0
LWPOLYLINE
  5
AA
330
2F
100
AcDbEntity
  8
Tavolo 3
100
AcDbPolyline
 90
        5
 70
     1
 43
0.0
 10
5082.692730626928
 20
-160.8166957610229
 10
6444.577551502647
 20
-160.8166957610229
 10
6444.577551502647
 20
-1374.501778955928
 10
5082.692730626928
 20
-1374.501778955928
 10
5082.692730626928
 20
-160.8166957610229
  0
LWPOLYLINE
  5
AB
330
2F
100
AcDbEntity
  8
Tavolo 3
100
AcDbPolyline
 90
        6
 70
     1
 43
0.0
 10
8503.411210234932
 20
2005.484861401841
 10
9133.758785289232
 20
1548.847407079891
 10
8692.515463965872
 20
934.7487236098896
 10
8156.720015777042
 20
1344.147829225134
 10
8235.51348614051
 20
1879.515898121106
 10
8503.411210234932
 20
2005.484861401841
  0
LWPOLYLINE
  5
AC
330
2F
100
AcDbEntity
  8
Tavolo 2
100
AcDbPolyline
 90
        5
 70
     1
 43
0.0
 10
8752.364375970763
 20
3390.765846857583
 10
9130.411047620888
 20
3390.765846857583
 10
9130.411047620888
 20
2685.641710934768
 10
8752.364375970763
 20
2685.641710934768
 10
8752.364375970763
 20
3390.765846857583
  0
LWPOLYLINE
  5
AD
330
2F
100
AcDbEntity
  8
Tavolo 3
100
AcDbPolyline
 90
       14
 70
     1
 43
0.0
 10
-695.1965668706109
 20
-2203.551450507658
 10
-512.5000565046332
 20
-1800.15273506328
 10
-538.1990611749568
 20
-1358.057609913687
 10
-766.4062486181903
 20
-978.54474040683
 10
-1144.842102385832
 20
-748.5559513208494
 10
-1586.811529026151
 20
-720.778902569973
 10
-1991.064659204836
 20
-901.5769812733005
 10
-2264.991972576295
 20
-1249.531526452946
 10
-2345.840022829117
 20
-1684.930345115097
 10
-2215.087495975008
 20
-2108.028815028834
 10
-1902.688220177477
 20
-2421.900175626226
 10
-1480.209104702341
 20
-2554.640280754353
 10
-1044.435023479676
 20
-2475.839972020044
 10
-695.1965668706109
 20
-2203.551450507658
  0
ARC
  5
AE
330
2F
100
AcDbEntity
  8
Tavolo 3
100
AcDbCircle
 10
5929.403601723592
 20
3203.807283161913
 30
0.0
 40
806.6011875207088
100
AcDbArc
 50
236.7056811953505
 51
66.76476232971925
  0
INSERT
  5
AF
330
2F
100
AcDbEntity
  8
Tavolo 3
100
AcDbBlockReference
  2
CIRKLO_PUNKTOJ
 10
8482.03056736465
 20
-1381.341268226861
 30
0.0
  0
INSERT
  5
B0
330
2F
100
AcDbEntity
  8
Tavolo 3
100
AcDbBlockReference
  2
CIRKLO_PUNKTOJ
 10
8482.03056736465
 20
-1582.968414015893
 30
0.0
  0
INSERT
  5
B1
330
2F
100
AcDbEntity
  8
Tavolo 3
100
AcDbBlockReference
  2
CIRKLO_PUNKTOJ
 10
8688.507233303753
 20
-1381.341268226861
 30
0.0
  0
INSERT
  5
B2
330
2F
100
AcDbEntity
  8
Tavolo 3
100
AcDbBlockReference
  2
CIRKLO_PUNKTOJ
 10
8688.507233303753
 20
-1582.968414015893
 30
0.0
  0
INSERT
  5
B3
330
2F
100
AcDbEntity
  8
Tavolo 3
100
AcDbBlockReference
  2
CIRKLO_PUNKTOJ
 10
8894.983899242856
 20
-1381.341268226861
 30
0.0
  0
INSERT
  5
B4
330
2F
100
AcDbEntity
  8
Tavolo 3
100
AcDbBlockReference
  2
CIRKLO_PUNKTOJ
 10
8894.983899242856
 20
-1582.968414015893
 30
0.0
  0
INSERT
  5
B5
330
2F
100
AcDbEntity
  8
Tavolo 3
100
AcDbBlockReference
  2
CIRKLO_PUNKTOJ
 10
9101.460565181958
 20
-1381.341268226861
 30
0.0
  0
INSERT
  5
B6
330
2F
100
AcDbEntity
  8
Tavolo 3
100
AcDbBlockReference
  2
CIRKLO_PUNKTOJ
 10
9101.460565181958
 20
-1582.968414015893
 30
0.0
  0
HATCH
  5
B7
330
2F
100
AcDbEntity
  8
Tavolo 3
100
AcDbHatch
 10
0.0
 20
0.0
 30
0.0
210
0.0
220
0.0
230
1.0
  2
ANGLE
 70
     0
 71
     0
 91
        1
 92
        2
 72
     0
 73
     1
 93
        6
 10
1403.271282119223
 20
1189.00937966363
 10
1394.543262823821
 20
1405.563510462794
 10
1202.637874609587
 20
1506.281889427837
 10
1019.460505690754
 20
1390.446137593716
 10
1028.188524986156
 20
1173.892006794553
 10
1220.093913200391
 20
1073.17362782951
 97
        0
 75
     0
 76
     1
 52
0.0
 41
2.0
 77
     0
 78
     2
 53
0.0
 43
0.0
 44
0.0
 45
0.0000000000000009
 46
13.97
 79
     2
 49
10.16
 49
-3.81
 53
90.0
 43
0.0
 44
0.0
 45
-13.97
 46
0.0000000000000017
 79
     2
 49
10.16
 49
-3.81
 98
        0
  0
LINE
  5
B8
330
2F
100
AcDbEntity
  8
Tavolo 3
100
AcDbLine
 10
8445.647190576812
 20
104.6775475821341
 30
0.0
 11
8025.993874877313
 21
-346.8962774037645
 31
0.0
  0
LINE
  5
B9
330
2F
100
AcDbEntity
  8
Tavolo 3
100
AcDbLine
 10
8735.804242404512
 20
81.17005841116043
 30
0.0
 11
8316.150926705013
 21
-370.4037665747383
 31
0.0
  0
LINE
  5
BA
330
2F
100
AcDbEntity
  8
Tavolo 3
100
AcDbLine
 10
9049.487506137855
 20
73.33421198940778
 30
0.0
 11
8629.834190438356
 21
-378.2396129964909
 31
0.0
  0
LINE
  5
BB
330
2F
100
AcDbEntity
  8
Tavolo 3
100
AcDbLine
 10
9276.90796157495
 20
73.33421198940778
 30
0.0
 11
8857.254645875451
 21
-378.2396129964909
 31
0.0
  0
LINE
  5
BC
330
2F
100
AcDbEntity
  8
Tavolo 3
100
AcDbLine
 10
10351.27317273602
 20
49.82672281842679
 30
0.0
 11
9931.619857036523
 21
-401.7471021674719
 31
0.0
  0
LINE
  5
BD
330
2F
100
AcDbEntity
  8
Tavolo 3
100
AcDbLine
 10
10006.221563844
 20
57.66256924017944
 30
0.0
 11
9586.568248144496
 21
-393.9112557457192
 31
0.0
  0
LINE
  5
BE
330
2F
100
AcDbEntity
  8
Tavolo 3
100
AcDbLine
 10
9692.538300110653
 20
73.33421198940778
 30
0.0
 11
9272.884984411154
 21
-378.2396129964909
 31
0.0
  0
WIPEOUT
  5
BF
330
2F
100
AcDbEntity
  8
Tavolo 3
160
              1076
310
34040000110000000C0000000E000000120000000C00000016000000000000C20C00000014000000010000002C010000070000000C0000005097D1541B98B040FE192690A6697640000000000000000070AF41191BC2B140008F0C47A76B6040000000000000000020C67495CA12B040008C91926E9F77C000000000000000
310
00A06174F0B0DBAB4000090AC9256162400000000000000000005B8B1C60EBAB404083A55CD23281C000000000000000006024150602A2AA40009DAD59EFA76BC00000000000000000806EF35160C1AA4000D4658C22F480C00000000000000000005104F150E8A840C08B0AC787F580C00000000000000000C00626A5F2C8
310
A8408099270AF31986C00000000000000000A0566F3F6CF2A64080C51A6DC1D087C00000000000000000C01227816CC8A54080EAE73943DB85C00000000000000000202A87CC4237AC40FE4B5D7A7CE9754000000000000000000C0000000E000000040000003C00000006000000020000005097D1541B98B040FE192690A6
310
697640000000000000000070AF41191BC2B140008F0C47A76B604000000000000000003C000000060000000200000070AF41191BC2B140008F0C47A76B6040000000000000000020C67495CA12B040008C91926E9F77C000000000000000003C000000060000000200000020C67495CA12B040008C91926E9F77C000000000
310
00000000A06174F0B0DBAB4000090AC92561624000000000000000003C0000000600000002000000A06174F0B0DBAB4000090AC9256162400000000000000000005B8B1C60EBAB404083A55CD23281C000000000000000003C0000000600000002000000005B8B1C60EBAB404083A55CD23281C00000000000000000602415
310
0602A2AA40009DAD59EFA76BC000000000000000003C00000006000000020000006024150602A2AA40009DAD59EFA76BC00000000000000000806EF35160C1AA4000D4658C22F480C000000000000000003C0000000600000002000000806EF35160C1AA4000D4658C22F480C00000000000000000005104F150E8A840C08B
310
0AC787F580C000000000000000003C0000000600000002000000005104F150E8A840C08B0AC787F580C00000000000000000C00626A5F2C8A8408099270AF31986C000000000000000003C0000000600000002000000C00626A5F2C8A8408099270AF31986C00000000000000000A0566F3F6CF2A64080C51A6DC1D087C000
310
000000000000003C0000000600000002000000A0566F3F6CF2A64080C51A6DC1D087C00000000000000000C01227816CC8A54080EAE73943DB85C000000000000000003C0000000600000002000000C01227816CC8A54080EAE73943DB85C00000000000000000202A87CC4237AC40FE4B5D7A7CE975400000000000000000
310
3C0000000600000002000000202A87CC4237AC40FE4B5D7A7CE9754000000000000000005097D1541B98B040FE192690A66976400000000000000000
100
AcDbWipeout
 90
        0
 10
2788.211922856368
 20
-762.0944463817141
 30
0.0
 11
1757.893931278508
 21
0.0
 31
0.0
 12
0.0
 22
1757.893931278508
 32
0.0
 13
1.0
 23
1.0
340
0
 70
     7
280
     1
281
    50
282
    50
283
     0
360
0
 71
     2
 91
       13
 14
0.3304794812407934
 24
-0.1375228853435013
 14
0.5
 24
-0.0082551342292443
 14
0.2546413333361111
 24
0.2814828617930698
 14
-0.0576333430418154
 24
-0.017170173165699
 14
-0.0531722472307969
 24
0.3795480621200077
 14
-0.1468546715167374
 24
0.1923327004025866
 14
-0.1379325333261083
 24
0.3750905426517804
 14
-0.2724856097173769
 24
0.3751897683539744
 14
-0.2814077479080139
 24
0.4687974492126809
 14
-0.4152397673360968
 24
0.5
 14
-0.5
 24
0.4643399297444577
 14
-0.0315880388645147
 24
-0.1329661401730799
 14
0.3304794812407934
 24
-0.1375228853435013
290
     0
  0
LWPOLYLINE
  5
C0
330
2F
100
AcDbEntity
  8
0
100
AcDbPolyline
 90
        5
 70
     1
 43
0.0
 10
-2199.208270715069
 20
10997.25178700468
 10
-1219.899084674718
 20
12535.43474431358
 10
-54.05474532926746
 20
11789.64909083308
 10
-1359.800396966195
 20
10344.68927305872
 10
-2199.208270715069
 20
10997.25178700468
  0
LWPOLYLINE
  5
C1
330
2F
100
AcDbEntity
  8
0
100
AcDbPolyline
 90
        4
 70
     1
 43
0.0
 10
-54.05474532926746
 20
11789.64909083308
 10
-1359.800396966195
 20
10344.68927305872
 10
-473.7587524534902
 20
10344.68927305872
 10
-54.05474532926746
 20
11789.64909083308
  0
POINT
  5
C2
330
2F
100
AcDbEntity
  8
Tavolo 3
100
AcDbPoint
 10
0.0
 20
0.0
 30
0.0
  0
DIMENSION
  5
C4
330
2F
100
AcDbEntity
  8
Tavolo 3
100
AcDbDimension
280
     0
  2
*D14
 10
1042.268941193717
 20
11471.21017047083
 30
0.0
 11
834.4175849453113
 21
10748.14915221018
 31
0.0
 70
    33
 71
     0
 72
     0
 42
1504.679477024474
 73
     0
 74
     0
 75
     0
 51
73.80349673324508
  3
ISO-25
100
AcDbAlignedDimension
 13
-473.7587524534902
 23
10344.68927305872
 33
0.0
 14
-54.05474532926735
 24
11789.64909083308
 34
0.0
  0
DIMENSION
  5
C5
330
2F
100
AcDbEntity
  8
Tavolo 3
100
AcDbDimension
280
     0
  2
*D15
 10
6125.381414026529
 20
2865.165568658142
 30
0.0
 11
6272.362960694478
 21
3019.414558143275
 31
0.0
 70
    37
 71
     0
 72
     0
 42
3.317156739109774
 73
     0
 74
     0
 75
     0
  3
ISO-25
100
AcDb3PointAngularDimension
 13
5486.627993960748
 23
2529.600165964192
 33
0.0
 14
6247.613509629809
 24
3944.987376135365
 34
0.0
 15
5929.403601723592
 25
3203.807283161913
 35
0.0
  0
LWPOLYLINE
  5
C6
330
2F
100
AcDbEntity
  8
Tavolo 3
100
AcDbPolyline
 90
        6
 70
     1
 43
0.0
 10
-276.8548009664508
 20
4701.847034571434
 10
-1069.058731770188
 20
4152.277196884143
 10
-791.1912341074084
 20
3229.020066817358
 10
172.7442546208081
 20
3207.985617767696
 10
490.6216519543077
 20
4118.24274338716
 10
-276.8548009664508
 20
4701.847034571434
  0
LWPOLYLINE
  5
C7
330
2F
100
AcDbEntity
  8
Tavolo 3
100
AcDbPolyline
 90
        4
 70
     0
 43
0.0
 10
1945.931684777708
 20
4029.762227574174
 10
2263.008982973159
 20
4198.776713909552
 10
4263.008982973159
 20
5198.776713909552
 10
3869.533843413767
 20
4177.649923262783
  0
DIMENSION
  5
C8
330
2F
100
AcDbEntity
  8
Tavolo 3
100
AcDbDimension
280
     0
  2
*D16
 10
0.0
 20
0.0
 30
0.0
 11
4405.912697156101
 21
4179.733256596116
 31
0.0
 70
    38
 71
     0
 72
     0
 42
4177.649923262783
 73
     0
 74
     0
 75
     0
  3
ISO-25
100
AcDbOrdinateDimension
 13
3869.533843413767
 23
4177.649923262783
 33
0.0
 14
4397.996030489434
 24
4177.649923262783
 34
0.0
  0
DIMENSION
  5
C9
330
2F
100
AcDbEntity
  8
Tavolo 3
100
AcDbDimension
280
     0
  2
*D17
 10
0.0
 20
0.0
 30
0.0
 11
4818.682404666771
 21
4190.651713909553
 31
0.0
 70
   102
 71
     0
 72
     0
 42
4630.519359082828
 73
     0
 74
     0
 75
     0
  3
ISO-25
100
AcDbOrdinateDimension
 13
4630.519359082828
 23
4515.678949653964
 33
0.0
 14
4820.765738000104
 24
4198.776713909552
 34
0.0
  0
DIMENSION
  5
CA
330
2F
100
AcDbEntity
  8
Tavolo 3
100
AcDbDimension
280
     0
  2
*D18
 10
490.6216519543077
 20
4118.24274338716
 30
0.0
 11
25.8930348008785
 21
3978.375989332018
 31
0.0
 70
    34
 71
     0
 72
     0
 42
1.884955592153876
 73
     0
 74
     0
 75
     0
  3
ISO-25
100
AcDb2LineAngularDimension
 13
490.6216519543077
 23
4118.24274338716
 33
0.0
 14
-276.8548009664508
 24
4701.847034571434
 34
0.0
 15
172.7442546208081
 25
3207.985617767696
 35
0.0
 16
3.542714605045603
 26
4128.871501442696
 36
0.0
  0
DIMENSION
  5
CB
330
2F
100
AcDbEntity
  8
Tavolo 3
100
AcDbDimension
280
     0
  2
*D19
 10
0.0
 20
0.0
 30
0.0
 11
-788.6412725368767
 21
4623.396343661957
 31
0.0
 70
    38
 71
     0
 72
     0
 42
4701.847034571434
 73
     0
 74
     0
 75
     0
  3
ISO-25
100
AcDbOrdinateDimension
 13
-276.8548009664508
 23
4701.847034571434
 33
0.0
 14
-780.9329392035434
 24
4621.313010328624
 34
0.0
  0
DIMENSION
  5
CC
330
2F
100
AcDbEntity
  8
0
100
AcDbDimension
280
     0
  2
*D20
 10
-791.1912341074084
 20
2783.280182684131
 30
0.0
 11
-930.1249829387982
 21
2785.363516017465
 31
0.0
 70
    32
 71
     0
 72
     0
 42
277.8674976627796
 73
     0
 74
     0
 75
     0
 51
-73.25007734516404
  3
ISO-25
100
AcDbAlignedDimension
 13
-1069.058731770188
 23
4152.277196884143
 33
0.0
 14
-791.1912341074084
 24
3229.020066817358
 34
0.0
100
AcDbRotatedDimension
  0
DIMENSION
  5
CD
330
2F
100
AcDbEntity
  8
0
100
AcDbDimension
280
     0
  2
*D21
 10
-276.8548009664508
 20
2783.280182684131
 30
0.0
 11
-534.0230175369295
 21
2785.363516017465
 31
0.0
 70
    32
 71
     0
 72
     0
 42
514.3364331409575
 73
     0
 74
     0
 75
     0
 51
70.74992265483597
  3
ISO-25
100
AcDbAlignedDimension
 13
-791.1912341074084
 23
3229.020066817358
 33
0.0
 14
-276.8548009664508
 24
4701.847034571434
 34
0.0
100
AcDbRotatedDimension
  0
DIMENSION
  5
CE
330
2F
100
AcDbEntity
  8
Tavolo 3
100
AcDbDimension
280
     0
  2
*D22
 10
172.7442546208081
 20
2783.280182684131
 30
0.0
 11
-52.05527317282136
 21
2785.363516017465
 31
0.0
 70
    32
 71
     0
 72
     0
 42
449.5990555872589
 73
     0
 74
     0
 75
     0
 51
-73.25007734516404
  3
ISO-25
100
AcDbAlignedDimension
 13
-276.8548009664508
 23
4701.847034571434
 33
0.0
 14
172.7442546208081
 24
3207.985617767696
 34
0.0
100
AcDbRotatedDimension
  0
DIMENSION
  5
CF
330
2F
100
AcDbEntity
  8
0
100
AcDbDimension
280
     0
  2
*D23
 10
490.6216519543077
 20
2783.280182684131
 30
0.0
 11
331.6829532875579
 21
2785.363516017465
 31
0.0
 70
    32
 71
     0
 72
     0
 42
317.8773973334996
 73
     0
 74
     0
 75
     0
 51
70.74992265483597
  3
ISO-25
100
AcDbAlignedDimension
 13
172.7442546208081
 23
3207.985617767696
 33
0.0
 14
490.6216519543077
 24
4118.24274338716
 34
0.0
100
AcDbRotatedDimension
  0
TEXT
  5
D0
330
2F
100
AcDbEntity
  8
Tavolo 3
100
AcDbText
 10
7970.400069492011
 20
2593.138905701984
 30
0.0
 40
280.7366943359375
  1
xx
 50
18.42545639939031
 72
     3
 11
0.0
 21
0.0
 31
0.0
100
AcDbText
  0
LWPOLYLINE
  5
D1
330
2F
100
AcDbEntity
  8
Tavolo 3
100
AcDbPolyline
 90
        6
 70
     0
 43
0.0
 10
7589.907311657487
 20
3459.338235466486
 10
7780.153690574749
 20
3881.874531885558
 10
8033.815529131098
 20
4304.41082830463
 10
7568.76887194431
 20
4241.030348923501
 10
7315.107033387947
 20
4135.396288248834
 10
8160.646448409287
 20
4219.903558276732
  0
LWPOLYLINE
  5
D2
330
2F
100
AcDbEntity
  8
Tavolo 3
100
AcDbPolyline
 90
        5
 70
     1
 43
0.0
 10
8858.216434189482
 20
4156.523078895603
 10
9365.54011130218
 20
4241.030348923501
 10
8815.93948451335
 20
3818.494106224847
 10
9471.2325206174
 20
3924.128166899507
 10
8858.216434189482
 20
4156.523078895603
  0
TOLERANCE
  5
D3
330
2F
100
AcDbEntity
  8
Tavolo 3
100
AcDbFcf
  3
ISO-25
 10
9682.61740949763
 20
2086.095339255015
 30
0.0
  1
{\Fgdt;r}%%v1%%v2%%v%%v%%v^J10
  0
MULTILEADER
  5
D5
102
{ACAD_XDICTIONARY
360
AA5
102
}
330
2F
100
AcDbEntity
  8
Tavolo 3
160
               716
310
CC0200000B0000000C00000013000000993A0000B4000000260000008126F9C2417AA1C0C062413FBFE98240000000000000000000000000000000000000000000000000000000000000F03F000000000000F03F00000000000000000000000000000000780078000000000002000000010000000000000000001040000000
310
000000F03F0000000000000000000000000000F03F00000000000000000000000000000000000000000000000000000000000000000000000000000000740078007400000000000000B4000000260000008126F9C2417AA1C06B0DECE969B48240000000000000000000000000000000000000000000000000000000000000
310
F03F000000000000F03F00000000000000000000000000000000780078000000000002000000010000000000000000001040000000000000F03F0000000000000000000000000000F03F000000000000000000000000000000000000000000000000000000000000000000000000000000007400780074000000000000000C
310
00000013000000112700000C00000013000000010000000C00000014000000010000005400000007000000030000004EA094919F1DA4C060349C8BA82862400000000000000000A0D84C936823A4C0009C654FB6CD614000000000000000001D426F8FC71FA4C041B12B45C341624000000000000000000C00000013000000
310
891300006C000000200000000300000036F18190B31EA4C0D1F263E8353562400000000000000000A0ABE414FA7EA1C0C062413FBFF982400000000000000000A0ABE414FA7EA1C0C062413FBFF98240000000000000000000000000000000000000000000000000000000000000F03F0C0000001300000011270000540000
310
002000000002000000A0ABE414FA7EA1C0C062413FBFF9824000000000000000008126F9C2417EA1C0C062413FBFF98240000000000000000000000000000000000000000000000000000000000000F03F
100
AcDbMLeader
270
     2
300
CONTEXT_DATA{
 40
1.0
 10
-2239.1284406528
 20
607.2183823688756
 30
0.0
 41
4.0
140
4.0
145
2.0
174
     1
175
     6
176
     0
177
     0
290
     1
304
xx\P\pxt1;xx
 11
0.0
 21
0.0
 31
1.0
340
14
 12
-2237.1284406528
 22
609.2183823688756
 32
0.0
 13
1.0
 23
0.0
 33
0.0
 42
0.0
 43
9.303135609706999
 44
0.0
 45
1.0
170
     1
 90
-1073741824
171
     1
172
     5
 91
-1073741824
141
0.0
 92
        0
291
     0
292
     0
173
     0
293
     0
142
0.0
143
0.0
294
     0
295
     0
296
     0
110
-2239.4884406528
120
607.2183823688756
130
0.0
111
1.0
121
0.0
131
0.0
112
0.0
122
1.0
132
0.0
297
     0
302
LEADER{
290
     1
291
     1
 10
-2239.4884406528
 20
607.2183823688756
 30
0.0
 11
1.0
 21
0.0
 31
0.0
 90
        0
 40
0.36
304
LEADER_LINE{
 10
-2577.704248811191
 20
142.4285046562727
 30
0.0
 10
-2239.4884406528
 20
607.2183823688756
 30
0.0
 91
        0
 92
-1056964608
340
10
 40
4.0
305
}
271
     0
303
}
272
     9
273
     9
301
}
340
0
 90
   279552
170
     1
 91
-1056964608
341
10
171
    -2
290
     1
291
     1
 41
0.36
 42
4.0
172
     2
343
14
173
     1
 95
        6
174
     1
175
     0
 92
-1073741824
292
     0
 93
-1056964608
 10
1.0
 20
1.0
 30
1.0
 43
0.0
176
     0
293
     0
294
     0
178
     0
179
     1
 45
1.0
271
     0
272
     9
273
     9
  0
WIPEOUT
  5
D6
330
2F
100
AcDbEntity
  8
Tavolo 3
160
               404
310
94010000090000000C0000000E000000120000000C00000016000000000000C20C00000014000000010000006C0000000700000004000000207C16505EE391C0BB299B96726487C00000000000000000608946FF3FF387C028C1DBA05B948EC00000000000000000C0BFC82626D191C0404D5745E58099C000000000000000
310
00808DAFED551599C040178D1A4D3695C000000000000000000C0000000E000000040000003C0000000600000002000000207C16505EE391C0BB299B96726487C00000000000000000608946FF3FF387C028C1DBA05B948EC000000000000000003C0000000600000002000000608946FF3FF387C028C1DBA05B948EC00000
310
000000000000C0BFC82626D191C0404D5745E58099C000000000000000003C0000000600000002000000C0BFC82626D191C0404D5745E58099C00000000000000000808DAFED551599C040178D1A4D3695C000000000000000003C0000000600000002000000808DAFED551599C040178D1A4D3695C0000000000000000020
310
7C16505EE391C0BB299B96726487C00000000000000000
100
AcDbWipeout
 90
        0
 10
-1605.333914511692
 20
-1632.223897327509
 30
0.0
 11
1632.223897327509
 21
0.0
 31
0.0
 12
0.0
 22
1632.223897327509
 32
0.0
 13
1.0
 23
1.0
340
0
 70
     7
280
     1
281
    50
282
    50
283
     0
360
0
 71
     2
 91
        5
 14
-0.2178746047770547
 24
-0.0413889279856253
 14
0.0139783011798221
 24
0.0995162440698435
 14
-0.2150840286383275
 24
0.5
 14
-0.5
 24
0.3317335010349048
 14
-0.2178746047770547
 24
-0.0413889279856253
290
     0
  0
SPLINE
  5
D7
330
2F
100
AcDbEntity
  8
Tavolo 3
100
AcDbSpline
210
0.0
220
0.0
230
1.0
 70
  1064
 71
     3
 72
    11
 73
     7
 74
     5
 42
0.0000000001
 43
0.0000000001
 44
0.0000000001
 13
-0.9991122500377969
 23
0.04212732871202263
 33
0.0
 40
0.0
 40
0.0
 40
0.0
 40
0.0
 40
589.3033877062113
 40
1053.323903345324
 40
1289.554943823354
 40
1784.68413463751
 40
1784.68413463751
 40
1784.68413463751
 40
1784.68413463751
 10
-2514.288789172104
 20
1304.403225798
 30
0.0
 10
-2514.006618927464
 20
1529.382968705717
 30
0.0
 10
-2513.502266382252
 20
1931.512917246461
 30
0.0
 10
-1937.439237457108
 20
2015.036278230778
 30
0.0
 10
-1904.973269671457
 20
2393.488442153242
 30
0.0
 10
-1377.021908241363
 20
2691.820142984536
 30
0.0
 10
-1541.918454872604
 20
2698.772966376651
 30
0.0
 11
-2514.288789172104
 21
1304.403225798
 31
0.0
 11
-2366.319359930974
 21
1874.827217905688
 31
0.0
 11
-1964.68816238326
 21
2107.222183622194
 31
0.0
 11
-1858.99575306804
 21
2318.490304971529
 31
0.0
 11
-1541.918454872604
 21
2698.772966376651
 31
0.0
  0
LWPOLYLINE
  5
D8
330
2F
100
AcDbEntity
  8
Tavolo 3
100
AcDbPolyline
 90
     3636
 70
     1
 43
0.0
 10
-2450.873329533017
 20
2719.899757023413
 42
0.5205670595169067
 10
-2450.373329533017
 20
2719.899757023413
 42
0.5205670595169067
 10
-2449.873329533017
 20
2719.899757023413
 42
0.5205670595169067
 10
-2449.373329533017
 20
2719.899757023413
 42
0.5205670595169067
 10
-2448.873329533017
 20
2719.899757023413
 42
0.5205670595169067
 10
-2448.373329533017
 20
2719.899757023413
 42
0.5205670595169067
 10
-2447.873329533017
 20
2719.899757023413
 42
0.5205670595169067
 10
-2447.373329533017
 20
2719.899757023413
 42
0.5205670595169067
 10
-2446.873329533017
 20
2719.899757023413
 42
0.5205670595169067
 10
-2446.373329533017
 20
2719.899757023413
 42
0.5205670595169067
 10
-2445.873329533017
 20
2719.899757023413
 42
0.5205670595169067
 10
-2445.373329533017
 20
2719.899757023413
 42
0.5205670595169067
 10
-2444.873329533017
 20
2719.899757023413
 42
0.5205670595169067
 10
-2444.373329533017
 20
2719.899757023413
 42
0.5205670595169067
 10
-2443.873329533017
 20
2719.899757023413
 42
0.5205670595169067
 10
-2443.373329533017
 20
2719.899757023413
 42
0.5205670595169067
 10
-2442.873329533017
 20
2719.899757023413
 42
0.5205670595169067
 10
-2442.373329533017
 20
2719.899757023413
 42
0.5205670595169067
 10
-2441.873329533017
 20
2719.899757023413
 42
0.5205670595169067
 10
-2441.373329533017
 20
2719.899757023413
 42
0.5205670595169067
 10
-2440.873329533017
 20
2719.899757023413
 42
0.5205670595169067
 10
-2440.373329533017
 20
2719.899757023413
 42
0.5205670595169067
 10
-2439.873329533017
 20
2719.899757023413
 42
0.5205670595169067
 10
-2439.373329533017
 20
2719.899757023413
 42
0.5205670595169067
 10
-2438.873329533017
 20
2719.899757023413
 42
0.5205670595169067
 10
-2438.373329533017
 20
2719.899757023413
 42
0.5205670595169067
 10
-2437.873329533017
 20
2719.899757023413
 42
0.5205670595169067
 10
-2437.373329533017
 20
2719.899757023413
 42
0.5205670595169067
 10
-2436.873329533017
 20
2719.899757023413
 42
0.5205670595169067
 10
-2436.373329533017
 20
2719.899757023413
 42
0.5205670595169067
 10
-2435.873329533017
 20
2719.899757023413
 42
0.5205670595169067
 10
-2435.373329533017
 20
2719.899757023413
 42
0.5205670595169067
 10
-2434.873329533017
 20
2719.899757023413
 42
0.5205670595169067
 10
-2434.373329533017
 20
2719.899757023413
 42
0.5205670595169067
 10
-2433.873329533017
 20
2719.899757023413
 42
0.5205670595169067
 10
-2433.373329533017
 20
2719.899757023413
 42
0.5205670595169067
 10
-2432.873329533017
 20
2719.899757023413
 42
0.5205670595169067
 10
-2432.373329533017
 20
2719.899757023413
 42
0.5205670595169067
 10
-2431.873329533017
 20
2719.899757023413
 42
0.5205670595169067
 10
-2431.373329533017
 20
2719.899757023413
 42
0.5205670595169067
 10
-2430.873329533017
 20
2719.899757023413
 42
0.5205670595169067
 10
-2430.373329533017
 20
2719.899757023413
 42
0.5205670595169067
 10
-2429.873329533017
 20
2719.899757023413
 42
0.5205670595169067
 10
-2429.373329533017
 20
2719.899757023413
 42
0.5205670595169067
 10
-2428.873329533017
 20
2719.899757023413
 42
0.5205670595169067
 10
-2428.373329533017
 20
2719.899757023413
 42
0.5205670595169067
 10
-2427.873329533017
 20
2719.899757023413
 42
0.5205670595169067
 10
-2427.373329533017
 20
2719.899757023413
 42
0.5205670595169067
 10
-2426.873329533017
 20
2719.899757023413
 42
0.5205670595169067
 10
-2426.373329533017
 20
2719.899757023413
 42
0.5205670595169067
 10
-2425.873329533017
 20
2719.899757023413
 42
0.5205670595169067
 10
-2425.373329533017
 20
2719.899757023413
 42
0.5205670595169067
 10
-2424.873329533017
 20
2719.899757023413
 42
0.5205670595169067
 10
-2424.373329533017
 20
2719.899757023413
 42
0.5205670595169067
 10
-2423.873329533017
 20
2719.899757023413
 42
0.5205670595169067
 10
-2423.373329533017
 20
2719.899757023413
 42
0.5205670595169067
 10
-2422.873329533017
 20
2719.899757023413
 42
0.5205670595169067
 10
-2422.373329533017
 20
2719.899757023413
 42
0.5205670595169067
 10
-2421.873329533017
 20
2719.899757023413
 42
0.5205670595169067
 10
-2421.373329533017
 20
2719.899757023413
 42
0.5205670595169067
 10
-2420.873329533017
 20
2719.899757023413
 42
0.5205670595169067
 10
-2420.373329533017
 20
2719.899757023413
 42
0.5205670595169067
 10
-2419.873329533017
 20
2719.899757023413
 42
0.5205670595169067
 10
-2419.373329533017
 20
2719.899757023413
 42
0.5205670595169067
 10
-2418.873329533017
 20
2719.899757023413
 42
0.5205670595169067
 10
-2418.373329533017
 20
2719.899757023413
 42
0.5205670595169067
 10
-2417.873329533017
 20
2719.899757023413
 42
0.5205670595169067
 10
-2417.373329533017
 20
2719.899757023413
 42
0.5205670595169067
 10
-2416.873329533017
 20
2719.899757023413
 42
0.5205670595169067
 10
-2416.373329533017
 20
2719.899757023413
 42
0.5205670595169067
 10
-2415.873329533017
 20
2719.899757023413
 42
0.5205670595169067
 10
-2415.373329533017
 20
2719.899757023413
 42
0.5205670595169067
 10
-2414.873329533017
 20
2719.899757023413
 42
0.5205670595169067
 10
-2414.373329533017
 20
2719.899757023413
 42
0.5205670595169067
 10
-2413.873329533017
 20
2719.899757023413
 42
0.5205670595169067
 10
-2413.373329533017
 20
2719.899757023413
 42
0.5205670595169067
 10
-2412.873329533017
 20
2719.899757023413
 42
0.5205670595169067
 10
-2412.373329533017
 20
2719.899757023413
 42
0.5205670595169067
 10
-2411.873329533017
 20
2719.899757023413
 42
0.5205670595169067
 10
-2411.373329533017
 20
2719.899757023413
 42
0.5205670595169067
 10
-2410.873329533017
 20
2719.899757023413
 42
0.5205670595169067
 10
-2410.373329533017
 20
2719.899757023413
 42
0.5205670595169067
 10
-2409.873329533017
 20
2719.899757023413
 42
0.5205670595169067
 10
-2409.373329533017
 20
2719.899757023413
 42
0.5205670595169067
 10
-2408.873329533017
 20
2719.899757023413
 42
0.5205670595169067
 10
-2408.373329533017
 20
2719.899757023413
 42
0.5205670595169067
 10
-2407.873329533017
 20
2719.899757023413
 42
0.5205670595169067
 10
-2407.373329533017
 20
2719.899757023413
 42
0.5205670595169067
 10
-2406.873329533017
 20
2719.899757023413
 42
0.5205670595169067
 10
-2406.373329533017
 20
2719.899757023413
 42
0.5205670595169067
 10
-2405.873329533017
 20
2719.899757023413
 42
0.5205670595169067
 10
-2405.373329533017
 20
2719.899757023413
 42
0.5205670595169067
 10
-2404.873329533017
 20
2719.899757023413
 42
0.5205670595169067
 10
-2404.373329533017
 20
2719.899757023413
 42
0.5205670595169067
 10
-2403.873329533017
 20
2719.899757023413
 42
0.5205670595169067
 10
-2403.373329533017
 20
2719.899757023413
 42
0.5205670595169067
 10
-2402.873329533017
 20
2719.899757023413
 42
0.5205670595169067
 10
-2402.373329533017
 20
2719.899757023413
 42
0.5205670595169067
 10
-2401.873329533017
 20
2719.899757023413
 42
0.5205670595169067
 10
-2401.373329533017
 20
2719.899757023413
 42
0.5205670595169067
 10
-2400.873329533017
 20
2719.899757023413
 42
0.5205670595169067
 10
-2400.373329533017
 20
2719.899757023413
 42
0.5205670595169067
 10
-2399.873329533017
 20
2719.899757023413
 42
0.5205670595169067
 10
-2399.373329533017
 20
2719.899757023413
 42
0.5205670595169067
 10
-2398.873329533017
 20
2719.899757023413
 42
0.5205670595169067
 10
-2398.373329533017
 20
2719.899757023413
 42
0.5205670595169067
 10
-2397.873329533017
 20
2719.899757023413
 42
0.5205670595169067
 10
-2397.373329533017
 20
2719.899757023413
 42
0.5205670595169067
 10
-2396.873329533017
 20
2719.899757023413
 42
0.5205670595169067
 10
-2396.373329533017
 20
2719.899757023413
 42
0.5205670595169067
 10
-2395.873329533017
 20
2719.899757023413
 42
0.5205670595169067
 10
-2395.373329533017
 20
2719.899757023413
 42
0.5205670595169067
 10
-2394.873329533017
 20
2719.899757023413
 42
0.5205670595169067
 10
-2394.373329533017
 20
2719.899757023413
 42
0.5205670595169067
 10
-2393.873329533017
 20
2719.899757023413
 42
0.5205670595169067
 10
-2393.373329533017
 20
2719.899757023413
 42
0.5205670595169067
 10
-2392.873329533017
 20
2719.899757023413
 42
0.5205670595169067
 10
-2392.373329533017
 20
2719.899757023413
 42
0.5205670595169067
 10
-2391.873329533017
 20
2719.899757023413
 42
0.5205670595169067
 10
-2391.373329533017
 20
2719.899757023413
 42
0.5205670595169067
 10
-2390.873329533017
 20
2719.899757023413
 42
0.5205670595169067
 10
-2390.373329533017
 20
2719.899757023413
 42
0.5205670595169067
 10
-2389.873329533017
 20
2719.899757023413
 42
0.5205670595169067
 10
-2389.373329533017
 20
2719.899757023413
 42
0.5205670595169067
 10
-2388.873329533017
 20
2719.899757023413
 42
0.5205670595169067
 10
-2388.373329533017
 20
2719.899757023413
 42
0.5205670595169067
 10
-2387.873329533017
 20
2719.899757023413
 42
0.5205670595169067
 10
-2387.373329533017
 20
2719.899757023413
 42
0.5205670595169067
 10
-2386.873329533017
 20
2719.899757023413
 42
0.5205670595169067
 10
-2386.373329533017
 20
2719.899757023413
 42
0.5205670595169067
 10
-2385.873329533017
 20
2719.899757023413
 42
0.5205670595169067
 10
-2385.373329533017
 20
2719.899757023413
 42
0.5205670595169067
 10
-2384.873329533017
 20
2719.899757023413
 42
0.5205670595169067
 10
-2384.373329533017
 20
2719.899757023413
 42
0.5205670595169067
 10
-2383.873329533017
 20
2719.899757023413
 42
0.5205670595169067
 10
-2383.373329533017
 20
2719.899757023413
 42
0.5205670595169067
 10
-2382.873329533017
 20
2719.899757023413
 42
0.5205670595169067
 10
-2382.373329533017
 20
2719.899757023413
 42
0.5205670595169067
 10
-2381.873329533017
 20
2719.899757023413
 42
0.5205670595169067
 10
-2381.373329533017
 20
2719.899757023413
 42
0.5205670595169067
 10
-2380.873329533017
 20
2719.899757023413
 42
0.5205670595169067
 10
-2380.373329533017
 20
2719.899757023413
 42
0.5205670595169067
 10
-2379.873329533017
 20
2719.899757023413
 42
0.5205670595169067
 10
-2379.373329533017
 20
2719.899757023413
 42
0.5205670595169067
 10
-2378.873329533017
 20
2719.899757023413
 42
0.5205670595169067
 10
-2378.373329533017
 20
2719.899757023413
 42
0.5205670595169067
 10
-2377.873329533017
 20
2719.899757023413
 42
0.5205670595169067
 10
-2377.373329533017
 20
2719.899757023413
 42
0.5205670595169067
 10
-2376.873329533017
 20
2719.899757023413
 42
0.5205670595169067
 10
-2376.373329533017
 20
2719.899757023413
 42
0.5205670595169067
 10
-2375.873329533017
 20
2719.899757023413
 42
0.5205670595169067
 10
-2375.373329533017
 20
2719.899757023413
 42
0.5205670595169067
 10
-2374.873329533017
 20
2719.899757023413
 42
0.5205670595169067
 10
-2374.373329533017
 20
2719.899757023413
 42
0.5205670595169067
 10
-2373.873329533017
 20
2719.899757023413
 42
0.5205670595169067
 10
-2373.373329533017
 20
2719.899757023413
 42
0.5205670595169067
 10
-2372.873329533017
 20
2719.899757023413
 42
0.5205670595169067
 10
-2372.373329533017
 20
2719.899757023413
 42
0.5205670595169067
 10
-2371.873329533017
 20
2719.899757023413
 42
0.5205670595169067
 10
-2371.373329533017
 20
2719.899757023413
 42
0.5205670595169067
 10
-2370.873329533017
 20
2719.899757023413
 42
0.5205670595169067
 10
-2370.373329533017
 20
2719.899757023413
 42
0.5205670595169067
 10
-2369.873329533017
 20
2719.899757023413
 42
0.5205670595169067
 10
-2369.373329533017
 20
2719.899757023413
 42
0.5205670595169067
 10
-2368.873329533017
 20
2719.899757023413
 42
0.5205670595169067
 10
-2368.373329533017
 20
2719.899757023413
 42
0.5205670595169067
 10
-2367.873329533017
 20
2719.899757023413
 42
0.5205670595169067
 10
-2367.373329533017
 20
2719.899757023413
 42
0.5205670595169067
 10
-2366.873329533017
 20
2719.899757023413
 42
0.5205670595169067
 10
-2366.373329533017
 20
2719.899757023413
 42
0.5205670595169067
 10
-2365.873329533017
 20
2719.899757023413
 42
0.5205670595169067
 10
-2365.373329533017
 20
2719.899757023413
 42
0.5205670595169067
 10
-2364.873329533017
 20
2719.899757023413
 42
0.5205670595169067
 10
-2364.373329533017
 20
2719.899757023413
 42
0.5205670595169067
 10
-2363.873329533017
 20
2719.899757023413
 42
0.5205670595169067
 10
-2363.373329533017
 20
2719.899757023413
 42
0.5205670595169067
 10
-2362.873329533017
 20
2719.899757023413
 42
0.5205670595169067
 10
-2362.373329533017
 20
2719.899757023413
 42
0.5205670595169067
 10
-2361.873329533017
 20
2719.899757023413
 42
0.5205670595169067
 10
-2361.373329533017
 20
2719.899757023413
 42
0.5205670595169067
 10
-2360.873329533017
 20
2719.899757023413
 42
0.5205670595169067
 10
-2360.373329533017
 20
2719.899757023413
 42
0.5205670595169067
 10
-2359.873329533017
 20
2719.899757023413
 42
0.5205670595169067
 10
-2359.373329533017
 20
2719.899757023413
 42
0.5205670595169067
 10
-2358.873329533017
 20
2719.899757023413
 42
0.5205670595169067
 10
-2358.373329533017
 20
2719.899757023413
 42
0.5205670595169067
 10
-2357.873329533017
 20
2719.899757023413
 42
0.5205670595169067
 10
-2357.373329533017
 20
2719.899757023413
 42
0.5205670595169067
 10
-2356.873329533017
 20
2719.899757023413
 42
0.5205670595169067
 10
-2356.373329533017
 20
2719.899757023413
 42
0.5205670595169067
 10
-2355.873329533017
 20
2719.899757023413
 42
0.5205670595169067
 10
-2355.373329533017
 20
2719.899757023413
 42
0.5205670595169067
 10
-2354.873329533017
 20
2719.899757023413
 42
0.5205670595169067
 10
-2354.373329533017
 20
2719.899757023413
 42
0.5205670595169067
 10
-2353.873329533017
 20
2719.899757023413
 42
0.5205670595169067
 10
-2353.373329533017
 20
2719.899757023413
 42
0.5205670595169067
 10
-2352.873329533017
 20
2719.899757023413
 42
0.5205670595169067
 10
-2352.373329533017
 20
2719.899757023413
 42
0.5205670595169067
 10
-2351.873329533017
 20
2719.899757023413
 42
0.5205670595169067
 10
-2351.373329533017
 20
2719.899757023413
 42
0.5205670595169067
 10
-2350.873329533017
 20
2719.899757023413
 42
0.5205670595169067
 10
-2350.373329533017
 20
2719.899757023413
 42
0.5205670595169067
 10
-2349.873329533017
 20
2719.899757023413
 42
0.5205670595169067
 10
-2349.373329533017
 20
2719.899757023413
 42
0.5205670595169067
 10
-2348.873329533017
 20
2719.899757023413
 42
0.5205670595169067
 10
-2348.373329533017
 20
2719.899757023413
 42
0.5205670595169067
 10
-2347.873329533017
 20
2719.899757023413
 42
0.5205670595169067
 10
-2347.373329533017
 20
2719.899757023413
 42
0.5205670595169067
 10
-2346.873329533017
 20
2719.899757023413
 42
0.5205670595169067
 10
-2346.373329533017
 20
2719.899757023413
 42
0.5205670595169067
 10
-2345.873329533017
 20
2719.899757023413
 42
0.5205670595169067
 10
-2345.373329533017
 20
2719.899757023413
 42
0.5205670595169067
 10
-2344.873329533017
 20
2719.899757023413
 42
0.5205670595169067
 10
-2344.373329533017
 20
2719.899757023413
 42
0.5205670595169067
 10
-2343.873329533017
 20
2719.899757023413
 42
0.5205670595169067
 10
-2343.373329533017
 20
2719.899757023413
 42
0.5205670595169067
 10
-2342.873329533017
 20
2719.899757023413
 42
0.5205670595169067
 10
-2342.373329533017
 20
2719.899757023413
 42
0.5205670595169067
 10
-2341.873329533017
 20
2719.899757023413
 42
0.5205670595169067
 10
-2341.373329533017
 20
2719.899757023413
 42
0.5205670595169067
 10
-2340.873329533017
 20
2719.899757023413
 42
0.5205670595169067
 10
-2340.373329533017
 20
2719.899757023413
 42
0.5205670595169067
 10
-2339.873329533017
 20
2719.899757023413
 42
0.5205670595169067
 10
-2339.373329533017
 20
2719.899757023413
 42
0.5205670595169067
 10
-2338.873329533017
 20
2719.899757023413
 42
0.5205670595169067
 10
-2338.373329533017
 20
2719.899757023413
 42
0.5205670595169067
 10
-2337.873329533017
 20
2719.899757023413
 42
0.5205670595169067
 10
-2337.373329533017
 20
2719.899757023413
 42
0.5205670595169067
 10
-2336.873329533017
 20
2719.899757023413
 42
0.5205670595169067
 10
-2336.373329533017
 20
2719.899757023413
 42
0.5205670595169067
 10
-2335.873329533017
 20
2719.899757023413
 42
0.5205670595169067
 10
-2335.373329533017
 20
2719.899757023413
 42
0.5205670595169067
 10
-2334.873329533017
 20
2719.899757023413
 42
0.5205670595169067
 10
-2334.373329533017
 20
2719.899757023413
 42
0.5205670595169067
 10
-2333.873329533017
 20
2719.899757023413
 42
0.5205670595169067
 10
-2333.373329533017
 20
2719.899757023413
 42
0.5205670595169067
 10
-2332.873329533017
 20
2719.899757023413
 42
0.5205670595169067
 10
-2332.373329533017
 20
2719.899757023413
 42
0.5205670595169067
 10
-2331.873329533017
 20
2719.899757023413
 42
0.5205670595169067
 10
-2331.373329533017
 20
2719.899757023413
 42
0.5205670595169067
 10
-2330.873329533017
 20
2719.899757023413
 42
0.5205670595169067
 10
-2330.373329533017
 20
2719.899757023413
 42
0.5205670595169067
 10
-2329.873329533017
 20
2719.899757023413
 42
0.5205670595169067
 10
-2329.373329533017
 20
2719.899757023413
 42
0.5205670595169067
 10
-2328.873329533017
 20
2719.899757023413
 42
0.5205670595169067
 10
-2328.373329533017
 20
2719.899757023413
 42
0.5205670595169067
 10
-2327.873329533017
 20
2719.899757023413
 42
0.5205670595169067
 10
-2327.373329533017
 20
2719.899757023413
 42
0.5205670595169067
 10
-2326.873329533017
 20
2719.899757023413
 42
0.5205670595169067
 10
-2326.373329533017
 20
2719.899757023413
 42
0.5205670595169067
 10
-2325.873329533017
 20
2719.899757023413
 42
0.5205670595169067
 10
-2325.373329533017
 20
2719.899757023413
 42
0.5205670595169067
 10
-2324.873329533017
 20
2719.899757023413
 42
0.5205670595169067
 10
-2324.373329533017
 20
2719.899757023413
 42
0.5205670595169067
 10
-2323.873329533017
 20
2719.899757023413
 42
0.5205670595169067
 10
-2323.373329533017
 20
2719.899757023413
 42
0.5205670595169067
 10
-2322.873329533017
 20
2719.899757023413
 42
0.5205670595169067
 10
-2322.373329533017
 20
2719.899757023413
 42
0.5205670595169067
 10
-2321.873329533017
 20
2719.899757023413
 42
0.5205670595169067
 10
-2321.373329533017
 20
2719.899757023413
 42
0.5205670595169067
 10
-2320.873329533017
 20
2719.899757023413
 42
0.5205670595169067
 10
-2320.373329533017
 20
2719.899757023413
 42
0.5205670595169067
 10
-2319.873329533017
 20
2719.899757023413
 42
0.5205670595169067
 10
-2319.373329533017
 20
2719.899757023413
 42
0.5205670595169067
 10
-2318.873329533017
 20
2719.899757023413
 42
0.5205670595169067
 10
-2318.373329533017
 20
2719.899757023413
 42
0.5205670595169067
 10
-2317.873329533017
 20
2719.899757023413
 42
0.5205670595169067
 10
-2317.373329533017
 20
2719.899757023413
 42
0.5205670595169067
 10
-2316.873329533017
 20
2719.899757023413
 42
0.5205670595169067
 10
-2316.373329533017
 20
2719.899757023413
 42
0.5205670595169067
 10
-2315.873329533017
 20
2719.899757023413
 42
0.5205670595169067
 10
-2315.373329533017
 20
2719.899757023413
 42
0.5205670595169067
 10
-2314.873329533017
 20
2719.899757023413
 42
0.5205670595169067
 10
-2314.373329533017
 20
2719.899757023413
 42
0.5205670595169067
 10
-2313.873329533017
 20
2719.899757023413
 42
0.5205670595169067
 10
-2313.373329533017
 20
2719.899757023413
 42
0.5205670595169067
 10
-2312.873329533017
 20
2719.899757023413
 42
0.5205670595169067
 10
-2312.373329533017
 20
2719.899757023413
 42
0.5205670595169067
 10
-2311.873329533017
 20
2719.899757023413
 42
0.5205670595169067
 10
-2311.373329533017
 20
2719.899757023413
 42
0.5205670595169067
 10
-2310.873329533017
 20
2719.899757023413
 42
0.5205670595169067
 10
-2310.373329533017
 20
2719.899757023413
 42
0.5205670595169067
 10
-2309.873329533017
 20
2719.899757023413
 42
0.5205670595169067
 10
-2309.373329533017
 20
2719.899757023413
 42
0.5205670595169067
 10
-2308.873329533017
 20
2719.899757023413
 42
0.5205670595169067
 10
-2308.373329533017
 20
2719.899757023413
 42
0.5205670595169067
 10
-2307.873329533017
 20
2719.899757023413
 42
0.5205670595169067
 10
-2307.373329533017
 20
2719.899757023413
 42
0.5205670595169067
 10
-2306.873329533017
 20
2719.899757023413
 42
0.5205670595169067
 10
-2306.373329533017
 20
2719.899757023413
 42
0.5205670595169067
 10
-2305.873329533017
 20
2719.899757023413
 42
0.5205670595169067
 10
-2305.373329533017
 20
2719.899757023413
 42
0.5205670595169067
 10
-2304.873329533017
 20
2719.899757023413
 42
0.5205670595169067
 10
-2304.373329533017
 20
2719.899757023413
 42
0.5205670595169067
 10
-2303.873329533017
 20
2719.899757023413
 42
0.5205670595169067
 10
-2303.373329533017
 20
2719.899757023413
 42
0.5205670595169067
 10
-2302.873329533017
 20
2719.899757023413
 42
0.5205670595169067
 10
-2302.373329533017
 20
2719.899757023413
 42
0.5205670595169067
 10
-2301.873329533017
 20
2719.899757023413
 42
0.5205670595169067
 10
-2301.373329533017
 20
2719.899757023413
 42
0.5205670595169067
 10
-2300.873329533017
 20
2719.899757023413
 42
0.5205670595169067
 10
-2300.373329533017
 20
2719.899757023413
 42
0.5205670595169067
 10
-2299.873329533017
 20
2719.899757023413
 42
0.5205670595169067
 10
-2299.373329533017
 20
2719.899757023413
 42
0.5205670595169067
 10
-2298.873329533017
 20
2719.899757023413
 42
0.5205670595169067
 10
-2298.373329533017
 20
2719.899757023413
 42
0.5205670595169067
 10
-2297.873329533017
 20
2719.899757023413
 42
0.5205670595169067
 10
-2297.373329533017
 20
2719.899757023413
 42
0.5205670595169067
 10
-2296.873329533017
 20
2719.899757023413
 42
0.5205670595169067
 10
-2296.373329533017
 20
2719.899757023413
 42
0.5205670595169067
 10
-2295.873329533017
 20
2719.899757023413
 42
0.5205670595169067
 10
-2295.373329533017
 20
2719.899757023413
 42
0.5205670595169067
 10
-2294.873329533017
 20
2719.899757023413
 42
0.5205670595169067
 10
-2294.373329533017
 20
2719.899757023413
 42
0.5205670595169067
 10
-2293.873329533017
 20
2719.899757023413
 42
0.5205670595169067
 10
-2293.373329533017
 20
2719.899757023413
 42
0.5205670595169067
 10
-2292.873329533017
 20
2719.899757023413
 42
0.5205670595169067
 10
-2292.373329533017
 20
2719.899757023413
 42
0.5205670595169067
 10
-2291.873329533017
 20
2719.899757023413
 42
0.5205670595169067
 10
-2291.373329533017
 20
2719.899757023413
 42
0.5205670595169067
 10
-2290.873329533017
 20
2719.899757023413
 42
0.5205670595169067
 10
-2290.373329533017
 20
2719.899757023413
 42
0.5205670595169067
 10
-2289.873329533017
 20
2719.899757023413
 42
0.5205670595169067
 10
-2289.373329533017
 20
2719.899757023413
 42
0.5205670595169067
 10
-2288.873329533017
 20
2719.899757023413
 42
0.5205670595169067
 10
-2288.373329533017
 20
2719.899757023413
 42
0.5205670595169067
 10
-2287.873329533017
 20
2719.899757023413
 42
0.5205670595169067
 10
-2287.373329533017
 20
2719.899757023413
 42
0.5205670595169067
 10
-2286.873329533017
 20
2719.899757023413
 42
0.5205670595169067
 10
-2286.373329533017
 20
2719.899757023413
 42
0.5205670595169067
 10
-2285.873329533017
 20
2719.899757023413
 42
0.5205670595169067
 10
-2285.373329533017
 20
2719.899757023413
 42
0.5205670595169067
 10
-2284.873329533017
 20
2719.899757023413
 42
0.5205670595169067
 10
-2284.373329533017
 20
2719.899757023413
 42
0.5205670595169067
 10
-2283.873329533017
 20
2719.899757023413
 42
0.5205670595169067
 10
-2283.373329533017
 20
2719.899757023413
 42
0.5205670595169067
 10
-2282.873329533017
 20
2719.899757023413
 42
0.5205670595169067
 10
-2282.373329533017
 20
2719.899757023413
 42
0.5205670595169067
 10
-2281.873329533017
 20
2719.899757023413
 42
0.5205670595169067
 10
-2281.373329533017
 20
2719.899757023413
 42
0.5205670595169067
 10
-2280.873329533017
 20
2719.899757023413
 42
0.5205670595169067
 10
-2280.373329533017
 20
2719.899757023413
 42
0.5205670595169067
 10
-2279.873329533017
 20
2719.899757023413
 42
0.5205670595169067
 10
-2279.373329533017
 20
2719.899757023413
 42
0.5205670595169067
 10
-2278.873329533017
 20
2719.899757023413
 42
0.5205670595169067
 10
-2278.373329533017
 20
2719.899757023413
 42
0.5205670595169067
 10
-2277.873329533017
 20
2719.899757023413
 42
0.5205670595169067
 10
-2277.373329533017
 20
2719.899757023413
 42
0.5205670595169067
 10
-2276.873329533017
 20
2719.899757023413
 42
0.5205670595169067
 10
-2276.373329533017
 20
2719.899757023413
 42
0.5205670595169067
 10
-2275.873329533017
 20
2719.899757023413
 42
0.5205670595169067
 10
-2275.373329533017
 20
2719.899757023413
 42
0.5205670595169067
 10
-2274.873329533017
 20
2719.899757023413
 42
0.5205670595169067
 10
-2274.373329533017
 20
2719.899757023413
 42
0.5205670595169067
 10
-2273.873329533017
 20
2719.899757023413
 42
0.5205670595169067
 10
-2273.373329533017
 20
2719.899757023413
 42
0.5205670595169067
 10
-2272.873329533017
 20
2719.899757023413
 42
0.5205670595169067
 10
-2272.373329533017
 20
2719.899757023413
 42
0.5205670595169067
 10
-2271.873329533017
 20
2719.899757023413
 42
0.5205670595169067
 10
-2271.373329533017
 20
2719.899757023413
 42
0.5205670595169067
 10
-2270.873329533017
 20
2719.899757023413
 42
0.5205670595169067
 10
-2270.373329533017
 20
2719.899757023413
 42
0.5205670595169067
 10
-2269.873329533017
 20
2719.899757023413
 42
0.5205670595169067
 10
-2269.373329533017
 20
2719.899757023413
 42
0.5205670595169067
 10
-2268.873329533017
 20
2719.899757023413
 42
0.5205670595169067
 10
-2268.373329533017
 20
2719.899757023413
 42
0.5205670595169067
 10
-2267.873329533017
 20
2719.899757023413
 42
0.5205670595169067
 10
-2267.373329533017
 20
2719.899757023413
 42
0.5205670595169067
 10
-2266.873329533017
 20
2719.899757023413
 42
0.5205670595169067
 10
-2266.373329533017
 20
2719.899757023413
 42
0.5205670595169067
 10
-2265.873329533017
 20
2719.899757023413
 42
0.5205670595169067
 10
-2265.373329533017
 20
2719.899757023413
 42
0.5205670595169067
 10
-2264.873329533017
 20
2719.899757023413
 42
0.5205670595169067
 10
-2264.373329533017
 20
2719.899757023413
 42
0.5205670595169067
 10
-2263.873329533017
 20
2719.899757023413
 42
0.5205670595169067
 10
-2263.373329533017
 20
2719.899757023413
 42
0.5205670595169067
 10
-2262.873329533017
 20
2719.899757023413
 42
0.5205670595169067
 10
-2262.373329533017
 20
2719.899757023413
 42
0.5205670595169067
 10
-2261.873329533017
 20
2719.899757023413
 42
0.5205670595169067
 10
-2261.373329533017
 20
2719.899757023413
 42
0.5205670595169067
 10
-2260.873329533017
 20
2719.899757023413
 42
0.5205670595169067
 10
-2260.373329533017
 20
2719.899757023413
 42
0.5205670595169067
 10
-2259.873329533017
 20
2719.899757023413
 42
0.5205670595169067
 10
-2259.373329533017
 20
2719.899757023413
 42
0.5205670595169067
 10
-2258.873329533017
 20
2719.899757023413
 42
0.5205670595169067
 10
-2258.373329533017
 20
2719.899757023413
 42
0.5205670595169067
 10
-2257.873329533017
 20
2719.899757023413
 42
0.5205670595169067
 10
-2257.373329533017
 20
2719.899757023413
 42
0.5205670595169067
 10
-2256.873329533017
 20
2719.899757023413
 42
0.5205670595169067
 10
-2256.373329533017
 20
2719.899757023413
 42
0.5205670595169067
 10
-2255.873329533017
 20
2719.899757023413
 42
0.5205670595169067
 10
-2255.373329533017
 20
2719.899757023413
 42
0.5205670595169067
 10
-2254.873329533017
 20
2719.899757023413
 42
0.5205670595169067
 10
-2254.373329533017
 20
2719.899757023413
 42
0.5205670595169067
 10
-2253.873329533017
 20
2719.899757023413
 42
0.5205670595169067
 10
-2253.373329533017
 20
2719.899757023413
 42
0.5205670595169067
 10
-2252.873329533017
 20
2719.899757023413
 42
0.5205670595169067
 10
-2252.373329533017
 20
2719.899757023413
 42
0.5205670595169067
 10
-2251.873329533017
 20
2719.899757023413
 42
0.5205670595169067
 10
-2251.373329533017
 20
2719.899757023413
 42
0.5205670595169067
 10
-2250.873329533017
 20
2719.899757023413
 42
0.5205670595169067
 10
-2250.373329533017
 20
2719.899757023413
 42
0.5205670595169067
 10
-2249.873329533017
 20
2719.899757023413
 42
0.5205670595169067
 10
-2249.373329533017
 20
2719.899757023413
 42
0.5205670595169067
 10
-2248.873329533017
 20
2719.899757023413
 42
0.5205670595169067
 10
-2248.373329533017
 20
2719.899757023413
 42
0.5205670595169067
 10
-2247.873329533017
 20
2719.899757023413
 42
0.5205670595169067
 10
-2247.373329533017
 20
2719.899757023413
 42
0.5205670595169067
 10
-2246.873329533017
 20
2719.899757023413
 42
0.5205670595169067
 10
-2246.373329533017
 20
2719.899757023413
 42
0.5205670595169067
 10
-2245.873329533017
 20
2719.899757023413
 42
0.5205670595169067
 10
-2245.373329533017
 20
2719.899757023413
 42
0.5205670595169067
 10
-2244.873329533017
 20
2719.899757023413
 42
0.5205670595169067
 10
-2244.373329533017
 20
2719.899757023413
 42
0.5205670595169067
 10
-2243.873329533017
 20
2719.899757023413
 42
0.5205670595169067
 10
-2243.373329533017
 20
2719.899757023413
 42
0.5205670595169067
 10
-2242.873329533017
 20
2719.899757023413
 42
0.5205670595169067
 10
-2242.373329533017
 20
2719.899757023413
 42
0.5205670595169067
 10
-2241.873329533017
 20
2719.899757023413
 42
0.5205670595169067
 10
-2241.373329533017
 20
2719.899757023413
 42
0.5205670595169067
 10
-2240.873329533017
 20
2719.899757023413
 42
0.5205670595169067
 10
-2240.373329533017
 20
2719.899757023413
 42
0.5205670595169067
 10
-2239.873329533017
 20
2719.899757023413
 42
0.5205670595169067
 10
-2239.373329533017
 20
2719.899757023413
 42
0.5205670595169067
 10
-2238.873329533017
 20
2719.899757023413
 42
0.5205670595169067
 10
-2238.373329533017
 20
2719.899757023413
 42
0.5205670595169067
 10
-2237.873329533017
 20
2719.899757023413
 42
0.5205670595169067
 10
-2237.373329533017
 20
2719.899757023413
 42
0.5205670595169067
 10
-2236.873329533017
 20
2719.899757023413
 42
0.5205670595169067
 10
-2236.373329533017
 20
2719.899757023413
 42
0.5205670595169067
 10
-2235.873329533017
 20
2719.899757023413
 42
0.5205670595169067
 10
-2235.373329533017
 20
2719.899757023413
 42
0.5205670595169067
 10
-2234.873329533017
 20
2719.899757023413
 42
0.5205670595169067
 10
-2234.373329533017
 20
2719.899757023413
 42
0.5205670595169067
 10
-2233.873329533017
 20
2719.899757023413
 42
0.5205670595169067
 10
-2233.373329533017
 20
2719.899757023413
 42
0.5205670595169067
 10
-2232.873329533017
 20
2719.899757023413
 42
0.5205670595169067
 10
-2232.373329533017
 20
2719.899757023413
 42
0.5205670595169067
 10
-2231.873329533017
 20
2719.899757023413
 42
0.5205670595169067
 10
-2231.373329533017
 20
2719.899757023413
 42
0.5205670595169067
 10
-2230.873329533017
 20
2719.899757023413
 42
0.5205670595169067
 10
-2230.373329533017
 20
2719.899757023413
 42
0.5205670595169067
 10
-2229.873329533017
 20
2719.899757023413
 42
0.5205670595169067
 10
-2229.373329533017
 20
2719.899757023413
 42
0.5205670595169067
 10
-2228.873329533017
 20
2719.899757023413
 42
0.5205670595169067
 10
-2228.373329533017
 20
2719.899757023413
 42
0.5205670595169067
 10
-2227.873329533017
 20
2719.899757023413
 42
0.5205670595169067
 10
-2227.373329533017
 20
2719.899757023413
 42
0.5205670595169067
 10
-2226.873329533017
 20
2719.899757023413
 42
0.5205670595169067
 10
-2226.373329533017
 20
2719.899757023413
 42
0.5205670595169067
 10
-2225.873329533017
 20
2719.899757023413
 42
0.5205670595169067
 10
-2225.373329533017
 20
2719.899757023413
 42
0.5205670595169067
 10
-2224.873329533017
 20
2719.899757023413
 42
0.5205670595169067
 10
-2224.373329533017
 20
2719.899757023413
 42
0.5205670595169067
 10
-2223.873329533017
 20
2719.899757023413
 42
0.5205670595169067
 10
-2223.373329533017
 20
2719.899757023413
 42
0.5205670595169067
 10
-2222.873329533017
 20
2719.899757023413
 42
0.5205670595169067
 10
-2222.373329533017
 20
2719.899757023413
 42
0.5205670595169067
 10
-2221.873329533017
 20
2719.899757023413
 42
0.5205670595169067
 10
-2221.373329533017
 20
2719.899757023413
 42
0.5205670595169067
 10
-2220.873329533017
 20
2719.899757023413
 42
0.5205670595169067
 10
-2220.373329533017
 20
2719.899757023413
 42
0.5205670595169067
 10
-2219.873329533017
 20
2719.899757023413
 42
0.5205670595169067
 10
-2219.373329533017
 20
2719.899757023413
 42
0.5205670595169067
 10
-2218.873329533017
 20
2719.899757023413
 42
0.5205670595169067
 10
-2218.373329533017
 20
2719.899757023413
 42
0.5205670595169067
 10
-2217.873329533017
 20
2719.899757023413
 42
0.5205670595169067
 10
-2217.373329533017
 20
2719.899757023413
 42
0.5205670595169067
 10
-2216.873329533017
 20
2719.899757023413
 42
0.5205670595169067
 10
-2216.373329533017
 20
2719.899757023413
 42
0.5205670595169067
 10
-2215.873329533017
 20
2719.899757023413
 42
0.5205670595169067
 10
-2215.373329533017
 20
2719.899757023413
 42
0.5205670595169067
 10
-2214.873329533017
 20
2719.899757023413
 42
0.5205670595169067
 10
-2214.373329533017
 20
2719.899757023413
 42
0.5205670595169067
 10
-2213.873329533017
 20
2719.899757023413
 42
0.5205670595169067
 10
-2213.373329533017
 20
2719.899757023413
 42
0.5205670595169067
 10
-2212.873329533017
 20
2719.899757023413
 42
0.5205670595169067
 10
-2212.373329533017
 20
2719.899757023413
 42
0.5205670595169067
 10
-2211.873329533017
 20
2719.899757023413
 42
0.5205670595169067
 10
-2211.373329533017
 20
2719.899757023413
 42
0.5205670595169067
 10
-2210.873329533017
 20
2719.899757023413
 42
0.5205670595169067
 10
-2210.373329533017
 20
2719.899757023413
 42
0.5205670595169067
 10
-2209.873329533017
 20
2719.899757023413
 42
0.5205670595169067
 10
-2209.373329533017
 20
2719.899757023413
 42
0.5205670595169067
 10
-2208.873329533017
 20
2719.899757023413
 42
0.5205670595169067
 10
-2208.373329533017
 20
2719.899757023413
 42
0.5205670595169067
 10
-2207.873329533017
 20
2719.899757023413
 42
0.5205670595169067
 10
-2207.373329533017
 20
2719.899757023413
 42
0.5205670595169067
 10
-2206.873329533017
 20
2719.899757023413
 42
0.5205670595169067
 10
-2206.373329533017
 20
2719.899757023413
 42
0.5205670595169067
 10
-2205.873329533017
 20
2719.899757023413
 42
0.5205670595169067
 10
-2205.373329533017
 20
2719.899757023413
 42
0.5205670595169067
 10
-2204.873329533017
 20
2719.899757023413
 42
0.5205670595169067
 10
-2204.373329533017
 20
2719.899757023413
 42
0.5205670595169067
 10
-2203.873329533017
 20
2719.899757023413
 42
0.5205670595169067
 10
-2203.373329533017
 20
2719.899757023413
 42
0.5205670595169067
 10
-2202.873329533017
 20
2719.899757023413
 42
0.5205670595169067
 10
-2202.373329533017
 20
2719.899757023413
 42
0.5205670595169067
 10
-2201.873329533017
 20
2719.899757023413
 42
0.5205670595169067
 10
-2201.373329533017
 20
2719.899757023413
 42
0.5205670595169067
 10
-2200.873329533017
 20
2719.899757023413
 42
0.5205670595169067
 10
-2200.373329533017
 20
2719.899757023413
 42
0.5205670595169067
 10
-2199.873329533017
 20
2719.899757023413
 42
0.5205670595169067
 10
-2199.373329533017
 20
2719.899757023413
 42
0.5205670595169067
 10
-2198.873329533017
 20
2719.899757023413
 42
0.5205670595169067
 10
-2198.373329533017
 20
2719.899757023413
 42
0.5205670595169067
 10
-2197.873329533017
 20
2719.899757023413
 42
0.5205670595169067
 10
-2197.373329533017
 20
2719.899757023413
 42
0.5205670595169067
 10
-2196.873329533017
 20
2719.899757023413
 42
0.5205670595169067
 10
-2196.373329533017
 20
2719.899757023413
 42
0.5205670595169067
 10
-2195.873329533017
 20
2719.899757023413
 42
0.5205670595169067
 10
-2195.373329533017
 20
2719.899757023413
 42
0.5205670595169067
 10
-2194.873329533017
 20
2719.899757023413
 42
0.5205670595169067
 10
-2194.373329533017
 20
2719.899757023413
 42
0.5205670595169067
 10
-2193.873329533017
 20
2719.899757023413
 42
0.5205670595169067
 10
-2193.373329533017
 20
2719.899757023413
 42
0.5205670595169067
 10
-2192.873329533017
 20
2719.899757023413
 42
0.5205670595169067
 10
-2192.373329533017
 20
2719.899757023413
 42
0.5205670595169067
 10
-2191.873329533017
 20
2719.899757023413
 42
0.5205670595169067
 10
-2191.373329533017
 20
2719.899757023413
 42
0.5205670595169067
 10
-2190.873329533017
 20
2719.899757023413
 42
0.5205670595169067
 10
-2190.373329533017
 20
2719.899757023413
 42
0.5205670595169067
 10
-2189.873329533017
 20
2719.899757023413
 42
0.5205670595169067
 10
-2189.373329533017
 20
2719.899757023413
 42
0.5205670595169067
 10
-2188.873329533017
 20
2719.899757023413
 42
0.5205670595169067
 10
-2188.373329533017
 20
2719.899757023413
 42
0.5205670595169067
 10
-2187.873329533017
 20
2719.899757023413
 42
0.5205670595169067
 10
-2187.373329533017
 20
2719.899757023413
 42
0.5205670595169067
 10
-2186.873329533017
 20
2719.899757023413
 42
0.5205670595169067
 10
-2186.373329533017
 20
2719.899757023413
 42
0.5205670595169067
 10
-2185.873329533017
 20
2719.899757023413
 42
0.5205670595169067
 10
-2185.373329533017
 20
2719.899757023413
 42
0.5205670595169067
 10
-2184.873329533017
 20
2719.899757023413
 42
0.5205670595169067
 10
-2184.373329533017
 20
2719.899757023413
 42
0.5205670595169067
 10
-2183.873329533017
 20
2719.899757023413
 42
0.5205670595169067
 10
-2183.373329533017
 20
2719.899757023413
 42
0.5205670595169067
 10
-2182.873329533017
 20
2719.899757023413
 42
0.5205670595169067
 10
-2182.373329533017
 20
2719.899757023413
 42
0.5205670595169067
 10
-2181.873329533017
 20
2719.899757023413
 42
0.5205670595169067
 10
-2181.373329533017
 20
2719.899757023413
 42
0.5205670595169067
 10
-2180.873329533017
 20
2719.899757023413
 42
0.5205670595169067
 10
-2180.373329533017
 20
2719.899757023413
 42
0.5205670595169067
 10
-2179.873329533017
 20
2719.899757023413
 42
0.5205670595169067
 10
-2179.373329533017
 20
2719.899757023413
 42
0.5205670595169067
 10
-2178.873329533017
 20
2719.899757023413
 42
0.5205670595169067
 10
-2178.373329533017
 20
2719.899757023413
 42
0.5205670595169067
 10
-2177.873329533017
 20
2719.899757023413
 42
0.5205670595169067
 10
-2177.373329533017
 20
2719.899757023413
 42
0.5205670595169067
 10
-2176.873329533017
 20
2719.899757023413
 42
0.5205670595169067
 10
-2176.373329533017
 20
2719.899757023413
 42
0.5205670595169067
 10
-2175.873329533017
 20
2719.899757023413
 42
0.5205670595169067
 10
-2175.373329533017
 20
2719.899757023413
 42
0.5205670595169067
 10
-2174.873329533017
 20
2719.899757023413
 42
0.5205670595169067
 10
-2174.373329533017
 20
2719.899757023413
 42
0.5205670595169067
 10
-2173.873329533017
 20
2719.899757023413
 42
0.5205670595169067
 10
-2173.373329533017
 20
2719.899757023413
 42
0.5205670595169067
 10
-2172.873329533017
 20
2719.899757023413
 42
0.5205670595169067
 10
-2172.373329533017
 20
2719.899757023413
 42
0.5205670595169067
 10
-2171.873329533017
 20
2719.899757023413
 42
0.5205670595169067
 10
-2171.373329533017
 20
2719.899757023413
 42
0.5205670595169067
 10
-2170.873329533017
 20
2719.899757023413
 42
0.5205670595169067
 10
-2170.373329533017
 20
2719.899757023413
 42
0.5205670595169067
 10
-2169.873329533017
 20
2719.899757023413
 42
0.5205670595169067
 10
-2169.373329533017
 20
2719.899757023413
 42
0.5205670595169067
 10
-2168.873329533017
 20
2719.899757023413
 42
0.5205670595169067
 10
-2168.373329533017
 20
2719.899757023413
 42
0.5205670595169067
 10
-2167.873329533017
 20
2719.899757023413
 42
0.5205670595169067
 10
-2167.373329533017
 20
2719.899757023413
 42
0.5205670595169067
 10
-2166.873329533017
 20
2719.899757023413
 42
0.5205670595169067
 10
-2166.373329533017
 20
2719.899757023413
 42
0.5205670595169067
 10
-2165.873329533017
 20
2719.899757023413
 42
0.5205670595169067
 10
-2165.373329533017
 20
2719.899757023413
 42
0.5205670595169067
 10
-2164.873329533017
 20
2719.899757023413
 42
0.5205670595169067
 10
-2164.373329533017
 20
2719.899757023413
 42
0.5205670595169067
 10
-2163.873329533017
 20
2719.899757023413
 42
0.5205670595169067
 10
-2163.373329533017
 20
2719.899757023413
 42
0.5205670595169067
 10
-2162.873329533017
 20
2719.899757023413
 42
0.5205670595169067
 10
-2162.373329533017
 20
2719.899757023413
 42
0.5205670595169067
 10
-2161.873329533017
 20
2719.899757023413
 42
0.5205670595169067
 10
-2161.373329533017
 20
2719.899757023413
 42
0.5205670595169067
 10
-2160.873329533017
 20
2719.899757023413
 42
0.5205670595169067
 10
-2160.373329533017
 20
2719.899757023413
 42
0.5205670595169067
 10
-2159.873329533017
 20
2719.899757023413
 42
0.5205670595169067
 10
-2159.373329533017
 20
2719.899757023413
 42
0.5205670595169067
 10
-2158.873329533017
 20
2719.899757023413
 42
0.5205670595169067
 10
-2158.373329533017
 20
2719.899757023413
 42
0.5205670595169067
 10
-2157.873329533017
 20
2719.899757023413
 42
0.5205670595169067
 10
-2157.373329533017
 20
2719.899757023413
 42
0.5205670595169067
 10
-2156.873329533017
 20
2719.899757023413
 42
0.5205670595169067
 10
-2156.373329533017
 20
2719.899757023413
 42
0.5205670595169067
 10
-2155.873329533017
 20
2719.899757023413
 42
0.5205670595169067
 10
-2155.373329533017
 20
2719.899757023413
 42
0.5205670595169067
 10
-2154.873329533017
 20
2719.899757023413
 42
0.5205670595169067
 10
-2154.373329533017
 20
2719.899757023413
 42
0.5205670595169067
 10
-2153.873329533017
 20
2719.899757023413
 42
0.5205670595169067
 10
-2153.373329533017
 20
2719.899757023413
 42
0.5205670595169067
 10
-2152.873329533017
 20
2719.899757023413
 42
0.5205670595169067
 10
-2152.373329533017
 20
2719.899757023413
 42
0.5205670595169067
 10
-2151.873329533017
 20
2719.899757023413
 42
0.5205670595169067
 10
-2151.373329533017
 20
2719.899757023413
 42
0.5205670595169067
 10
-2150.873329533017
 20
2719.899757023413
 42
0.5205670595169067
 10
-2150.373329533017
 20
2719.899757023413
 42
0.5205670595169067
 10
-2149.873329533017
 20
2719.899757023413
 42
0.5205670595169067
 10
-2149.373329533017
 20
2719.899757023413
 42
0.5205670595169067
 10
-2148.873329533017
 20
2719.899757023413
 42
0.5205670595169067
 10
-2148.373329533017
 20
2719.899757023413
 42
0.5205670595169067
 10
-2147.873329533017
 20
2719.899757023413
 42
0.5205670595169067
 10
-2147.373329533017
 20
2719.899757023413
 42
0.5205670595169067
 10
-2146.873329533017
 20
2719.899757023413
 42
0.5205670595169067
 10
-2146.373329533017
 20
2719.899757023413
 42
0.5205670595169067
 10
-2145.873329533017
 20
2719.899757023413
 42
0.5205670595169067
 10
-2145.373329533017
 20
2719.899757023413
 42
0.5205670595169067
 10
-2144.873329533017
 20
2719.899757023413
 42
0.5205670595169067
 10
-2144.373329533017
 20
2719.899757023413
 42
0.5205670595169067
 10
-2143.873329533017
 20
2719.899757023413
 42
0.5205670595169067
 10
-2143.373329533017
 20
2719.899757023413
 42
0.5205670595169067
 10
-2142.873329533017
 20
2719.899757023413
 42
0.5205670595169067
 10
-2142.373329533017
 20
2719.899757023413
 42
0.5205670595169067
 10
-2141.873329533017
 20
2719.899757023413
 42
0.5205670595169067
 10
-2141.373329533017
 20
2719.899757023413
 42
0.5205670595169067
 10
-2140.873329533017
 20
2719.899757023413
 42
0.5205670595169067
 10
-2140.373329533017
 20
2719.899757023413
 42
0.5205670595169067
 10
-2139.873329533017
 20
2719.899757023413
 42
0.5205670595169067
 10
-2139.373329533017
 20
2719.899757023413
 42
0.5205670595169067
 10
-2138.873329533017
 20
2719.899757023413
 42
0.5205670595169067
 10
-2138.373329533017
 20
2719.899757023413
 42
0.5205670595169067
 10
-2137.873329533017
 20
2719.899757023413
 42
0.5205670595169067
 10
-2137.373329533017
 20
2719.899757023413
 42
0.5205670595169067
 10
-2136.873329533017
 20
2719.899757023413
 42
0.5205670595169067
 10
-2136.373329533017
 20
2719.899757023413
 42
0.5205670595169067
 10
-2135.873329533017
 20
2719.899757023413
 42
0.5205670595169067
 10
-2135.373329533017
 20
2719.899757023413
 42
0.5205670595169067
 10
-2134.873329533017
 20
2719.899757023413
 42
0.5205670595169067
 10
-2134.373329533017
 20
2719.899757023413
 42
0.5205670595169067
 10
-2133.873329533017
 20
2719.899757023413
 42
0.5205670595169067
 10
-2133.373329533017
 20
2719.899757023413
 42
0.5205670595169067
 10
-2132.873329533017
 20
2719.899757023413
 42
0.5205670595169067
 10
-2132.373329533017
 20
2719.899757023413
 42
0.5205670595169067
 10
-2131.873329533017
 20
2719.899757023413
 42
0.5205670595169067
 10
-2131.373329533017
 20
2719.899757023413
 42
0.5205670595169067
 10
-2130.873329533017
 20
2719.899757023413
 42
0.5205670595169067
 10
-2130.373329533017
 20
2719.899757023413
 42
0.5205670595169067
 10
-2129.873329533017
 20
2719.899757023413
 42
0.5205670595169067
 10
-2129.373329533017
 20
2719.899757023413
 42
0.5205670595169067
 10
-2128.873329533017
 20
2719.899757023413
 42
0.5205670595169067
 10
-2128.373329533017
 20
2719.899757023413
 42
0.5205670595169067
 10
-2127.873329533017
 20
2719.899757023413
 42
0.5205670595169067
 10
-2127.373329533017
 20
2719.899757023413
 42
0.5205670595169067
 10
-2126.873329533017
 20
2719.899757023413
 42
0.5205670595169067
 10
-2126.373329533017
 20
2719.899757023413
 42
0.5205670595169067
 10
-2125.873329533017
 20
2719.899757023413
 42
0.5205670595169067
 10
-2125.373329533017
 20
2719.899757023413
 42
0.5205670595169067
 10
-2124.873329533017
 20
2719.899757023413
 42
0.5205670595169067
 10
-2124.373329533017
 20
2719.899757023413
 42
0.5205670595169067
 10
-2123.873329533017
 20
2719.899757023413
 42
0.5205670595169067
 10
-2123.373329533017
 20
2719.899757023413
 42
0.5205670595169067
 10
-2122.873329533017
 20
2719.899757023413
 42
0.5205670595169067
 10
-2122.373329533017
 20
2719.899757023413
 42
0.5205670595169067
 10
-2121.873329533017
 20
2719.899757023413
 42
0.5205670595169067
 10
-2121.373329533017
 20
2719.899757023413
 42
0.5205670595169067
 10
-2120.873329533017
 20
2719.899757023413
 42
0.5205670595169067
 10
-2120.373329533017
 20
2719.899757023413
 42
0.5205670595169067
 10
-2119.873329533017
 20
2719.899757023413
 42
0.5205670595169067
 10
-2119.373329533017
 20
2719.899757023413
 42
0.5205670595169067
 10
-2118.873329533017
 20
2719.899757023413
 42
0.5205670595169067
 10
-2118.373329533017
 20
2719.899757023413
 42
0.5205670595169067
 10
-2117.873329533017
 20
2719.899757023413
 42
0.5205670595169067
 10
-2117.373329533017
 20
2719.899757023413
 42
0.5205670595169067
 10
-2116.873329533017
 20
2719.899757023413
 42
0.5205670595169067
 10
-2116.373329533017
 20
2719.899757023413
 42
0.5205670595169067
 10
-2115.873329533017
 20
2719.899757023413
 42
0.5205670595169067
 10
-2115.373329533017
 20
2719.899757023413
 42
0.5205670595169067
 10
-2114.873329533017
 20
2719.899757023413
 42
0.5205670595169067
 10
-2114.373329533017
 20
2719.899757023413
 42
0.5205670595169067
 10
-2113.873329533017
 20
2719.899757023413
 42
0.5205670595169067
 10
-2113.373329533017
 20
2719.899757023413
 42
0.5205670595169067
 10
-2112.873329533017
 20
2719.899757023413
 42
0.5205670595169067
 10
-2112.373329533017
 20
2719.899757023413
 42
0.5205670595169067
 10
-2111.873329533017
 20
2719.899757023413
 42
0.5205670595169067
 10
-2111.373329533017
 20
2719.899757023413
 42
0.5205670595169067
 10
-2110.873329533017
 20
2719.899757023413
 42
0.5205670595169067
 10
-2110.373329533017
 20
2719.899757023413
 42
0.5205670595169067
 10
-2109.873329533017
 20
2719.899757023413
 42
0.5205670595169067
 10
-2109.373329533017
 20
2719.899757023413
 42
0.5205670595169067
 10
-2108.873329533017
 20
2719.899757023413
 42
0.5205670595169067
 10
-2108.373329533017
 20
2719.899757023413
 42
0.5205670595169067
 10
-2107.873329533017
 20
2719.899757023413
 42
0.5205670595169067
 10
-2107.373329533017
 20
2719.899757023413
 42
0.5205670595169067
 10
-2106.873329533017
 20
2719.899757023413
 42
0.5205670595169067
 10
-2106.373329533017
 20
2719.899757023413
 42
0.5205670595169067
 10
-2105.873329533017
 20
2719.899757023413
 42
0.5205670595169067
 10
-2105.373329533017
 20
2719.899757023413
 42
0.5205670595169067
 10
-2104.873329533017
 20
2719.899757023413
 42
0.5205670595169067
 10
-2104.373329533017
 20
2719.899757023413
 42
0.5205670595169067
 10
-2103.873329533017
 20
2719.899757023413
 42
0.5205670595169067
 10
-2103.373329533017
 20
2719.899757023413
 42
0.5205670595169067
 10
-2102.873329533017
 20
2719.899757023413
 42
0.5205670595169067
 10
-2102.373329533017
 20
2719.899757023413
 42
0.5205670595169067
 10
-2101.873329533017
 20
2719.899757023413
 42
0.5205670595169067
 10
-2101.373329533017
 20
2719.899757023413
 42
0.5205670595169067
 10
-2100.873329533017
 20
2719.899757023413
 42
0.5205670595169067
 10
-2100.373329533017
 20
2719.899757023413
 42
0.5205670595169067
 10
-2099.873329533017
 20
2719.899757023413
 42
0.5205670595169067
 10
-2099.373329533017
 20
2719.899757023413
 42
0.5205670595169067
 10
-2098.873329533017
 20
2719.899757023413
 42
0.5205670595169067
 10
-2098.373329533017
 20
2719.899757023413
 42
0.5205670595169067
 10
-2097.873329533017
 20
2719.899757023413
 42
0.5205670595169067
 10
-2097.373329533017
 20
2719.899757023413
 42
0.5205670595169067
 10
-2096.873329533017
 20
2719.899757023413
 42
0.5205670595169067
 10
-2096.373329533017
 20
2719.899757023413
 42
0.5205670595169067
 10
-2095.873329533017
 20
2719.899757023413
 42
0.5205670595169067
 10
-2095.373329533017
 20
2719.899757023413
 42
0.5205670595169067
 10
-2094.873329533017
 20
2719.899757023413
 42
0.5205670595169067
 10
-2094.373329533017
 20
2719.899757023413
 42
0.5205670595169067
 10
-2093.873329533017
 20
2719.899757023413
 42
0.5205670595169067
 10
-2093.373329533017
 20
2719.899757023413
 42
0.5205670595169067
 10
-2092.873329533017
 20
2719.899757023413
 42
0.5205670595169067
 10
-2092.373329533017
 20
2719.899757023413
 42
0.5205670595169067
 10
-2091.873329533017
 20
2719.899757023413
 42
0.5205670595169067
 10
-2091.373329533017
 20
2719.899757023413
 42
0.5205670595169067
 10
-2090.873329533017
 20
2719.899757023413
 42
0.5205670595169067
 10
-2090.373329533017
 20
2719.899757023413
 42
0.5205670595169067
 10
-2089.873329533017
 20
2719.899757023413
 42
0.5205670595169067
 10
-2089.373329533017
 20
2719.899757023413
 42
0.5205670595169067
 10
-2088.873329533017
 20
2719.899757023413
 42
0.5205670595169067
 10
-2088.373329533017
 20
2719.899757023413
 42
0.5205670595169067
 10
-2087.873329533017
 20
2719.899757023413
 42
0.5205670595169067
 10
-2087.373329533017
 20
2719.899757023413
 42
0.5205670595169067
 10
-2086.873329533017
 20
2719.899757023413
 42
0.5205670595169067
 10
-2086.373329533017
 20
2719.899757023413
 42
0.5205670595169067
 10
-2085.873329533017
 20
2719.899757023413
 42
0.5205670595169067
 10
-2085.373329533017
 20
2719.899757023413
 42
0.5205670595169067
 10
-2084.873329533017
 20
2719.899757023413
 42
0.5205670595169067
 10
-2084.373329533017
 20
2719.899757023413
 42
0.5205670595169067
 10
-2083.873329533017
 20
2719.899757023413
 42
0.5205670595169067
 10
-2083.373329533017
 20
2719.899757023413
 42
0.5205670595169067
 10
-2082.873329533017
 20
2719.899757023413
 42
0.5205670595169067
 10
-2082.373329533017
 20
2719.899757023413
 42
0.5205670595169067
 10
-2081.873329533017
 20
2719.899757023413
 42
0.5205670595169067
 10
-2081.373329533017
 20
2719.899757023413
 42
0.5205670595169067
 10
-2080.873329533017
 20
2719.899757023413
 42
0.5205670595169067
 10
-2080.373329533017
 20
2719.899757023413
 42
0.5205670595169067
 10
-2079.873329533017
 20
2719.899757023413
 42
0.5205670595169067
 10
-2079.373329533017
 20
2719.899757023413
 42
0.5205670595169067
 10
-2078.873329533017
 20
2719.899757023413
 42
0.5205670595169067
 10
-2078.373329533017
 20
2719.899757023413
 42
0.5205670595169067
 10
-2077.873329533017
 20
2719.899757023413
 42
0.5205670595169067
 10
-2077.373329533017
 20
2719.899757023413
 42
0.5205670595169067
 10
-2076.873329533017
 20
2719.899757023413
 42
0.5205670595169067
 10
-2076.373329533017
 20
2719.899757023413
 42
0.5205670595169067
 10
-2075.873329533017
 20
2719.899757023413
 42
0.5205670595169067
 10
-2075.373329533017
 20
2719.899757023413
 42
0.5205670595169067
 10
-2074.873329533017
 20
2719.899757023413
 42
0.5205670595169067
 10
-2074.373329533017
 20
2719.899757023413
 42
0.5205670595169067
 10
-2073.873329533017
 20
2719.899757023413
 42
0.5205670595169067
 10
-2073.373329533017
 20
2719.899757023413
 42
0.5205670595169067
 10
-2072.873329533017
 20
2719.899757023413
 42
0.5205670595169067
 10
-2072.373329533017
 20
2719.899757023413
 42
0.5205670595169067
 10
-2071.873329533017
 20
2719.899757023413
 42
0.5205670595169067
 10
-2071.373329533017
 20
2719.899757023413
 42
0.5205670595169067
 10
-2070.873329533017
 20
2719.899757023413
 42
0.5205670595169067
 10
-2070.373329533017
 20
2719.899757023413
 42
0.5205670595169067
 10
-2069.873329533017
 20
2719.899757023413
 42
0.5205670595169067
 10
-2069.373329533017
 20
2719.899757023413
 42
0.5205670595169067
 10
-2068.873329533017
 20
2719.899757023413
 42
0.5205670595169067
 10
-2068.373329533017
 20
2719.899757023413
 42
0.5205670595169067
 10
-2067.873329533017
 20
2719.899757023413
 42
0.5205670595169067
 10
-2067.373329533017
 20
2719.899757023413
 42
0.5205670595169067
 10
-2066.873329533017
 20
2719.899757023413
 42
0.5205670595169067
 10
-2066.373329533017
 20
2719.899757023413
 42
0.5205670595169067
 10
-2065.873329533017
 20
2719.899757023413
 42
0.5205670595169067
 10
-2065.373329533017
 20
2719.899757023413
 42
0.5205670595169067
 10
-2064.873329533017
 20
2719.899757023413
 42
0.5205670595169067
 10
-2064.373329533017
 20
2719.899757023413
 42
0.5205670595169067
 10
-2063.873329533017
 20
2719.899757023413
 42
0.5205670595169067
 10
-2063.373329533017
 20
2719.899757023413
 42
0.5205670595169067
 10
-2062.873329533017
 20
2719.899757023413
 42
0.5205670595169067
 10
-2062.373329533017
 20
2719.899757023413
 42
0.5205670595169067
 10
-2061.873329533017
 20
2719.899757023413
 42
0.5205670595169067
 10
-2061.373329533017
 20
2719.899757023413
 42
0.5205670595169067
 10
-2060.873329533017
 20
2719.899757023413
 42
0.5205670595169067
 10
-2060.373329533017
 20
2719.899757023413
 42
0.5205670595169067
 10
-2059.873329533017
 20
2719.899757023413
 42
0.5205670595169067
 10
-2059.373329533017
 20
2719.899757023413
 42
0.5205670595169067
 10
-2058.873329533017
 20
2719.899757023413
 42
0.5205670595169067
 10
-2058.373329533017
 20
2719.899757023413
 42
0.5205670595169067
 10
-2057.873329533017
 20
2719.899757023413
 42
0.5205670595169067
 10
-2057.373329533017
 20
2719.899757023413
 42
0.5205670595169067
 10
-2056.873329533017
 20
2719.899757023413
 42
0.5205670595169067
 10
-2056.373329533017
 20
2719.899757023413
 42
0.5205670595169067
 10
-2055.873329533017
 20
2719.899757023413
 42
0.5205670595169067
 10
-2055.373329533017
 20
2719.899757023413
 42
0.5205670595169067
 10
-2054.873329533017
 20
2719.899757023413
 42
0.5205670595169067
 10
-2054.373329533017
 20
2719.899757023413
 42
0.5205670595169067
 10
-2053.873329533017
 20
2719.899757023413
 42
0.5205670595169067
 10
-2053.373329533017
 20
2719.899757023413
 42
0.5205670595169067
 10
-2052.873329533017
 20
2719.899757023413
 42
0.5205670595169067
 10
-2052.373329533017
 20
2719.899757023413
 42
0.5205670595169067
 10
-2051.873329533017
 20
2719.899757023413
 42
0.5205670595169067
 10
-2051.373329533017
 20
2719.899757023413
 42
0.5205670595169067
 10
-2050.873329533017
 20
2719.899757023413
 42
0.5205670595169067
 10
-2050.373329533017
 20
2719.899757023413
 42
0.5205670595169067
 10
-2049.873329533017
 20
2719.899757023413
 42
0.5205670595169067
 10
-2049.373329533017
 20
2719.899757023413
 42
0.5205670595169067
 10
-2048.873329533017
 20
2719.899757023413
 42
0.5205670595169067
 10
-2048.373329533017
 20
2719.899757023413
 42
0.5205670595169067
 10
-2047.873329533017
 20
2719.899757023413
 42
0.5205670595169067
 10
-2047.373329533017
 20
2719.899757023413
 42
0.5205670595169067
 10
-2046.873329533017
 20
2719.899757023413
 42
0.5205670595169067
 10
-2046.373329533017
 20
2719.899757023413
 42
0.5205670595169067
 10
-2045.873329533017
 20
2719.899757023413
 42
0.5205670595169067
 10
-2045.373329533017
 20
2719.899757023413
 42
0.5205670595169067
 10
-2044.873329533017
 20
2719.899757023413
 42
0.5205670595169067
 10
-2044.373329533017
 20
2719.899757023413
 42
0.5205670595169067
 10
-2043.873329533017
 20
2719.899757023413
 42
0.5205670595169067
 10
-2043.373329533017
 20
2719.899757023413
 42
0.5205670595169067
 10
-2042.873329533017
 20
2719.899757023413
 42
0.5205670595169067
 10
-2042.373329533017
 20
2719.899757023413
 42
0.5205670595169067
 10
-2041.873329533017
 20
2719.899757023413
 42
0.5205670595169067
 10
-2041.373329533017
 20
2719.899757023413
 42
0.5205670595169067
 10
-2040.873329533017
 20
2719.899757023413
 42
0.5205670595169067
 10
-2040.373329533017
 20
2719.899757023413
 42
0.5205670595169067
 10
-2039.873329533017
 20
2719.899757023413
 42
0.5205670595169067
 10
-2039.373329533017
 20
2719.899757023413
 42
0.5205670595169067
 10
-2038.873329533017
 20
2719.899757023413
 42
0.5205670595169067
 10
-2038.373329533017
 20
2719.899757023413
 42
0.5205670595169067
 10
-2037.873329533017
 20
2719.899757023413
 42
0.5205670595169067
 10
-2037.373329533017
 20
2719.899757023413
 42
0.5205670595169067
 10
-2036.873329533017
 20
2719.899757023413
 42
0.5205670595169067
 10
-2036.373329533017
 20
2719.899757023413
 42
0.5205670595169067
 10
-2035.873329533017
 20
2719.899757023413
 42
0.5205670595169067
 10
-2035.373329533017
 20
2719.899757023413
 42
0.5205670595169067
 10
-2034.873329533017
 20
2719.899757023413
 42
0.5205670595169067
 10
-2034.373329533017
 20
2719.899757023413
 42
0.5205670595169067
 10
-2033.873329533017
 20
2719.899757023413
 42
0.5205670595169067
 10
-2033.373329533017
 20
2719.899757023413
 42
0.5205670595169067
 10
-2032.873329533017
 20
2719.899757023413
 42
0.5205670595169067
 10
-2032.373329533017
 20
2719.899757023413
 42
0.5205670595169067
 10
-2031.873329533017
 20
2719.899757023413
 42
0.5205670595169067
 10
-2031.373329533017
 20
2719.899757023413
 42
0.5205670595169067
 10
-2030.873329533017
 20
2719.899757023413
 42
0.5205670595169067
 10
-2030.373329533017
 20
2719.899757023413
 42
0.5205670595169067
 10
-2029.873329533017
 20
2719.899757023413
 42
0.5205670595169067
 10
-2029.373329533017
 20
2719.899757023413
 42
0.5205670595169067
 10
-2028.873329533017
 20
2719.899757023413
 42
0.5205670595169067
 10
-2028.373329533017
 20
2719.899757023413
 42
0.5205670595169067
 10
-2027.873329533017
 20
2719.899757023413
 42
0.5205670595169067
 10
-2027.373329533017
 20
2719.899757023413
 42
0.5205670595169067
 10
-2026.873329533017
 20
2719.899757023413
 42
0.5205670595169067
 10
-2026.373329533017
 20
2719.899757023413
 42
0.5205670595169067
 10
-2025.873329533017
 20
2719.899757023413
 42
0.5205670595169067
 10
-2025.373329533017
 20
2719.899757023413
 42
0.5205670595169067
 10
-2024.873329533017
 20
2719.899757023413
 42
0.5205670595169067
 10
-2024.373329533017
 20
2719.899757023413
 42
0.5205670595169067
 10
-2023.873329533017
 20
2719.899757023413
 42
0.5205670595169067
 10
-2023.373329533017
 20
2719.899757023413
 42
0.5205670595169067
 10
-2022.873329533017
 20
2719.899757023413
 42
0.5205670595169067
 10
-2022.373329533017
 20
2719.899757023413
 42
0.5205670595169067
 10
-2021.873329533017
 20
2719.899757023413
 42
0.5205670595169067
 10
-2021.373329533017
 20
2719.899757023413
 42
0.5205670595169067
 10
-2020.873329533017
 20
2719.899757023413
 42
0.5205670595169067
 10
-2020.373329533017
 20
2719.899757023413
 42
0.5205670595169067
 10
-2019.873329533017
 20
2719.899757023413
 42
0.5205670595169067
 10
-2019.373329533017
 20
2719.899757023413
 42
0.5205670595169067
 10
-2018.873329533017
 20
2719.899757023413
 42
0.5205670595169067
 10
-2018.373329533017
 20
2719.899757023413
 42
0.5205670595169067
 10
-2017.873329533017
 20
2719.899757023413
 42
0.5205670595169067
 10
-2017.373329533017
 20
2719.899757023413
 42
0.5205670595169067
 10
-2016.873329533017
 20
2719.899757023413
 42
0.5205670595169067
 10
-2016.373329533017
 20
2719.899757023413
 42
0.5205670595169067
 10
-2015.873329533017
 20
2719.899757023413
 42
0.5205670595169067
 10
-2015.373329533017
 20
2719.899757023413
 42
0.5205670595169067
 10
-2014.873329533017
 20
2719.899757023413
 42
0.5205670595169067
 10
-2014.373329533017
 20
2719.899757023413
 42
0.5205670595169067
 10
-2013.873329533017
 20
2719.899757023413
 42
0.5205670595169067
 10
-2013.373329533017
 20
2719.899757023413
 42
0.5205670595169067
 10
-2012.873329533017
 20
2719.899757023413
 42
0.5205670595169067
 10
-2012.373329533017
 20
2719.899757023413
 42
0.5205670595169067
 10
-2011.873329533017
 20
2719.899757023413
 42
0.5205670595169067
 10
-2011.373329533017
 20
2719.899757023413
 42
0.5205670595169067
 10
-2010.873329533017
 20
2719.899757023413
 42
0.5205670595169067
 10
-2010.373329533017
 20
2719.899757023413
 42
0.5205670595169067
 10
-2009.873329533017
 20
2719.899757023413
 42
0.5205670595169067
 10
-2009.373329533017
 20
2719.899757023413
 42
0.5205670595169067
 10
-2008.873329533017
 20
2719.899757023413
 42
0.5205670595169067
 10
-2008.373329533017
 20
2719.899757023413
 42
0.5205670595169067
 10
-2007.873329533017
 20
2719.899757023413
 42
0.5205670595169067
 10
-2007.373329533017
 20
2719.899757023413
 42
0.5205670595169067
 10
-2006.873329533017
 20
2719.899757023413
 42
0.5205670595169067
 10
-2006.373329533017
 20
2719.899757023413
 42
0.5205670595169067
 10
-2005.873329533017
 20
2719.899757023413
 42
0.5205670595169067
 10
-2005.373329533017
 20
2719.899757023413
 42
0.5205670595169067
 10
-2004.873329533017
 20
2719.899757023413
 42
0.5205670595169067
 10
-2004.373329533017
 20
2719.899757023413
 42
0.5205670595169067
 10
-2003.873329533017
 20
2719.899757023413
 42
0.5205670595169067
 10
-2003.373329533017
 20
2719.899757023413
 42
0.5205670595169067
 10
-2002.873329533017
 20
2719.899757023413
 42
0.5205670595169067
 10
-2002.373329533017
 20
2719.899757023413
 42
0.5205670595169067
 10
-2001.873329533017
 20
2719.899757023413
 42
0.5205670595169067
 10
-2001.373329533017
 20
2719.899757023413
 42
0.5205670595169067
 10
-2000.873329533017
 20
2719.899757023413
 42
0.5205670595169067
 10
-2000.373329533017
 20
2719.899757023413
 42
0.5205670595169067
 10
-1999.873329533017
 20
2719.899757023413
 42
0.5205670595169067
 10
-1999.373329533017
 20
2719.899757023413
 42
0.5205670595169067
 10
-1998.873329533017
 20
2719.899757023413
 42
0.5205670595169067
 10
-1998.373329533017
 20
2719.899757023413
 42
0.5205670595169067
 10
-1997.873329533017
 20
2719.899757023413
 42
0.5205670595169067
 10
-1997.373329533017
 20
2719.899757023413
 42
0.5205670595169067
 10
-1996.873329533017
 20
2719.899757023413
 42
0.5205670595169067
 10
-1996.373329533017
 20
2719.899757023413
 42
0.5205670595169067
 10
-1995.873329533017
 20
2719.899757023413
 42
0.5205670595169067
 10
-1995.373329533017
 20
2719.899757023413
 42
0.5205670595169067
 10
-1994.873329533017
 20
2719.899757023413
 42
0.5205670595169067
 10
-1994.373329533017
 20
2719.899757023413
 42
0.5205670595169067
 10
-1993.873329533017
 20
2719.899757023413
 42
0.5205670595169067
 10
-1993.373329533017
 20
2719.899757023413
 42
0.5205670595169067
 10
-1992.873329533017
 20
2719.899757023413
 42
0.5205670595169067
 10
-1992.373329533017
 20
2719.899757023413
 42
0.5205670595169067
 10
-1991.873329533017
 20
2719.899757023413
 42
0.5205670595169067
 10
-1991.373329533017
 20
2719.899757023413
 42
0.5205670595169067
 10
-1990.873329533017
 20
2719.899757023413
 42
0.5205670595169067
 10
-1990.373329533017
 20
2719.899757023413
 42
0.5205670595169067
 10
-1989.873329533017
 20
2719.899757023413
 42
0.5205670595169067
 10
-1989.373329533017
 20
2719.899757023413
 42
0.5205670595169067
 10
-1988.873329533017
 20
2719.899757023413
 42
0.5205670595169067
 10
-1988.373329533017
 20
2719.899757023413
 42
0.5205670595169067
 10
-1987.873329533017
 20
2719.899757023413
 42
0.5205670595169067
 10
-1987.373329533017
 20
2719.899757023413
 42
0.5205670595169067
 10
-1986.873329533017
 20
2719.899757023413
 42
0.5205670595169067
 10
-1986.373329533017
 20
2719.899757023413
 42
0.5205670595169067
 10
-1985.873329533017
 20
2719.899757023413
 42
0.5205670595169067
 10
-1985.373329533017
 20
2719.899757023413
 42
0.5205670595169067
 10
-1984.873329533017
 20
2719.899757023413
 42
0.5205670595169067
 10
-1984.373329533017
 20
2719.899757023413
 42
0.5205670595169067
 10
-1983.873329533017
 20
2719.899757023413
 42
0.5205670595169067
 10
-1983.373329533017
 20
2719.899757023413
 42
0.5205670595169067
 10
-1982.873329533017
 20
2719.899757023413
 42
0.5205670595169067
 10
-1982.373329533017
 20
2719.899757023413
 42
0.5205670595169067
 10
-1981.873329533017
 20
2719.899757023413
 42
0.5205670595169067
 10
-1981.373329533017
 20
2719.899757023413
 42
0.5205670595169067
 10
-1980.873329533017
 20
2719.899757023413
 42
0.5205670595169067
 10
-1980.373329533017
 20
2719.899757023413
 42
0.5205670595169067
 10
-1979.873329533017
 20
2719.899757023413
 42
0.5205670595169067
 10
-1979.373329533017
 20
2719.899757023413
 42
0.5205670595169067
 10
-1978.873329533017
 20
2719.899757023413
 42
0.5205670595169067
 10
-1978.373329533017
 20
2719.899757023413
 42
0.5205670595169067
 10
-1977.873329533017
 20
2719.899757023413
 42
0.5205670595169067
 10
-1977.373329533017
 20
2719.899757023413
 42
0.5205670595169067
 10
-1976.873329533017
 20
2719.899757023413
 42
0.5205670595169067
 10
-1976.373329533017
 20
2719.899757023413
 42
0.5205670595169067
 10
-1975.873329533017
 20
2719.899757023413
 42
0.5205670595169067
 10
-1975.373329533017
 20
2719.899757023413
 42
0.5205670595169067
 10
-1974.873329533017
 20
2719.899757023413
 42
0.5205670595169067
 10
-1974.373329533017
 20
2719.899757023413
 42
0.5205670595169067
 10
-1973.873329533017
 20
2719.899757023413
 42
0.5205670595169067
 10
-1973.373329533017
 20
2719.899757023413
 42
0.5205670595169067
 10
-1972.873329533017
 20
2719.899757023413
 42
0.5205670595169067
 10
-1972.373329533017
 20
2719.899757023413
 42
0.5205670595169067
 10
-1971.873329533017
 20
2719.899757023413
 42
0.5205670595169067
 10
-1971.373329533017
 20
2719.899757023413
 42
0.5205670595169067
 10
-1970.873329533017
 20
2719.899757023413
 42
0.5205670595169067
 10
-1970.373329533017
 20
2719.899757023413
 42
0.5205670595169067
 10
-1969.873329533017
 20
2719.899757023413
 42
0.5205670595169067
 10
-1969.373329533017
 20
2719.899757023413
 42
0.5205670595169067
 10
-1968.873329533017
 20
2719.899757023413
 42
0.5205670595169067
 10
-1968.373329533017
 20
2719.899757023413
 42
0.5205670595169067
 10
-1967.873329533017
 20
2719.899757023413
 42
0.5205670595169067
 10
-1967.373329533017
 20
2719.899757023413
 42
0.5205670595169067
 10
-1966.873329533017
 20
2719.899757023413
 42
0.5205670595169067
 10
-1966.373329533017
 20
2719.899757023413
 42
0.5205670595169067
 10
-1965.873329533017
 20
2719.899757023413
 42
0.5205670595169067
 10
-1965.373329533017
 20
2719.899757023413
 42
0.5205670595169067
 10
-1964.873329533017
 20
2719.899757023413
 42
0.5205670595169067
 10
-1964.373329533017
 20
2719.899757023413
 42
0.5205670595169067
 10
-1963.873329533017
 20
2719.899757023413
 42
0.5205670595169067
 10
-1963.373329533017
 20
2719.899757023413
 42
0.5205670595169067
 10
-1962.873329533017
 20
2719.899757023413
 42
0.5205670595169067
 10
-1962.373329533017
 20
2719.899757023413
 42
0.5205670595169067
 10
-1961.873329533017
 20
2719.899757023413
 42
0.5205670595169067
 10
-1961.373329533017
 20
2719.899757023413
 42
0.5205670595169067
 10
-1960.873329533017
 20
2719.899757023413
 42
0.5205670595169067
 10
-1960.373329533017
 20
2719.899757023413
 42
0.5205670595169067
 10
-1959.873329533017
 20
2719.899757023413
 42
0.5205670595169067
 10
-1959.373329533017
 20
2719.899757023413
 42
0.5205670595169067
 10
-1958.873329533017
 20
2719.899757023413
 42
0.5205670595169067
 10
-1958.373329533017
 20
2719.899757023413
 42
0.5205670595169067
 10
-1957.873329533017
 20
2719.899757023413
 42
0.5205670595169067
 10
-1957.373329533017
 20
2719.899757023413
 42
0.5205670595169067
 10
-1956.873329533017
 20
2719.899757023413
 42
0.5205670595169067
 10
-1956.373329533017
 20
2719.899757023413
 42
0.5205670595169067
 10
-1955.873329533017
 20
2719.899757023413
 42
0.5205670595169067
 10
-1955.373329533017
 20
2719.899757023413
 42
0.5205670595169067
 10
-1954.873329533017
 20
2719.899757023413
 42
0.5205670595169067
 10
-1954.373329533017
 20
2719.899757023413
 42
0.5205670595169067
 10
-1953.873329533017
 20
2719.899757023413
 42
0.5205670595169067
 10
-1953.373329533017
 20
2719.899757023413
 42
0.5205670595169067
 10
-1952.873329533017
 20
2719.899757023413
 42
0.5205670595169067
 10
-1952.373329533017
 20
2719.899757023413
 42
0.5205670595169067
 10
-1951.873329533017
 20
2719.899757023413
 42
0.5205670595169067
 10
-1951.373329533017
 20
2719.899757023413
 42
0.5205670595169067
 10
-1950.873329533017
 20
2719.899757023413
 42
0.5205670595169067
 10
-1950.373329533017
 20
2719.899757023413
 42
0.5205670595169067
 10
-1949.873329533017
 20
2719.899757023413
 42
0.5205670595169067
 10
-1949.373329533017
 20
2719.899757023413
 42
0.5205670595169067
 10
-1948.873329533017
 20
2719.899757023413
 42
0.5205670595169067
 10
-1948.373329533017
 20
2719.899757023413
 42
0.5205670595169067
 10
-1947.873329533017
 20
2719.899757023413
 42
0.5205670595169067
 10
-1947.373329533017
 20
2719.899757023413
 42
0.5205670595169067
 10
-1946.873329533017
 20
2719.899757023413
 42
0.5205670595169067
 10
-1946.373329533017
 20
2719.899757023413
 42
0.5205670595169067
 10
-1945.873329533017
 20
2719.899757023413
 42
0.5205670595169067
 10
-1945.373329533017
 20
2719.899757023413
 42
0.5205670595169067
 10
-1944.873329533017
 20
2719.899757023413
 42
0.5205670595169067
 10
-1944.373329533017
 20
2719.899757023413
 42
0.5205670595169067
 10
-1943.873329533017
 20
2719.899757023413
 42
0.5205670595169067
 10
-1943.373329533017
 20
2719.899757023413
 42
0.5205670595169067
 10
-1942.873329533017
 20
2719.899757023413
 42
0.5205670595169067
 10
-1942.373329533017
 20
2719.899757023413
 42
0.5205670595169067
 10
-1941.873329533017
 20
2719.899757023413
 42
0.5205670595169067
 10
-1941.373329533017
 20
2719.899757023413
 42
0.5205670595169067
 10
-1940.873329533017
 20
2719.899757023413
 42
0.5205670595169067
 10
-1940.373329533017
 20
2719.899757023413
 42
0.5205670595169067
 10
-1939.873329533017
 20
2719.899757023413
 42
0.5205670595169067
 10
-1939.373329533017
 20
2719.899757023413
 42
0.5205670595169067
 10
-1938.873329533017
 20
2719.899757023413
 42
0.5205670595169067
 10
-1938.373329533017
 20
2719.899757023413
 42
0.5205670595169067
 10
-1937.873329533017
 20
2719.899757023413
 42
0.5205670595169067
 10
-1937.373329533017
 20
2719.899757023413
 42
0.5205670595169067
 10
-1936.873329533017
 20
2719.899757023413
 42
0.5205670595169067
 10
-1936.373329533017
 20
2719.899757023413
 42
0.5205670595169067
 10
-1935.873329533017
 20
2719.899757023413
 42
0.5205670595169067
 10
-1935.373329533017
 20
2719.899757023413
 42
0.5205670595169067
 10
-1934.873329533017
 20
2719.899757023413
 42
0.5205670595169067
 10
-1934.373329533017
 20
2719.899757023413
 42
0.5205670595169067
 10
-1933.873329533017
 20
2719.899757023413
 42
0.5205670595169067
 10
-1933.373329533017
 20
2719.899757023413
 42
0.5205670595169067
 10
-1932.873329533017
 20
2719.899757023413
 42
0.5205670595169067
 10
-1932.373329533017
 20
2719.899757023413
 42
0.5205670595169067
 10
-1931.873329533017
 20
2719.899757023413
 42
0.5205670595169067
 10
-1931.373329533017
 20
2719.899757023413
 42
0.5205670595169067
 10
-1930.873329533017
 20
2719.899757023413
 42
0.5205670595169067
 10
-1930.373329533017
 20
2719.899757023413
 42
0.5205670595169067
 10
-1929.873329533017
 20
2719.899757023413
 42
0.5205670595169067
 10
-1929.373329533017
 20
2719.899757023413
 42
0.5205670595169067
 10
-1928.873329533017
 20
2719.899757023413
 42
0.5205670595169067
 10
-1928.373329533017
 20
2719.899757023413
 42
0.5205670595169067
 10
-1927.873329533017
 20
2719.899757023413
 42
0.5205670595169067
 10
-1927.373329533017
 20
2719.899757023413
 42
0.5205670595169067
 10
-1926.873329533017
 20
2719.899757023413
 42
0.5205670595169067
 10
-1926.373329533017
 20
2719.899757023413
 42
0.5205670595169067
 10
-1925.873329533017
 20
2719.899757023413
 42
0.5205670595169067
 10
-1925.373329533017
 20
2719.899757023413
 42
0.5205670595169067
 10
-1924.873329533017
 20
2719.899757023413
 42
0.5205670595169067
 10
-1924.373329533017
 20
2719.899757023413
 42
0.5205670595169067
 10
-1923.873329533017
 20
2719.899757023413
 42
0.5205670595169067
 10
-1923.373329533017
 20
2719.899757023413
 42
0.5205670595169067
 10
-1922.873329533017
 20
2719.899757023413
 42
0.5205670595169067
 10
-1922.373329533017
 20
2719.899757023413
 42
0.5205670595169067
 10
-1921.873329533017
 20
2719.899757023413
 42
0.5205670595169067
 10
-1921.373329533017
 20
2719.899757023413
 42
0.5205670595169067
 10
-1920.873329533017
 20
2719.899757023413
 42
0.5205670595169067
 10
-1920.373329533017
 20
2719.899757023413
 42
0.5205670595169067
 10
-1919.873329533017
 20
2719.899757023413
 42
0.5205670595169067
 10
-1919.373329533017
 20
2719.899757023413
 42
0.5205670595169067
 10
-1918.873329533017
 20
2719.899757023413
 42
0.5205670595169067
 10
-1918.373329533017
 20
2719.899757023413
 42
0.5205670595169067
 10
-1917.873329533017
 20
2719.899757023413
 42
0.5205670595169067
 10
-1917.373329533017
 20
2719.899757023413
 42
0.5205670595169067
 10
-1916.873329533017
 20
2719.899757023413
 42
0.5205670595169067
 10
-1916.373329533017
 20
2719.899757023413
 42
0.5205670595169067
 10
-1915.873329533017
 20
2719.899757023413
 42
0.5205670595169067
 10
-1915.373329533017
 20
2719.899757023413
 42
0.5205670595169067
 10
-1914.873329533017
 20
2719.899757023413
 42
0.5205670595169067
 10
-1914.373329533017
 20
2719.899757023413
 42
0.5205670595169067
 10
-1913.873329533017
 20
2719.899757023413
 42
0.5205670595169067
 10
-1913.373329533017
 20
2719.899757023413
 42
0.5205670595169067
 10
-1912.873329533017
 20
2719.899757023413
 42
0.5205670595169067
 10
-1912.373329533017
 20
2719.899757023413
 42
0.5205670595169067
 10
-1911.873329533017
 20
2719.899757023413
 42
0.5205670595169067
 10
-1911.373329533017
 20
2719.899757023413
 42
0.5205670595169067
 10
-1910.873329533017
 20
2719.899757023413
 42
0.5205670595169067
 10
-1910.373329533017
 20
2719.899757023413
 42
0.5205670595169067
 10
-1909.873329533017
 20
2719.899757023413
 42
0.5205670595169067
 10
-1909.373329533017
 20
2719.899757023413
 42
0.5205670595169067
 10
-1908.873329533017
 20
2719.899757023413
 42
0.5205670595169067
 10
-1908.373329533017
 20
2719.899757023413
 42
0.5205670595169067
 10
-1907.873329533017
 20
2719.899757023413
 42
0.5205670595169067
 10
-1907.373329533017
 20
2719.899757023413
 42
0.5205670595169067
 10
-1906.873329533017
 20
2719.899757023413
 42
0.5205670595169067
 10
-1906.373329533017
 20
2719.899757023413
 42
0.5205670595169067
 10
-1905.873329533017
 20
2719.899757023413
 42
0.5205670595169067
 10
-1905.373329533017
 20
2719.899757023413
 42
0.5205670595169067
 10
-1904.873329533017
 20
2719.899757023413
 42
0.5205670595169067
 10
-1904.373329533017
 20
2719.899757023413
 42
0.5205670595169067
 10
-1903.873329533017
 20
2719.899757023413
 42
0.5205670595169067
 10
-1903.373329533017
 20
2719.899757023413
 42
0.5205670595169067
 10
-1902.873329533017
 20
2719.899757023413
 42
0.5205670595169067
 10
-1902.373329533017
 20
2719.899757023413
 42
0.5205670595169067
 10
-1901.873329533017
 20
2719.899757023413
 42
0.5205670595169067
 10
-1901.373329533017
 20
2719.899757023413
 42
0.5205670595169067
 10
-1901.272702744172
 20
2720.299130234569
 42
0.5205670595169067
 10
-1901.272702744172
 20
2720.799130234569
 42
0.5205670595169067
 10
-1901.272702744172
 20
2721.299130234569
 42
0.5205670595169067
 10
-1901.272702744172
 20
2721.799130234569
 42
0.5205670595169067
 10
-1901.272702744172
 20
2722.299130234569
 42
0.5205670595169067
 10
-1901.272702744172
 20
2722.799130234569
 42
0.5205670595169067
 10
-1901.272702744172
 20
2723.299130234569
 42
0.5205670595169067
 10
-1901.272702744172
 20
2723.799130234569
 42
0.5205670595169067
 10
-1901.272702744172
 20
2724.299130234569
 42
0.5205670595169067
 10
-1901.272702744172
 20
2724.799130234569
 42
0.5205670595169067
 10
-1901.272702744172
 20
2725.299130234569
 42
0.5205670595169067
 10
-1901.272702744172
 20
2725.799130234569
 42
0.5205670595169067
 10
-1901.272702744172
 20
2726.299130234569
 42
0.5205670595169067
 10
-1901.272702744172
 20
2726.799130234569
 42
0.5205670595169067
 10
-1901.272702744172
 20
2727.299130234569
 42
0.5205670595169067
 10
-1901.272702744172
 20
2727.799130234569
 42
0.5205670595169067
 10
-1901.272702744172
 20
2728.299130234569
 42
0.5205670595169067
 10
-1901.272702744172
 20
2728.799130234569
 42
0.5205670595169067
 10
-1901.272702744172
 20
2729.299130234569
 42
0.5205670595169067
 10
-1901.272702744172
 20
2729.799130234569
 42
0.5205670595169067
 10
-1901.272702744172
 20
2730.299130234569
 42
0.5205670595169067
 10
-1901.272702744172
 20
2730.799130234569
 42
0.5205670595169067
 10
-1901.272702744172
 20
2731.299130234569
 42
0.5205670595169067
 10
-1901.272702744172
 20
2731.799130234569
 42
0.5205670595169067
 10
-1901.272702744172
 20
2732.299130234569
 42
0.5205670595169067
 10
-1901.272702744172
 20
2732.799130234569
 42
0.5205670595169067
 10
-1901.272702744172
 20
2733.299130234569
 42
0.5205670595169067
 10
-1901.272702744172
 20
2733.799130234569
 42
0.5205670595169067
 10
-1901.272702744172
 20
2734.299130234569
 42
0.5205670595169067
 10
-1901.272702744172
 20
2734.799130234569
 42
0.5205670595169067
 10
-1901.272702744172
 20
2735.299130234569
 42
0.5205670595169067
 10
-1901.272702744172
 20
2735.799130234569
 42
0.5205670595169067
 10
-1901.272702744172
 20
2736.299130234569
 42
0.5205670595169067
 10
-1901.272702744172
 20
2736.799130234569
 42
0.5205670595169067
 10
-1901.272702744172
 20
2737.299130234569
 42
0.5205670595169067
 10
-1901.272702744172
 20
2737.799130234569
 42
0.5205670595169067
 10
-1901.272702744172
 20
2738.299130234569
 42
0.5205670595169067
 10
-1901.272702744172
 20
2738.799130234569
 42
0.5205670595169067
 10
-1901.272702744172
 20
2739.299130234569
 42
0.5205670595169067
 10
-1901.272702744172
 20
2739.799130234569
 42
0.5205670595169067
 10
-1901.272702744172
 20
2740.299130234569
 42
0.5205670595169067
 10
-1901.272702744172
 20
2740.799130234569
 42
0.5205670595169067
 10
-1901.272702744172
 20
2741.299130234569
 42
0.5205670595169067
 10
-1901.272702744172
 20
2741.799130234569
 42
0.5205670595169067
 10
-1901.272702744172
 20
2742.299130234569
 42
0.5205670595169067
 10
-1901.272702744172
 20
2742.799130234569
 42
0.5205670595169067
 10
-1901.272702744172
 20
2743.299130234569
 42
0.5205670595169067
 10
-1901.272702744172
 20
2743.799130234569
 42
0.5205670595169067
 10
-1901.272702744172
 20
2744.299130234569
 42
0.5205670595169067
 10
-1901.272702744172
 20
2744.799130234569
 42
0.5205670595169067
 10
-1901.272702744172
 20
2745.299130234569
 42
0.5205670595169067
 10
-1901.272702744172
 20
2745.799130234569
 42
0.5205670595169067
 10
-1901.272702744172
 20
2746.299130234569
 42
0.5205670595169067
 10
-1901.272702744172
 20
2746.799130234569
 42
0.5205670595169067
 10
-1901.272702744172
 20
2747.299130234569
 42
0.5205670595169067
 10
-1901.272702744172
 20
2747.799130234569
 42
0.5205670595169067
 10
-1901.272702744172
 20
2748.299130234569
 42
0.5205670595169067
 10
-1901.272702744172
 20
2748.799130234569
 42
0.5205670595169067
 10
-1901.272702744172
 20
2749.299130234569
 42
0.5205670595169067
 10
-1901.272702744172
 20
2749.799130234569
 42
0.5205670595169067
 10
-1901.272702744172
 20
2750.299130234569
 42
0.5205670595169067
 10
-1901.272702744172
 20
2750.799130234569
 42
0.5205670595169067
 10
-1901.272702744172
 20
2751.299130234569
 42
0.5205670595169067
 10
-1901.272702744172
 20
2751.799130234569
 42
0.5205670595169067
 10
-1901.272702744172
 20
2752.299130234569
 42
0.5205670595169067
 10
-1901.272702744172
 20
2752.799130234569
 42
0.5205670595169067
 10
-1901.272702744172
 20
2753.299130234569
 42
0.5205670595169067
 10
-1901.272702744172
 20
2753.799130234569
 42
0.5205670595169067
 10
-1901.272702744172
 20
2754.299130234569
 42
0.5205670595169067
 10
-1901.272702744172
 20
2754.799130234569
 42
0.5205670595169067
 10
-1901.272702744172
 20
2755.299130234569
 42
0.5205670595169067
 10
-1901.272702744172
 20
2755.799130234569
 42
0.5205670595169067
 10
-1901.272702744172
 20
2756.299130234569
 42
0.5205670595169067
 10
-1901.272702744172
 20
2756.799130234569
 42
0.5205670595169067
 10
-1901.272702744172
 20
2757.299130234569
 42
0.5205670595169067
 10
-1901.272702744172
 20
2757.799130234569
 42
0.5205670595169067
 10
-1901.272702744172
 20
2758.299130234569
 42
0.5205670595169067
 10
-1901.272702744172
 20
2758.799130234569
 42
0.5205670595169067
 10
-1901.272702744172
 20
2759.299130234569
 42
0.5205670595169067
 10
-1901.272702744172
 20
2759.799130234569
 42
0.5205670595169067
 10
-1901.272702744172
 20
2760.299130234569
 42
0.5205670595169067
 10
-1901.272702744172
 20
2760.799130234569
 42
0.5205670595169067
 10
-1901.272702744172
 20
2761.299130234569
 42
0.5205670595169067
 10
-1901.272702744172
 20
2761.799130234569
 42
0.5205670595169067
 10
-1901.272702744172
 20
2762.299130234569
 42
0.5205670595169067
 10
-1901.272702744172
 20
2762.799130234569
 42
0.5205670595169067
 10
-1901.272702744172
 20
2763.299130234569
 42
0.5205670595169067
 10
-1901.272702744172
 20
2763.799130234569
 42
0.5205670595169067
 10
-1901.272702744172
 20
2764.299130234569
 42
0.5205670595169067
 10
-1901.272702744172
 20
2764.799130234569
 42
0.5205670595169067
 10
-1901.272702744172
 20
2765.299130234569
 42
0.5205670595169067
 10
-1901.272702744172
 20
2765.799130234569
 42
0.5205670595169067
 10
-1901.272702744172
 20
2766.299130234569
 42
0.5205670595169067
 10
-1901.272702744172
 20
2766.799130234569
 42
0.5205670595169067
 10
-1901.272702744172
 20
2767.299130234569
 42
0.5205670595169067
 10
-1901.272702744172
 20
2767.799130234569
 42
0.5205670595169067
 10
-1901.272702744172
 20
2768.299130234569
 42
0.5205670595169067
 10
-1901.272702744172
 20
2768.799130234569
 42
0.5205670595169067
 10
-1901.272702744172
 20
2769.299130234569
 42
0.5205670595169067
 10
-1901.272702744172
 20
2769.799130234569
 42
0.5205670595169067
 10
-1901.272702744172
 20
2770.299130234569
 42
0.5205670595169067
 10
-1901.272702744172
 20
2770.799130234569
 42
0.5205670595169067
 10
-1901.272702744172
 20
2771.299130234569
 42
0.5205670595169067
 10
-1901.272702744172
 20
2771.799130234569
 42
0.5205670595169067
 10
-1901.272702744172
 20
2772.299130234569
 42
0.5205670595169067
 10
-1901.272702744172
 20
2772.799130234569
 42
0.5205670595169067
 10
-1901.272702744172
 20
2773.299130234569
 42
0.5205670595169067
 10
-1901.272702744172
 20
2773.799130234569
 42
0.5205670595169067
 10
-1901.272702744172
 20
2774.299130234569
 42
0.5205670595169067
 10
-1901.272702744172
 20
2774.799130234569
 42
0.5205670595169067
 10
-1901.272702744172
 20
2775.299130234569
 42
0.5205670595169067
 10
-1901.272702744172
 20
2775.799130234569
 42
0.5205670595169067
 10
-1901.272702744172
 20
2776.299130234569
 42
0.5205670595169067
 10
-1901.272702744172
 20
2776.799130234569
 42
0.5205670595169067
 10
-1901.272702744172
 20
2777.299130234569
 42
0.5205670595169067
 10
-1901.272702744172
 20
2777.799130234569
 42
0.5205670595169067
 10
-1901.272702744172
 20
2778.299130234569
 42
0.5205670595169067
 10
-1901.272702744172
 20
2778.799130234569
 42
0.5205670595169067
 10
-1901.272702744172
 20
2779.299130234569
 42
0.5205670595169067
 10
-1901.272702744172
 20
2779.799130234569
 42
0.5205670595169067
 10
-1901.272702744172
 20
2780.299130234569
 42
0.5205670595169067
 10
-1901.272702744172
 20
2780.799130234569
 42
0.5205670595169067
 10
-1901.272702744172
 20
2781.299130234569
 42
0.5205670595169067
 10
-1901.272702744172
 20
2781.799130234569
 42
0.5205670595169067
 10
-1901.272702744172
 20
2782.299130234569
 42
0.5205670595169067
 10
-1901.272702744172
 20
2782.799130234569
 42
0.5205670595169067
 10
-1901.272702744172
 20
2783.299130234569
 42
0.5205670595169067
 10
-1901.272702744172
 20
2783.799130234569
 42
0.5205670595169067
 10
-1901.272702744172
 20
2784.299130234569
 42
0.5205670595169067
 10
-1901.272702744172
 20
2784.799130234569
 42
0.5205670595169067
 10
-1901.272702744172
 20
2785.299130234569
 42
0.5205670595169067
 10
-1901.272702744172
 20
2785.799130234569
 42
0.5205670595169067
 10
-1901.272702744172
 20
2786.299130234569
 42
0.5205670595169067
 10
-1901.272702744172
 20
2786.799130234569
 42
0.5205670595169067
 10
-1901.272702744172
 20
2787.299130234569
 42
0.5205670595169067
 10
-1901.272702744172
 20
2787.799130234569
 42
0.5205670595169067
 10
-1901.272702744172
 20
2788.299130234569
 42
0.5205670595169067
 10
-1901.272702744172
 20
2788.799130234569
 42
0.5205670595169067
 10
-1901.272702744172
 20
2789.299130234569
 42
0.5205670595169067
 10
-1901.272702744172
 20
2789.799130234569
 42
0.5205670595169067
 10
-1901.272702744172
 20
2790.299130234569
 42
0.5205670595169067
 10
-1901.272702744172
 20
2790.799130234569
 42
0.5205670595169067
 10
-1901.272702744172
 20
2791.299130234569
 42
0.5205670595169067
 10
-1901.272702744172
 20
2791.799130234569
 42
0.5205670595169067
 10
-1901.272702744172
 20
2792.299130234569
 42
0.5205670595169067
 10
-1901.272702744172
 20
2792.799130234569
 42
0.5205670595169067
 10
-1901.272702744172
 20
2793.299130234569
 42
0.5205670595169067
 10
-1901.272702744172
 20
2793.799130234569
 42
0.5205670595169067
 10
-1901.272702744172
 20
2794.299130234569
 42
0.5205670595169067
 10
-1901.272702744172
 20
2794.799130234569
 42
0.5205670595169067
 10
-1901.272702744172
 20
2795.299130234569
 42
0.5205670595169067
 10
-1901.272702744172
 20
2795.799130234569
 42
0.5205670595169067
 10
-1901.272702744172
 20
2796.299130234569
 42
0.5205670595169067
 10
-1901.272702744172
 20
2796.799130234569
 42
0.5205670595169067
 10
-1901.272702744172
 20
2797.299130234569
 42
0.5205670595169067
 10
-1901.272702744172
 20
2797.799130234569
 42
0.5205670595169067
 10
-1901.272702744172
 20
2798.299130234569
 42
0.5205670595169067
 10
-1901.272702744172
 20
2798.799130234569
 42
0.5205670595169067
 10
-1901.272702744172
 20
2799.299130234569
 42
0.5205670595169067
 10
-1901.272702744172
 20
2799.799130234569
 42
0.5205670595169067
 10
-1901.272702744172
 20
2800.299130234569
 42
0.5205670595169067
 10
-1901.272702744172
 20
2800.799130234569
 42
0.5205670595169067
 10
-1901.272702744172
 20
2801.299130234569
 42
0.5205670595169067
 10
-1901.272702744172
 20
2801.799130234569
 42
0.5205670595169067
 10
-1901.272702744172
 20
2802.299130234569
 42
0.5205670595169067
 10
-1901.272702744172
 20
2802.799130234569
 42
0.5205670595169067
 10
-1901.272702744172
 20
2803.299130234569
 42
0.5205670595169067
 10
-1901.272702744172
 20
2803.799130234569
 42
0.5205670595169067
 10
-1901.272702744172
 20
2804.299130234569
 42
0.5205670595169067
 10
-1901.272702744172
 20
2804.799130234569
 42
0.5205670595169067
 10
-1901.272702744172
 20
2805.299130234569
 42
0.5205670595169067
 10
-1901.272702744172
 20
2805.799130234569
 42
0.5205670595169067
 10
-1901.272702744172
 20
2806.299130234569
 42
0.5205670595169067
 10
-1901.272702744172
 20
2806.799130234569
 42
0.5205670595169067
 10
-1901.272702744172
 20
2807.299130234569
 42
0.5205670595169067
 10
-1901.272702744172
 20
2807.799130234569
 42
0.5205670595169067
 10
-1901.272702744172
 20
2808.299130234569
 42
0.5205670595169067
 10
-1901.272702744172
 20
2808.799130234569
 42
0.5205670595169067
 10
-1901.272702744172
 20
2809.299130234569
 42
0.5205670595169067
 10
-1901.272702744172
 20
2809.799130234569
 42
0.5205670595169067
 10
-1901.272702744172
 20
2810.299130234569
 42
0.5205670595169067
 10
-1901.272702744172
 20
2810.799130234569
 42
0.5205670595169067
 10
-1901.272702744172
 20
2811.299130234569
 42
0.5205670595169067
 10
-1901.272702744172
 20
2811.799130234569
 42
0.5205670595169067
 10
-1901.272702744172
 20
2812.299130234569
 42
0.5205670595169067
 10
-1901.272702744172
 20
2812.799130234569
 42
0.5205670595169067
 10
-1901.272702744172
 20
2813.299130234569
 42
0.5205670595169067
 10
-1901.272702744172
 20
2813.799130234569
 42
0.5205670595169067
 10
-1901.272702744172
 20
2814.299130234569
 42
0.5205670595169067
 10
-1901.272702744172
 20
2814.799130234569
 42
0.5205670595169067
 10
-1901.272702744172
 20
2815.299130234569
 42
0.5205670595169067
 10
-1901.272702744172
 20
2815.799130234569
 42
0.5205670595169067
 10
-1901.272702744172
 20
2816.299130234569
 42
0.5205670595169067
 10
-1901.272702744172
 20
2816.799130234569
 42
0.5205670595169067
 10
-1901.272702744172
 20
2817.299130234569
 42
0.5205670595169067
 10
-1901.272702744172
 20
2817.799130234569
 42
0.5205670595169067
 10
-1901.272702744172
 20
2818.299130234569
 42
0.5205670595169067
 10
-1901.272702744172
 20
2818.799130234569
 42
0.5205670595169067
 10
-1901.272702744172
 20
2819.299130234569
 42
0.5205670595169067
 10
-1901.272702744172
 20
2819.799130234569
 42
0.5205670595169067
 10
-1901.272702744172
 20
2820.299130234569
 42
0.5205670595169067
 10
-1901.272702744172
 20
2820.799130234569
 42
0.5205670595169067
 10
-1901.272702744172
 20
2821.299130234569
 42
0.5205670595169067
 10
-1901.272702744172
 20
2821.799130234569
 42
0.5205670595169067
 10
-1901.272702744172
 20
2822.299130234569
 42
0.5205670595169067
 10
-1901.272702744172
 20
2822.799130234569
 42
0.5205670595169067
 10
-1901.272702744172
 20
2823.299130234569
 42
0.5205670595169067
 10
-1901.272702744172
 20
2823.799130234569
 42
0.5205670595169067
 10
-1901.272702744172
 20
2824.299130234569
 42
0.5205670595169067
 10
-1901.272702744172
 20
2824.799130234569
 42
0.5205670595169067
 10
-1901.272702744172
 20
2825.299130234569
 42
0.5205670595169067
 10
-1901.272702744172
 20
2825.799130234569
 42
0.5205670595169067
 10
-1901.272702744172
 20
2826.299130234569
 42
0.5205670595169067
 10
-1901.272702744172
 20
2826.799130234569
 42
0.5205670595169067
 10
-1901.272702744172
 20
2827.299130234569
 42
0.5205670595169067
 10
-1901.272702744172
 20
2827.799130234569
 42
0.5205670595169067
 10
-1901.272702744172
 20
2828.299130234569
 42
0.5205670595169067
 10
-1901.272702744172
 20
2828.799130234569
 42
0.5205670595169067
 10
-1901.272702744172
 20
2829.299130234569
 42
0.5205670595169067
 10
-1901.272702744172
 20
2829.799130234569
 42
0.5205670595169067
 10
-1901.272702744172
 20
2830.299130234569
 42
0.5205670595169067
 10
-1901.272702744172
 20
2830.799130234569
 42
0.5205670595169067
 10
-1901.272702744172
 20
2831.299130234569
 42
0.5205670595169067
 10
-1901.272702744172
 20
2831.799130234569
 42
0.5205670595169067
 10
-1901.272702744172
 20
2832.299130234569
 42
0.5205670595169067
 10
-1901.272702744172
 20
2832.799130234569
 42
0.5205670595169067
 10
-1901.272702744172
 20
2833.299130234569
 42
0.5205670595169067
 10
-1901.272702744172
 20
2833.799130234569
 42
0.5205670595169067
 10
-1901.272702744172
 20
2834.299130234569
 42
0.5205670595169067
 10
-1901.272702744172
 20
2834.799130234569
 42
0.5205670595169067
 10
-1901.272702744172
 20
2835.299130234569
 42
0.5205670595169067
 10
-1901.272702744172
 20
2835.799130234569
 42
0.5205670595169067
 10
-1901.272702744172
 20
2836.299130234569
 42
0.5205670595169067
 10
-1901.272702744172
 20
2836.799130234569
 42
0.5205670595169067
 10
-1901.272702744172
 20
2837.299130234569
 42
0.5205670595169067
 10
-1901.272702744172
 20
2837.799130234569
 42
0.5205670595169067
 10
-1901.272702744172
 20
2838.299130234569
 42
0.5205670595169067
 10
-1901.272702744172
 20
2838.799130234569
 42
0.5205670595169067
 10
-1901.272702744172
 20
2839.299130234569
 42
0.5205670595169067
 10
-1901.272702744172
 20
2839.799130234569
 42
0.5205670595169067
 10
-1901.272702744172
 20
2840.299130234569
 42
0.5205670595169067
 10
-1901.272702744172
 20
2840.799130234569
 42
0.5205670595169067
 10
-1901.272702744172
 20
2841.299130234569
 42
0.5205670595169067
 10
-1901.272702744172
 20
2841.799130234569
 42
0.5205670595169067
 10
-1901.272702744172
 20
2842.299130234569
 42
0.5205670595169067
 10
-1901.272702744172
 20
2842.799130234569
 42
0.5205670595169067
 10
-1901.272702744172
 20
2843.299130234569
 42
0.5205670595169067
 10
-1901.272702744172
 20
2843.799130234569
 42
0.5205670595169067
 10
-1901.272702744172
 20
2844.299130234569
 42
0.5205670595169067
 10
-1901.272702744172
 20
2844.799130234569
 42
0.5205670595169067
 10
-1901.272702744172
 20
2845.299130234569
 42
0.5205670595169067
 10
-1901.272702744172
 20
2845.799130234569
 42
0.5205670595169067
 10
-1901.272702744172
 20
2846.299130234569
 42
0.5205670595169067
 10
-1901.272702744172
 20
2846.799130234569
 42
0.5205670595169067
 10
-1901.272702744172
 20
2847.299130234569
 42
0.5205670595169067
 10
-1901.272702744172
 20
2847.799130234569
 42
0.5205670595169067
 10
-1901.272702744172
 20
2848.299130234569
 42
0.5205670595169067
 10
-1901.272702744172
 20
2848.799130234569
 42
0.5205670595169067
 10
-1901.272702744172
 20
2849.299130234569
 42
0.5205670595169067
 10
-1901.272702744172
 20
2849.799130234569
 42
0.5205670595169067
 10
-1901.272702744172
 20
2850.299130234569
 42
0.5205670595169067
 10
-1901.272702744172
 20
2850.799130234569
 42
0.5205670595169067
 10
-1901.272702744172
 20
2851.299130234569
 42
0.5205670595169067
 10
-1901.272702744172
 20
2851.799130234569
 42
0.5205670595169067
 10
-1901.272702744172
 20
2852.299130234569
 42
0.5205670595169067
 10
-1901.272702744172
 20
2852.799130234569
 42
0.5205670595169067
 10
-1901.272702744172
 20
2853.299130234569
 42
0.5205670595169067
 10
-1901.272702744172
 20
2853.799130234569
 42
0.5205670595169067
 10
-1901.272702744172
 20
2854.299130234569
 42
0.5205670595169067
 10
-1901.272702744172
 20
2854.799130234569
 42
0.5205670595169067
 10
-1901.272702744172
 20
2855.299130234569
 42
0.5205670595169067
 10
-1901.272702744172
 20
2855.799130234569
 42
0.5205670595169067
 10
-1901.272702744172
 20
2856.299130234569
 42
0.5205670595169067
 10
-1901.272702744172
 20
2856.799130234569
 42
0.5205670595169067
 10
-1901.272702744172
 20
2857.299130234569
 42
0.5205670595169067
 10
-1901.272702744172
 20
2857.799130234569
 42
0.5205670595169067
 10
-1901.272702744172
 20
2858.299130234569
 42
0.5205670595169067
 10
-1901.272702744172
 20
2858.799130234569
 42
0.5205670595169067
 10
-1901.272702744172
 20
2859.299130234569
 42
0.5205670595169067
 10
-1901.272702744172
 20
2859.799130234569
 42
0.5205670595169067
 10
-1901.272702744172
 20
2860.299130234569
 42
0.5205670595169067
 10
-1901.272702744172
 20
2860.799130234569
 42
0.5205670595169067
 10
-1901.272702744172
 20
2861.299130234569
 42
0.5205670595169067
 10
-1901.272702744172
 20
2861.799130234569
 42
0.5205670595169067
 10
-1901.272702744172
 20
2862.299130234569
 42
0.5205670595169067
 10
-1901.272702744172
 20
2862.799130234569
 42
0.5205670595169067
 10
-1901.272702744172
 20
2863.299130234569
 42
0.5205670595169067
 10
-1901.272702744172
 20
2863.799130234569
 42
0.5205670595169067
 10
-1901.272702744172
 20
2864.299130234569
 42
0.5205670595169067
 10
-1901.272702744172
 20
2864.799130234569
 42
0.5205670595169067
 10
-1901.272702744172
 20
2865.299130234569
 42
0.5205670595169067
 10
-1901.272702744172
 20
2865.799130234569
 42
0.5205670595169067
 10
-1901.272702744172
 20
2866.299130234569
 42
0.5205670595169067
 10
-1901.272702744172
 20
2866.799130234569
 42
0.5205670595169067
 10
-1901.272702744172
 20
2867.299130234569
 42
0.5205670595169067
 10
-1901.272702744172
 20
2867.799130234569
 42
0.5205670595169067
 10
-1901.272702744172
 20
2868.299130234569
 42
0.5205670595169067
 10
-1901.272702744172
 20
2868.799130234569
 42
0.5205670595169067
 10
-1901.272702744172
 20
2869.299130234569
 42
0.5205670595169067
 10
-1901.272702744172
 20
2869.799130234569
 42
0.5205670595169067
 10
-1901.272702744172
 20
2870.299130234569
 42
0.5205670595169067
 10
-1901.272702744172
 20
2870.799130234569
 42
0.5205670595169067
 10
-1901.272702744172
 20
2871.299130234569
 42
0.5205670595169067
 10
-1901.272702744172
 20
2871.799130234569
 42
0.5205670595169067
 10
-1901.272702744172
 20
2872.299130234569
 42
0.5205670595169067
 10
-1901.272702744172
 20
2872.799130234569
 42
0.5205670595169067
 10
-1901.272702744172
 20
2873.299130234569
 42
0.5205670595169067
 10
-1901.272702744172
 20
2873.799130234569
 42
0.5205670595169067
 10
-1901.272702744172
 20
2874.299130234569
 42
0.5205670595169067
 10
-1901.272702744172
 20
2874.799130234569
 42
0.5205670595169067
 10
-1901.272702744172
 20
2875.299130234569
 42
0.5205670595169067
 10
-1901.272702744172
 20
2875.799130234569
 42
0.5205670595169067
 10
-1901.272702744172
 20
2876.299130234569
 42
0.5205670595169067
 10
-1901.272702744172
 20
2876.799130234569
 42
0.5205670595169067
 10
-1901.272702744172
 20
2877.299130234569
 42
0.5205670595169067
 10
-1901.272702744172
 20
2877.799130234569
 42
0.5205670595169067
 10
-1901.272702744172
 20
2878.299130234569
 42
0.5205670595169067
 10
-1901.272702744172
 20
2878.799130234569
 42
0.5205670595169067
 10
-1901.272702744172
 20
2879.299130234569
 42
0.5205670595169067
 10
-1901.272702744172
 20
2879.799130234569
 42
0.5205670595169067
 10
-1901.272702744172
 20
2880.299130234569
 42
0.5205670595169067
 10
-1901.272702744172
 20
2880.799130234569
 42
0.5205670595169067
 10
-1901.272702744172
 20
2881.299130234569
 42
0.5205670595169067
 10
-1901.272702744172
 20
2881.799130234569
 42
0.5205670595169067
 10
-1901.272702744172
 20
2882.299130234569
 42
0.5205670595169067
 10
-1901.272702744172
 20
2882.799130234569
 42
0.5205670595169067
 10
-1901.272702744172
 20
2883.299130234569
 42
0.5205670595169067
 10
-1901.272702744172
 20
2883.799130234569
 42
0.5205670595169067
 10
-1901.272702744172
 20
2884.299130234569
 42
0.5205670595169067
 10
-1901.272702744172
 20
2884.799130234569
 42
0.5205670595169067
 10
-1901.272702744172
 20
2885.299130234569
 42
0.5205670595169067
 10
-1901.272702744172
 20
2885.799130234569
 42
0.5205670595169067
 10
-1901.272702744172
 20
2886.299130234569
 42
0.5205670595169067
 10
-1901.272702744172
 20
2886.799130234569
 42
0.5205670595169067
 10
-1901.272702744172
 20
2887.299130234569
 42
0.5205670595169067
 10
-1901.272702744172
 20
2887.799130234569
 42
0.5205670595169067
 10
-1901.272702744172
 20
2888.299130234569
 42
0.5205670595169067
 10
-1901.272702744172
 20
2888.799130234569
 42
0.5205670595169067
 10
-1901.272702744172
 20
2889.299130234569
 42
0.5205670595169067
 10
-1901.272702744172
 20
2889.799130234569
 42
0.5205670595169067
 10
-1901.272702744172
 20
2890.299130234569
 42
0.5205670595169067
 10
-1901.272702744172
 20
2890.799130234569
 42
0.5205670595169067
 10
-1901.272702744172
 20
2891.299130234569
 42
0.5205670595169067
 10
-1901.272702744172
 20
2891.799130234569
 42
0.5205670595169067
 10
-1901.272702744172
 20
2892.299130234569
 42
0.5205670595169067
 10
-1901.272702744172
 20
2892.799130234569
 42
0.5205670595169067
 10
-1901.272702744172
 20
2893.299130234569
 42
0.5205670595169067
 10
-1901.272702744172
 20
2893.799130234569
 42
0.5205670595169067
 10
-1901.272702744172
 20
2894.299130234569
 42
0.5205670595169067
 10
-1901.272702744172
 20
2894.799130234569
 42
0.5205670595169067
 10
-1901.272702744172
 20
2895.299130234569
 42
0.5205670595169067
 10
-1901.272702744172
 20
2895.799130234569
 42
0.5205670595169067
 10
-1901.272702744172
 20
2896.299130234569
 42
0.5205670595169067
 10
-1901.272702744172
 20
2896.799130234569
 42
0.5205670595169067
 10
-1901.272702744172
 20
2897.299130234569
 42
0.5205670595169067
 10
-1901.272702744172
 20
2897.799130234569
 42
0.5205670595169067
 10
-1901.272702744172
 20
2898.299130234569
 42
0.5205670595169067
 10
-1901.272702744172
 20
2898.799130234569
 42
0.5205670595169067
 10
-1901.272702744172
 20
2899.299130234569
 42
0.5205670595169067
 10
-1901.272702744172
 20
2899.799130234569
 42
0.5205670595169067
 10
-1901.272702744172
 20
2900.299130234569
 42
0.5205670595169067
 10
-1901.272702744172
 20
2900.799130234569
 42
0.5205670595169067
 10
-1901.272702744172
 20
2901.299130234569
 42
0.5205670595169067
 10
-1901.272702744172
 20
2901.799130234569
 42
0.5205670595169067
 10
-1901.272702744172
 20
2902.299130234569
 42
0.5205670595169067
 10
-1901.272702744172
 20
2902.799130234569
 42
0.5205670595169067
 10
-1901.272702744172
 20
2903.299130234569
 42
0.5205670595169067
 10
-1901.272702744172
 20
2903.799130234569
 42
0.5205670595169067
 10
-1901.272702744172
 20
2904.299130234569
 42
0.5205670595169067
 10
-1901.272702744172
 20
2904.799130234569
 42
0.5205670595169067
 10
-1901.272702744172
 20
2905.299130234569
 42
0.5205670595169067
 10
-1901.272702744172
 20
2905.799130234569
 42
0.5205670595169067
 10
-1901.272702744172
 20
2906.299130234569
 42
0.5205670595169067
 10
-1901.272702744172
 20
2906.799130234569
 42
0.5205670595169067
 10
-1901.272702744172
 20
2907.299130234569
 42
0.5205670595169067
 10
-1901.272702744172
 20
2907.799130234569
 42
0.5205670595169067
 10
-1901.272702744172
 20
2908.299130234569
 42
0.5205670595169067
 10
-1901.272702744172
 20
2908.799130234569
 42
0.5205670595169067
 10
-1901.272702744172
 20
2909.299130234569
 42
0.5205670595169067
 10
-1901.272702744172
 20
2909.799130234569
 42
0.5205670595169067
 10
-1901.272702744172
 20
2910.299130234569
 42
0.5205670595169067
 10
-1901.272702744172
 20
2910.799130234569
 42
0.5205670595169067
 10
-1901.272702744172
 20
2911.299130234569
 42
0.5205670595169067
 10
-1901.272702744172
 20
2911.799130234569
 42
0.5205670595169067
 10
-1901.272702744172
 20
2912.299130234569
 42
0.5205670595169067
 10
-1901.272702744172
 20
2912.799130234569
 42
0.5205670595169067
 10
-1901.272702744172
 20
2913.299130234569
 42
0.5205670595169067
 10
-1901.272702744172
 20
2913.799130234569
 42
0.5205670595169067
 10
-1901.272702744172
 20
2914.299130234569
 42
0.5205670595169067
 10
-1901.272702744172
 20
2914.799130234569
 42
0.5205670595169067
 10
-1901.272702744172
 20
2915.299130234569
 42
0.5205670595169067
 10
-1901.272702744172
 20
2915.799130234569
 42
0.5205670595169067
 10
-1901.272702744172
 20
2916.299130234569
 42
0.5205670595169067
 10
-1901.272702744172
 20
2916.799130234569
 42
0.5205670595169067
 10
-1901.272702744172
 20
2917.299130234569
 42
0.5205670595169067
 10
-1901.272702744172
 20
2917.799130234569
 42
0.5205670595169067
 10
-1901.272702744172
 20
2918.299130234569
 42
0.5205670595169067
 10
-1901.272702744172
 20
2918.799130234569
 42
0.5205670595169067
 10
-1901.272702744172
 20
2919.299130234569
 42
0.5205670595169067
 10
-1901.272702744172
 20
2919.799130234569
 42
0.5205670595169067
 10
-1901.272702744172
 20
2920.299130234569
 42
0.5205670595169067
 10
-1901.272702744172
 20
2920.799130234569
 42
0.5205670595169067
 10
-1901.272702744172
 20
2921.299130234569
 42
0.5205670595169067
 10
-1901.272702744172
 20
2921.799130234569
 42
0.5205670595169067
 10
-1901.272702744172
 20
2922.299130234569
 42
0.5205670595169067
 10
-1901.272702744172
 20
2922.799130234569
 42
0.5205670595169067
 10
-1901.272702744172
 20
2923.299130234569
 42
0.5205670595169067
 10
-1901.272702744172
 20
2923.799130234569
 42
0.5205670595169067
 10
-1901.272702744172
 20
2924.299130234569
 42
0.5205670595169067
 10
-1901.272702744172
 20
2924.799130234569
 42
0.5205670595169067
 10
-1901.272702744172
 20
2925.299130234569
 42
0.5205670595169067
 10
-1901.272702744172
 20
2925.799130234569
 42
0.5205670595169067
 10
-1901.272702744172
 20
2926.299130234569
 42
0.5205670595169067
 10
-1901.272702744172
 20
2926.799130234569
 42
0.5205670595169067
 10
-1901.272702744172
 20
2927.299130234569
 42
0.5205670595169067
 10
-1901.272702744172
 20
2927.799130234569
 42
0.5205670595169067
 10
-1901.272702744172
 20
2928.299130234569
 42
0.5205670595169067
 10
-1901.272702744172
 20
2928.799130234569
 42
0.5205670595169067
 10
-1901.272702744172
 20
2929.299130234569
 42
0.5205670595169067
 10
-1901.272702744172
 20
2929.799130234569
 42
0.5205670595169067
 10
-1901.272702744172
 20
2930.299130234569
 42
0.5205670595169067
 10
-1901.272702744172
 20
2930.799130234569
 42
0.5205670595169067
 10
-1901.272702744172
 20
2931.299130234569
 42
0.5205670595169067
 10
-1901.272702744172
 20
2931.799130234569
 42
0.5205670595169067
 10
-1901.272702744172
 20
2932.299130234569
 42
0.5205670595169067
 10
-1901.272702744172
 20
2932.799130234569
 42
0.5205670595169067
 10
-1901.272702744172
 20
2933.299130234569
 42
0.5205670595169067
 10
-1901.272702744172
 20
2933.799130234569
 42
0.5205670595169067
 10
-1901.272702744172
 20
2934.299130234569
 42
0.5205670595169067
 10
-1901.272702744172
 20
2934.799130234569
 42
0.5205670595169067
 10
-1901.272702744172
 20
2935.299130234569
 42
0.5205670595169067
 10
-1901.272702744172
 20
2935.799130234569
 42
0.5205670595169067
 10
-1901.272702744172
 20
2936.299130234569
 42
0.5205670595169067
 10
-1901.272702744172
 20
2936.799130234569
 42
0.5205670595169067
 10
-1901.272702744172
 20
2937.299130234569
 42
0.5205670595169067
 10
-1901.272702744172
 20
2937.799130234569
 42
0.5205670595169067
 10
-1901.272702744172
 20
2938.299130234569
 42
0.5205670595169067
 10
-1901.272702744172
 20
2938.799130234569
 42
0.5205670595169067
 10
-1901.272702744172
 20
2939.299130234569
 42
0.5205670595169067
 10
-1901.272702744172
 20
2939.799130234569
 42
0.5205670595169067
 10
-1901.272702744172
 20
2940.299130234569
 42
0.5205670595169067
 10
-1901.272702744172
 20
2940.799130234569
 42
0.5205670595169067
 10
-1901.272702744172
 20
2941.299130234569
 42
0.5205670595169067
 10
-1901.272702744172
 20
2941.799130234569
 42
0.5205670595169067
 10
-1901.272702744172
 20
2942.299130234569
 42
0.5205670595169067
 10
-1901.272702744172
 20
2942.799130234569
 42
0.5205670595169067
 10
-1901.272702744172
 20
2943.299130234569
 42
0.5205670595169067
 10
-1901.272702744172
 20
2943.799130234569
 42
0.5205670595169067
 10
-1901.272702744172
 20
2944.299130234569
 42
0.5205670595169067
 10
-1901.272702744172
 20
2944.799130234569
 42
0.5205670595169067
 10
-1901.272702744172
 20
2945.299130234569
 42
0.5205670595169067
 10
-1901.272702744172
 20
2945.799130234569
 42
0.5205670595169067
 10
-1901.272702744172
 20
2946.299130234569
 42
0.5205670595169067
 10
-1901.272702744172
 20
2946.799130234569
 42
0.5205670595169067
 10
-1901.272702744172
 20
2947.299130234569
 42
0.5205670595169067
 10
-1901.272702744172
 20
2947.799130234569
 42
0.5205670595169067
 10
-1901.272702744172
 20
2948.299130234569
 42
0.5205670595169067
 10
-1901.272702744172
 20
2948.799130234569
 42
0.5205670595169067
 10
-1901.272702744172
 20
2949.299130234569
 42
0.5205670595169067
 10
-1901.272702744172
 20
2949.799130234569
 42
0.5205670595169067
 10
-1901.272702744172
 20
2950.299130234569
 42
0.5205670595169067
 10
-1901.272702744172
 20
2950.799130234569
 42
0.5205670595169067
 10
-1901.272702744172
 20
2951.299130234569
 42
0.5205670595169067
 10
-1901.272702744172
 20
2951.799130234569
 42
0.5205670595169067
 10
-1901.272702744172
 20
2952.299130234569
 42
0.5205670595169067
 10
-1901.272702744172
 20
2952.799130234569
 42
0.5205670595169067
 10
-1901.272702744172
 20
2953.299130234569
 42
0.5205670595169067
 10
-1901.272702744172
 20
2953.799130234569
 42
0.5205670595169067
 10
-1901.272702744172
 20
2954.299130234569
 42
0.5205670595169067
 10
-1901.272702744172
 20
2954.799130234569
 42
0.5205670595169067
 10
-1901.272702744172
 20
2955.299130234569
 42
0.5205670595169067
 10
-1901.272702744172
 20
2955.799130234569
 42
0.5205670595169067
 10
-1901.272702744172
 20
2956.299130234569
 42
0.5205670595169067
 10
-1901.272702744172
 20
2956.799130234569
 42
0.5205670595169067
 10
-1901.272702744172
 20
2957.299130234569
 42
0.5205670595169067
 10
-1901.272702744172
 20
2957.799130234569
 42
0.5205670595169067
 10
-1901.272702744172
 20
2958.299130234569
 42
0.5205670595169067
 10
-1901.272702744172
 20
2958.799130234569
 42
0.5205670595169067
 10
-1901.272702744172
 20
2959.299130234569
 42
0.5205670595169067
 10
-1901.272702744172
 20
2959.799130234569
 42
0.5205670595169067
 10
-1901.272702744172
 20
2960.299130234569
 42
0.5205670595169067
 10
-1901.272702744172
 20
2960.799130234569
 42
0.5205670595169067
 10
-1901.272702744172
 20
2961.299130234569
 42
0.5205670595169067
 10
-1901.272702744172
 20
2961.799130234569
 42
0.5205670595169067
 10
-1901.272702744172
 20
2962.299130234569
 42
0.5205670595169067
 10
-1901.272702744172
 20
2962.799130234569
 42
0.5205670595169067
 10
-1901.272702744172
 20
2963.299130234569
 42
0.5205670595169067
 10
-1901.272702744172
 20
2963.799130234569
 42
0.5205670595169067
 10
-1901.272702744172
 20
2964.299130234569
 42
0.5205670595169067
 10
-1901.272702744172
 20
2964.799130234569
 42
0.5205670595169067
 10
-1901.272702744172
 20
2965.299130234569
 42
0.5205670595169067
 10
-1901.272702744172
 20
2965.799130234569
 42
0.5205670595169067
 10
-1901.272702744172
 20
2966.299130234569
 42
0.5205670595169067
 10
-1901.272702744172
 20
2966.799130234569
 42
0.5205670595169067
 10
-1901.272702744172
 20
2967.299130234569
 42
0.5205670595169067
 10
-1901.272702744172
 20
2967.799130234569
 42
0.5205670595169067
 10
-1901.272702744172
 20
2968.299130234569
 42
0.5205670595169067
 10
-1901.272702744172
 20
2968.799130234569
 42
0.5205670595169067
 10
-1901.272702744172
 20
2969.299130234569
 42
0.5205670595169067
 10
-1901.272702744172
 20
2969.799130234569
 42
0.5205670595169067
 10
-1901.272702744172
 20
2970.299130234569
 42
0.5205670595169067
 10
-1901.272702744172
 20
2970.799130234569
 42
0.5205670595169067
 10
-1901.272702744172
 20
2971.299130234569
 42
0.5205670595169067
 10
-1901.272702744172
 20
2971.799130234569
 42
0.5205670595169067
 10
-1901.272702744172
 20
2972.299130234569
 42
0.5205670595169067
 10
-1901.272702744172
 20
2972.799130234569
 42
0.5205670595169067
 10
-1901.272702744172
 20
2973.299130234569
 42
0.5205670595169067
 10
-1901.272702744172
 20
2973.799130234569
 42
0.5205670595169067
 10
-1901.272702744172
 20
2974.299130234569
 42
0.5205670595169067
 10
-1901.272702744172
 20
2974.799130234569
 42
0.5205670595169067
 10
-1901.272702744172
 20
2975.299130234569
 42
0.5205670595169067
 10
-1901.272702744172
 20
2975.799130234569
 42
0.5205670595169067
 10
-1901.272702744172
 20
2976.299130234569
 42
0.5205670595169067
 10
-1901.272702744172
 20
2976.799130234569
 42
0.5205670595169067
 10
-1901.272702744172
 20
2977.299130234569
 42
0.5205670595169067
 10
-1901.272702744172
 20
2977.799130234569
 42
0.5205670595169067
 10
-1901.272702744172
 20
2978.299130234569
 42
0.5205670595169067
 10
-1901.272702744172
 20
2978.799130234569
 42
0.5205670595169067
 10
-1901.272702744172
 20
2979.299130234569
 42
0.5205670595169067
 10
-1901.272702744172
 20
2979.799130234569
 42
0.5205670595169067
 10
-1901.272702744172
 20
2980.299130234569
 42
0.5205670595169067
 10
-1901.272702744172
 20
2980.799130234569
 42
0.5205670595169067
 10
-1901.272702744172
 20
2981.299130234569
 42
0.5205670595169067
 10
-1901.272702744172
 20
2981.799130234569
 42
0.5205670595169067
 10
-1901.272702744172
 20
2982.299130234569
 42
0.5205670595169067
 10
-1901.272702744172
 20
2982.799130234569
 42
0.5205670595169067
 10
-1901.272702744172
 20
2983.299130234569
 42
0.5205670595169067
 10
-1901.272702744172
 20
2983.799130234569
 42
0.5205670595169067
 10
-1901.272702744172
 20
2984.299130234569
 42
0.5205670595169067
 10
-1901.272702744172
 20
2984.799130234569
 42
0.5205670595169067
 10
-1901.272702744172
 20
2985.299130234569
 42
0.5205670595169067
 10
-1901.272702744172
 20
2985.799130234569
 42
0.5205670595169067
 10
-1901.272702744172
 20
2986.299130234569
 42
0.5205670595169067
 10
-1901.272702744172
 20
2986.799130234569
 42
0.5205670595169067
 10
-1901.272702744172
 20
2987.299130234569
 42
0.5205670595169067
 10
-1901.272702744172
 20
2987.799130234569
 42
0.5205670595169067
 10
-1901.272702744172
 20
2988.299130234569
 42
0.5205670595169067
 10
-1901.272702744172
 20
2988.799130234569
 42
0.5205670595169067
 10
-1901.272702744172
 20
2989.299130234569
 42
0.5205670595169067
 10
-1901.272702744172
 20
2989.799130234569
 42
0.5205670595169067
 10
-1901.272702744172
 20
2990.299130234569
 42
0.5205670595169067
 10
-1901.272702744172
 20
2990.799130234569
 42
0.5205670595169067
 10
-1901.272702744172
 20
2991.299130234569
 42
0.5205670595169067
 10
-1901.272702744172
 20
2991.799130234569
 42
0.5205670595169067
 10
-1901.272702744172
 20
2992.299130234569
 42
0.5205670595169067
 10
-1901.272702744172
 20
2992.799130234569
 42
0.5205670595169067
 10
-1901.272702744172
 20
2993.299130234569
 42
0.5205670595169067
 10
-1901.272702744172
 20
2993.799130234569
 42
0.5205670595169067
 10
-1901.272702744172
 20
2994.299130234569
 42
0.5205670595169067
 10
-1901.272702744172
 20
2994.799130234569
 42
0.5205670595169067
 10
-1901.272702744172
 20
2995.299130234569
 42
0.5205670595169067
 10
-1901.272702744172
 20
2995.799130234569
 42
0.5205670595169067
 10
-1901.272702744172
 20
2996.299130234569
 42
0.5205670595169067
 10
-1901.272702744172
 20
2996.799130234569
 42
0.5205670595169067
 10
-1901.272702744172
 20
2997.299130234569
 42
0.5205670595169067
 10
-1901.272702744172
 20
2997.799130234569
 42
0.5205670595169067
 10
-1901.272702744172
 20
2998.299130234569
 42
0.5205670595169067
 10
-1901.272702744172
 20
2998.799130234569
 42
0.5205670595169067
 10
-1901.272702744172
 20
2999.299130234569
 42
0.5205670595169067
 10
-1901.272702744172
 20
2999.799130234569
 42
0.5205670595169067
 10
-1901.272702744172
 20
3000.299130234569
 42
0.5205670595169067
 10
-1901.272702744172
 20
3000.799130234569
 42
0.5205670595169067
 10
-1901.272702744172
 20
3001.299130234569
 42
0.5205670595169067
 10
-1901.272702744172
 20
3001.799130234569
 42
0.5205670595169067
 10
-1901.272702744172
 20
3002.299130234569
 42
0.5205670595169067
 10
-1901.272702744172
 20
3002.799130234569
 42
0.5205670595169067
 10
-1901.272702744172
 20
3003.299130234569
 42
0.5205670595169067
 10
-1901.272702744172
 20
3003.799130234569
 42
0.5205670595169067
 10
-1901.272702744172
 20
3004.299130234569
 42
0.5205670595169067
 10
-1901.272702744172
 20
3004.799130234569
 42
0.5205670595169067
 10
-1901.272702744172
 20
3005.299130234569
 42
0.5205670595169067
 10
-1901.272702744172
 20
3005.799130234569
 42
0.5205670595169067
 10
-1901.272702744172
 20
3006.299130234569
 42
0.5205670595169067
 10
-1901.272702744172
 20
3006.799130234569
 42
0.5205670595169067
 10
-1901.272702744172
 20
3007.299130234569
 42
0.5205670595169067
 10
-1901.272702744172
 20
3007.799130234569
 42
0.5205670595169067
 10
-1901.272702744172
 20
3008.299130234569
 42
0.5205670595169067
 10
-1901.272702744172
 20
3008.799130234569
 42
0.5205670595169067
 10
-1901.272702744172
 20
3009.299130234569
 42
0.5205670595169067
 10
-1901.272702744172
 20
3009.799130234569
 42
0.5205670595169067
 10
-1901.272702744172
 20
3010.299130234569
 42
0.5205670595169067
 10
-1901.272702744172
 20
3010.799130234569
 42
0.5205670595169067
 10
-1901.272702744172
 20
3011.299130234569
 42
0.5205670595169067
 10
-1901.272702744172
 20
3011.799130234569
 42
0.5205670595169067
 10
-1901.272702744172
 20
3012.299130234569
 42
0.5205670595169067
 10
-1901.272702744172
 20
3012.799130234569
 42
0.5205670595169067
 10
-1901.272702744172
 20
3013.299130234569
 42
0.5205670595169067
 10
-1901.272702744172
 20
3013.799130234569
 42
0.5205670595169067
 10
-1901.272702744172
 20
3014.299130234569
 42
0.5205670595169067
 10
-1901.272702744172
 20
3014.799130234569
 42
0.5205670595169067
 10
-1901.272702744172
 20
3015.299130234569
 42
0.5205670595169067
 10
-1901.272702744172
 20
3015.799130234569
 42
0.5205670595169067
 10
-1901.272702744172
 20
3016.299130234569
 42
0.5205670595169067
 10
-1901.272702744172
 20
3016.799130234569
 42
0.5205670595169067
 10
-1901.272702744172
 20
3017.299130234569
 42
0.5205670595169067
 10
-1901.272702744172
 20
3017.799130234569
 42
0.5205670595169067
 10
-1901.272702744172
 20
3018.299130234569
 42
0.5205670595169067
 10
-1901.272702744172
 20
3018.799130234569
 42
0.5205670595169067
 10
-1901.272702744172
 20
3019.299130234569
 42
0.5205670595169067
 10
-1901.272702744172
 20
3019.799130234569
 42
0.5205670595169067
 10
-1901.272702744172
 20
3020.299130234569
 42
0.5205670595169067
 10
-1901.272702744172
 20
3020.799130234569
 42
0.5205670595169067
 10
-1901.272702744172
 20
3021.299130234569
 42
0.5205670595169067
 10
-1901.272702744172
 20
3021.799130234569
 42
0.5205670595169067
 10
-1901.272702744172
 20
3022.299130234569
 42
0.5205670595169067
 10
-1901.272702744172
 20
3022.799130234569
 42
0.5205670595169067
 10
-1901.272702744172
 20
3023.299130234569
 42
0.5205670595169067
 10
-1901.272702744172
 20
3023.799130234569
 42
0.5205670595169067
 10
-1901.272702744172
 20
3024.299130234569
 42
0.5205670595169067
 10
-1901.272702744172
 20
3024.799130234569
 42
0.5205670595169067
 10
-1901.272702744172
 20
3025.299130234569
 42
0.5205670595169067
 10
-1901.272702744172
 20
3025.799130234569
 42
0.5205670595169067
 10
-1901.272702744172
 20
3026.299130234569
 42
0.5205670595169067
 10
-1901.272702744172
 20
3026.799130234569
 42
0.5205670595169067
 10
-1901.272702744172
 20
3027.299130234569
 42
0.5205670595169067
 10
-1901.272702744172
 20
3027.799130234569
 42
0.5205670595169067
 10
-1901.272702744172
 20
3028.299130234569
 42
0.5205670595169067
 10
-1901.272702744172
 20
3028.799130234569
 42
0.5205670595169067
 10
-1901.272702744172
 20
3029.299130234569
 42
0.5205670595169067
 10
-1901.272702744172
 20
3029.799130234569
 42
0.5205670595169067
 10
-1901.272702744172
 20
3030.299130234569
 42
0.5205670595169067
 10
-1901.272702744172
 20
3030.799130234569
 42
0.5205670595169067
 10
-1901.272702744172
 20
3031.299130234569
 42
0.5205670595169067
 10
-1901.272702744172
 20
3031.799130234569
 42
0.5205670595169067
 10
-1901.272702744172
 20
3032.299130234569
 42
0.5205670595169067
 10
-1901.272702744172
 20
3032.799130234569
 42
0.5205670595169067
 10
-1901.272702744172
 20
3033.299130234569
 42
0.5205670595169067
 10
-1901.272702744172
 20
3033.799130234569
 42
0.5205670595169067
 10
-1901.272702744172
 20
3034.299130234569
 42
0.5205670595169067
 10
-1901.272702744172
 20
3034.799130234569
 42
0.5205670595169067
 10
-1901.272702744172
 20
3035.299130234569
 42
0.5205670595169067
 10
-1901.272702744172
 20
3035.799130234569
 42
0.5205670595169067
 10
-1901.272702744172
 20
3036.299130234569
 42
0.5205670595169067
 10
-1901.272702744172
 20
3036.799130234569
 42
0.5205670595169067
 10
-1901.272702744172
 20
3037.299130234569
 42
0.5205670595169067
 10
-1901.272702744172
 20
3037.799130234569
 42
0.5205670595169067
 10
-1901.272702744172
 20
3038.299130234569
 42
0.5205670595169067
 10
-1901.272702744172
 20
3038.799130234569
 42
0.5205670595169067
 10
-1901.272702744172
 20
3039.299130234569
 42
0.5205670595169067
 10
-1901.272702744172
 20
3039.799130234569
 42
0.5205670595169067
 10
-1901.272702744172
 20
3040.299130234569
 42
0.5205670595169067
 10
-1901.272702744172
 20
3040.799130234569
 42
0.5205670595169067
 10
-1901.272702744172
 20
3041.299130234569
 42
0.5205670595169067
 10
-1901.272702744172
 20
3041.799130234569
 42
0.5205670595169067
 10
-1901.272702744172
 20
3042.299130234569
 42
0.5205670595169067
 10
-1901.272702744172
 20
3042.799130234569
 42
0.5205670595169067
 10
-1901.272702744172
 20
3043.299130234569
 42
0.5205670595169067
 10
-1901.272702744172
 20
3043.799130234569
 42
0.5205670595169067
 10
-1901.272702744172
 20
3044.299130234569
 42
0.5205670595169067
 10
-1901.272702744172
 20
3044.799130234569
 42
0.5205670595169067
 10
-1901.272702744172
 20
3045.299130234569
 42
0.5205670595169067
 10
-1901.272702744172
 20
3045.799130234569
 42
0.5205670595169067
 10
-1901.272702744172
 20
3046.299130234569
 42
0.5205670595169067
 10
-1901.272702744172
 20
3046.799130234569
 42
0.5205670595169067
 10
-1901.272702744172
 20
3047.299130234569
 42
0.5205670595169067
 10
-1901.272702744172
 20
3047.799130234569
 42
0.5205670595169067
 10
-1901.272702744172
 20
3048.299130234569
 42
0.5205670595169067
 10
-1901.272702744172
 20
3048.799130234569
 42
0.5205670595169067
 10
-1901.272702744172
 20
3049.299130234569
 42
0.5205670595169067
 10
-1901.272702744172
 20
3049.799130234569
 42
0.5205670595169067
 10
-1901.272702744172
 20
3050.299130234569
 42
0.5205670595169067
 10
-1901.272702744172
 20
3050.799130234569
 42
0.5205670595169067
 10
-1901.272702744172
 20
3051.299130234569
 42
0.5205670595169067
 10
-1901.272702744172
 20
3051.799130234569
 42
0.5205670595169067
 10
-1901.272702744172
 20
3052.299130234569
 42
0.5205670595169067
 10
-1901.272702744172
 20
3052.799130234569
 42
0.5205670595169067
 10
-1901.272702744172
 20
3053.299130234569
 42
0.5205670595169067
 10
-1901.272702744172
 20
3053.799130234569
 42
0.5205670595169067
 10
-1901.272702744172
 20
3054.299130234569
 42
0.5205670595169067
 10
-1901.272702744172
 20
3054.799130234569
 42
0.5205670595169067
 10
-1901.272702744172
 20
3055.299130234569
 42
0.5205670595169067
 10
-1901.272702744172
 20
3055.799130234569
 42
0.5205670595169067
 10
-1901.272702744172
 20
3056.299130234569
 42
0.5205670595169067
 10
-1901.272702744172
 20
3056.799130234569
 42
0.5205670595169067
 10
-1901.272702744172
 20
3057.299130234569
 42
0.5205670595169067
 10
-1901.272702744172
 20
3057.799130234569
 42
0.5205670595169067
 10
-1901.272702744172
 20
3058.299130234569
 42
0.5205670595169067
 10
-1901.272702744172
 20
3058.799130234569
 42
0.5205670595169067
 10
-1901.272702744172
 20
3059.299130234569
 42
0.5205670595169067
 10
-1901.272702744172
 20
3059.799130234569
 42
0.5205670595169067
 10
-1901.272702744172
 20
3060.299130234569
 42
0.5205670595169067
 10
-1901.272702744172
 20
3060.799130234569
 42
0.5205670595169067
 10
-1901.272702744172
 20
3061.299130234569
 42
0.5205670595169067
 10
-1901.272702744172
 20
3061.799130234569
 42
0.5205670595169067
 10
-1901.272702744172
 20
3062.299130234569
 42
0.5205670595169067
 10
-1901.272702744172
 20
3062.799130234569
 42
0.5205670595169067
 10
-1901.272702744172
 20
3063.299130234569
 42
0.5205670595169067
 10
-1901.272702744172
 20
3063.799130234569
 42
0.5205670595169067
 10
-1901.272702744172
 20
3064.299130234569
 42
0.5205670595169067
 10
-1901.272702744172
 20
3064.799130234569
 42
0.5205670595169067
 10
-1901.272702744172
 20
3065.299130234569
 42
0.5205670595169067
 10
-1901.272702744172
 20
3065.799130234569
 42
0.5205670595169067
 10
-1901.272702744172
 20
3066.299130234569
 42
0.5205670595169067
 10
-1901.272702744172
 20
3066.799130234569
 42
0.5205670595169067
 10
-1901.272702744172
 20
3067.299130234569
 42
0.5205670595169067
 10
-1901.272702744172
 20
3067.799130234569
 42
0.5205670595169067
 10
-1901.272702744172
 20
3068.299130234569
 42
0.5205670595169067
 10
-1901.272702744172
 20
3068.799130234569
 42
0.5205670595169067
 10
-1901.272702744172
 20
3069.299130234569
 42
0.5205670595169067
 10
-1901.272702744172
 20
3069.799130234569
 42
0.5205670595169067
 10
-1901.272702744172
 20
3070.299130234569
 42
0.5205670595169067
 10
-1901.272702744172
 20
3070.799130234569
 42
0.5205670595169067
 10
-1901.272702744172
 20
3071.299130234569
 42
0.5205670595169067
 10
-1901.272702744172
 20
3071.799130234569
 42
0.5205670595169067
 10
-1901.272702744172
 20
3072.299130234569
 42
0.5205670595169067
 10
-1901.272702744172
 20
3072.799130234569
 42
0.5205670595169067
 10
-1901.272702744172
 20
3073.299130234569
 42
0.5205670595169067
 10
-1901.272702744172
 20
3073.799130234569
 42
0.5205670595169067
 10
-1901.272702744172
 20
3074.299130234569
 42
0.5205670595169067
 10
-1901.272702744172
 20
3074.799130234569
 42
0.5205670595169067
 10
-1901.272702744172
 20
3075.299130234569
 42
0.5205670595169067
 10
-1901.272702744172
 20
3075.799130234569
 42
0.5205670595169067
 10
-1901.272702744172
 20
3076.299130234569
 42
0.5205670595169067
 10
-1901.272702744172
 20
3076.799130234569
 42
0.5205670595169067
 10
-1901.272702744172
 20
3077.299130234569
 42
0.5205670595169067
 10
-1901.272702744172
 20
3077.799130234569
 42
0.5205670595169067
 10
-1901.272702744172
 20
3078.299130234569
 42
0.5205670595169067
 10
-1901.272702744172
 20
3078.799130234569
 42
0.5205670595169067
 10
-1901.516205196967
 20
3079.055627781774
 42
0.5205670595169067
 10
-1902.016205196967
 20
3079.055627781774
 42
0.5205670595169067
 10
-1902.516205196967
 20
3079.055627781774
 42
0.5205670595169067
 10
-1903.016205196967
 20
3079.055627781774
 42
0.5205670595169067
 10
-1903.516205196967
 20
3079.055627781774
 42
0.5205670595169067
 10
-1904.016205196967
 20
3079.055627781774
 42
0.5205670595169067
 10
-1904.516205196967
 20
3079.055627781774
 42
0.5205670595169067
 10
-1905.016205196967
 20
3079.055627781774
 42
0.5205670595169067
 10
-1905.516205196967
 20
3079.055627781774
 42
0.5205670595169067
 10
-1906.016205196967
 20
3079.055627781774
 42
0.5205670595169067
 10
-1906.516205196967
 20
3079.055627781774
 42
0.5205670595169067
 10
-1907.016205196967
 20
3079.055627781774
 42
0.5205670595169067
 10
-1907.516205196967
 20
3079.055627781774
 42
0.5205670595169067
 10
-1908.016205196967
 20
3079.055627781774
 42
0.5205670595169067
 10
-1908.516205196967
 20
3079.055627781774
 42
0.5205670595169067
 10
-1909.016205196967
 20
3079.055627781774
 42
0.5205670595169067
 10
-1909.516205196967
 20
3079.055627781774
 42
0.5205670595169067
 10
-1910.016205196967
 20
3079.055627781774
 42
0.5205670595169067
 10
-1910.516205196967
 20
3079.055627781774
 42
0.5205670595169067
 10
-1911.016205196967
 20
3079.055627781774
 42
0.5205670595169067
 10
-1911.516205196967
 20
3079.055627781774
 42
0.5205670595169067
 10
-1912.016205196967
 20
3079.055627781774
 42
0.5205670595169067
 10
-1912.516205196967
 20
3079.055627781774
 42
0.5205670595169067
 10
-1913.016205196967
 20
3079.055627781774
 42
0.5205670595169067
 10
-1913.516205196967
 20
3079.055627781774
 42
0.5205670595169067
 10
-1914.016205196967
 20
3079.055627781774
 42
0.5205670595169067
 10
-1914.516205196967
 20
3079.055627781774
 42
0.5205670595169067
 10
-1915.016205196967
 20
3079.055627781774
 42
0.5205670595169067
 10
-1915.516205196967
 20
3079.055627781774
 42
0.5205670595169067
 10
-1916.016205196967
 20
3079.055627781774
 42
0.5205670595169067
 10
-1916.516205196967
 20
3079.055627781774
 42
0.5205670595169067
 10
-1917.016205196967
 20
3079.055627781774
 42
0.5205670595169067
 10
-1917.516205196967
 20
3079.055627781774
 42
0.5205670595169067
 10
-1918.016205196967
 20
3079.055627781774
 42
0.5205670595169067
 10
-1918.516205196967
 20
3079.055627781774
 42
0.5205670595169067
 10
-1919.016205196967
 20
3079.055627781774
 42
0.5205670595169067
 10
-1919.516205196967
 20
3079.055627781774
 42
0.5205670595169067
 10
-1920.016205196967
 20
3079.055627781774
 42
0.5205670595169067
 10
-1920.516205196967
 20
3079.055627781774
 42
0.5205670595169067
 10
-1921.016205196967
 20
3079.055627781774
 42
0.5205670595169067
 10
-1921.516205196967
 20
3079.055627781774
 42
0.5205670595169067
 10
-1922.016205196967
 20
3079.055627781774
 42
0.5205670595169067
 10
-1922.516205196967
 20
3079.055627781774
 42
0.5205670595169067
 10
-1923.016205196967
 20
3079.055627781774
 42
0.5205670595169067
 10
-1923.516205196967
 20
3079.055627781774
 42
0.5205670595169067
 10
-1924.016205196967
 20
3079.055627781774
 42
0.5205670595169067
 10
-1924.516205196967
 20
3079.055627781774
 42
0.5205670595169067
 10
-1925.016205196967
 20
3079.055627781774
 42
0.5205670595169067
 10
-1925.516205196967
 20
3079.055627781774
 42
0.5205670595169067
 10
-1926.016205196967
 20
3079.055627781774
 42
0.5205670595169067
 10
-1926.516205196967
 20
3079.055627781774
 42
0.5205670595169067
 10
-1927.016205196967
 20
3079.055627781774
 42
0.5205670595169067
 10
-1927.516205196967
 20
3079.055627781774
 42
0.5205670595169067
 10
-1928.016205196967
 20
3079.055627781774
 42
0.5205670595169067
 10
-1928.516205196967
 20
3079.055627781774
 42
0.5205670595169067
 10
-1929.016205196967
 20
3079.055627781774
 42
0.5205670595169067
 10
-1929.516205196967
 20
3079.055627781774
 42
0.5205670595169067
 10
-1930.016205196967
 20
3079.055627781774
 42
0.5205670595169067
 10
-1930.516205196967
 20
3079.055627781774
 42
0.5205670595169067
 10
-1931.016205196967
 20
3079.055627781774
 42
0.5205670595169067
 10
-1931.516205196967
 20
3079.055627781774
 42
0.5205670595169067
 10
-1932.016205196967
 20
3079.055627781774
 42
0.5205670595169067
 10
-1932.516205196967
 20
3079.055627781774
 42
0.5205670595169067
 10
-1933.016205196967
 20
3079.055627781774
 42
0.5205670595169067
 10
-1933.516205196967
 20
3079.055627781774
 42
0.5205670595169067
 10
-1934.016205196967
 20
3079.055627781774
 42
0.5205670595169067
 10
-1934.516205196967
 20
3079.055627781774
 42
0.5205670595169067
 10
-1935.016205196967
 20
3079.055627781774
 42
0.5205670595169067
 10
-1935.516205196967
 20
3079.055627781774
 42
0.5205670595169067
 10
-1936.016205196967
 20
3079.055627781774
 42
0.5205670595169067
 10
-1936.516205196967
 20
3079.055627781774
 42
0.5205670595169067
 10
-1937.016205196967
 20
3079.055627781774
 42
0.5205670595169067
 10
-1937.516205196967
 20
3079.055627781774
 42
0.5205670595169067
 10
-1938.016205196967
 20
3079.055627781774
 42
0.5205670595169067
 10
-1938.516205196967
 20
3079.055627781774
 42
0.5205670595169067
 10
-1939.016205196967
 20
3079.055627781774
 42
0.5205670595169067
 10
-1939.516205196968
 20
3079.055627781774
 42
0.5205670595169067
 10
-1940.016205196968
 20
3079.055627781774
 42
0.5205670595169067
 10
-1940.516205196968
 20
3079.055627781774
 42
0.5205670595169067
 10
-1941.016205196968
 20
3079.055627781774
 42
0.5205670595169067
 10
-1941.516205196967
 20
3079.055627781774
 42
0.5205670595169067
 10
-1942.016205196967
 20
3079.055627781774
 42
0.5205670595169067
 10
-1942.516205196967
 20
3079.055627781774
 42
0.5205670595169067
 10
-1943.016205196967
 20
3079.055627781774
 42
0.5205670595169067
 10
-1943.516205196967
 20
3079.055627781774
 42
0.5205670595169067
 10
-1944.016205196967
 20
3079.055627781774
 42
0.5205670595169067
 10
-1944.516205196967
 20
3079.055627781774
 42
0.5205670595169067
 10
-1945.016205196967
 20
3079.055627781774
 42
0.5205670595169067
 10
-1945.516205196967
 20
3079.055627781774
 42
0.5205670595169067
 10
-1946.016205196967
 20
3079.055627781774
 42
0.5205670595169067
 10
-1946.516205196967
 20
3079.055627781774
 42
0.5205670595169067
 10
-1947.016205196967
 20
3079.055627781774
 42
0.5205670595169067
 10
-1947.516205196967
 20
3079.055627781774
 42
0.5205670595169067
 10
-1948.016205196967
 20
3079.055627781774
 42
0.5205670595169067
 10
-1948.516205196967
 20
3079.055627781774
 42
0.5205670595169067
 10
-1949.016205196967
 20
3079.055627781774
 42
0.5205670595169067
 10
-1949.516205196967
 20
3079.055627781774
 42
0.5205670595169067
 10
-1950.016205196967
 20
3079.055627781774
 42
0.5205670595169067
 10
-1950.516205196967
 20
3079.055627781774
 42
0.5205670595169067
 10
-1951.016205196967
 20
3079.055627781774
 42
0.5205670595169067
 10
-1951.516205196967
 20
3079.055627781774
 42
0.5205670595169067
 10
-1952.016205196967
 20
3079.055627781774
 42
0.5205670595169067
 10
-1952.516205196967
 20
3079.055627781774
 42
0.5205670595169067
 10
-1953.016205196967
 20
3079.055627781774
 42
0.5205670595169067
 10
-1953.516205196967
 20
3079.055627781774
 42
0.5205670595169067
 10
-1954.016205196967
 20
3079.055627781774
 42
0.5205670595169067
 10
-1954.516205196967
 20
3079.055627781774
 42
0.5205670595169067
 10
-1955.016205196967
 20
3079.055627781774
 42
0.5205670595169067
 10
-1955.516205196967
 20
3079.055627781774
 42
0.5205670595169067
 10
-1956.016205196967
 20
3079.055627781774
 42
0.5205670595169067
 10
-1956.516205196967
 20
3079.055627781774
 42
0.5205670595169067
 10
-1957.016205196967
 20
3079.055627781774
 42
0.5205670595169067
 10
-1957.516205196967
 20
3079.055627781774
 42
0.5205670595169067
 10
-1958.016205196967
 20
3079.055627781774
 42
0.5205670595169067
 10
-1958.516205196967
 20
3079.055627781774
 42
0.5205670595169067
 10
-1959.016205196967
 20
3079.055627781774
 42
0.5205670595169067
 10
-1959.516205196967
 20
3079.055627781774
 42
0.5205670595169067
 10
-1960.016205196967
 20
3079.055627781774
 42
0.5205670595169067
 10
-1960.516205196967
 20
3079.055627781774
 42
0.5205670595169067
 10
-1961.016205196967
 20
3079.055627781774
 42
0.5205670595169067
 10
-1961.516205196967
 20
3079.055627781774
 42
0.5205670595169067
 10
-1962.016205196967
 20
3079.055627781774
 42
0.5205670595169067
 10
-1962.516205196967
 20
3079.055627781774
 42
0.5205670595169067
 10
-1963.016205196967
 20
3079.055627781774
 42
0.5205670595169067
 10
-1963.516205196967
 20
3079.055627781774
 42
0.5205670595169067
 10
-1964.016205196967
 20
3079.055627781774
 42
0.5205670595169067
 10
-1964.516205196967
 20
3079.055627781774
 42
0.5205670595169067
 10
-1965.016205196967
 20
3079.055627781774
 42
0.5205670595169067
 10
-1965.516205196967
 20
3079.055627781774
 42
0.5205670595169067
 10
-1966.016205196967
 20
3079.055627781774
 42
0.5205670595169067
 10
-1966.516205196967
 20
3079.055627781774
 42
0.5205670595169067
 10
-1967.016205196967
 20
3079.055627781774
 42
0.5205670595169067
 10
-1967.516205196967
 20
3079.055627781774
 42
0.5205670595169067
 10
-1968.016205196967
 20
3079.055627781774
 42
0.5205670595169067
 10
-1968.516205196967
 20
3079.055627781774
 42
0.5205670595169067
 10
-1969.016205196967
 20
3079.055627781774
 42
0.5205670595169067
 10
-1969.516205196967
 20
3079.055627781774
 42
0.5205670595169067
 10
-1970.016205196967
 20
3079.055627781774
 42
0.5205670595169067
 10
-1970.516205196967
 20
3079.055627781774
 42
0.5205670595169067
 10
-1971.016205196967
 20
3079.055627781774
 42
0.5205670595169067
 10
-1971.516205196967
 20
3079.055627781774
 42
0.5205670595169067
 10
-1972.016205196967
 20
3079.055627781774
 42
0.5205670595169067
 10
-1972.516205196967
 20
3079.055627781774
 42
0.5205670595169067
 10
-1973.016205196967
 20
3079.055627781774
 42
0.5205670595169067
 10
-1973.516205196967
 20
3079.055627781774
 42
0.5205670595169067
 10
-1974.016205196967
 20
3079.055627781774
 42
0.5205670595169067
 10
-1974.516205196967
 20
3079.055627781774
 42
0.5205670595169067
 10
-1975.016205196967
 20
3079.055627781774
 42
0.5205670595169067
 10
-1975.516205196967
 20
3079.055627781774
 42
0.5205670595169067
 10
-1976.016205196967
 20
3079.055627781774
 42
0.5205670595169067
 10
-1976.516205196967
 20
3079.055627781774
 42
0.5205670595169067
 10
-1977.016205196967
 20
3079.055627781774
 42
0.5205670595169067
 10
-1977.516205196967
 20
3079.055627781774
 42
0.5205670595169067
 10
-1978.016205196967
 20
3079.055627781774
 42
0.5205670595169067
 10
-1978.516205196967
 20
3079.055627781774
 42
0.5205670595169067
 10
-1979.016205196967
 20
3079.055627781774
 42
0.5205670595169067
 10
-1979.516205196967
 20
3079.055627781774
 42
0.5205670595169067
 10
-1980.016205196967
 20
3079.055627781774
 42
0.5205670595169067
 10
-1980.516205196967
 20
3079.055627781774
 42
0.5205670595169067
 10
-1981.016205196967
 20
3079.055627781774
 42
0.5205670595169067
 10
-1981.516205196967
 20
3079.055627781774
 42
0.5205670595169067
 10
-1982.016205196967
 20
3079.055627781774
 42
0.5205670595169067
 10
-1982.516205196967
 20
3079.055627781774
 42
0.5205670595169067
 10
-1983.016205196967
 20
3079.055627781774
 42
0.5205670595169067
 10
-1983.516205196967
 20
3079.055627781774
 42
0.5205670595169067
 10
-1984.016205196967
 20
3079.055627781774
 42
0.5205670595169067
 10
-1984.516205196967
 20
3079.055627781774
 42
0.5205670595169067
 10
-1985.016205196967
 20
3079.055627781774
 42
0.5205670595169067
 10
-1985.516205196967
 20
3079.055627781774
 42
0.5205670595169067
 10
-1986.016205196967
 20
3079.055627781774
 42
0.5205670595169067
 10
-1986.516205196967
 20
3079.055627781774
 42
0.5205670595169067
 10
-1987.016205196967
 20
3079.055627781774
 42
0.5205670595169067
 10
-1987.516205196967
 20
3079.055627781774
 42
0.5205670595169067
 10
-1988.016205196967
 20
3079.055627781774
 42
0.5205670595169067
 10
-1988.516205196967
 20
3079.055627781774
 42
0.5205670595169067
 10
-1989.016205196967
 20
3079.055627781774
 42
0.5205670595169067
 10
-1989.516205196967
 20
3079.055627781774
 42
0.5205670595169067
 10
-1990.016205196967
 20
3079.055627781774
 42
0.5205670595169067
 10
-1990.516205196967
 20
3079.055627781774
 42
0.5205670595169067
 10
-1991.016205196967
 20
3079.055627781774
 42
0.5205670595169067
 10
-1991.516205196967
 20
3079.055627781774
 42
0.5205670595169067
 10
-1992.016205196967
 20
3079.055627781774
 42
0.5205670595169067
 10
-1992.516205196967
 20
3079.055627781774
 42
0.5205670595169067
 10
-1993.016205196967
 20
3079.055627781774
 42
0.5205670595169067
 10
-1993.516205196967
 20
3079.055627781774
 42
0.5205670595169067
 10
-1994.016205196967
 20
3079.055627781774
 42
0.5205670595169067
 10
-1994.516205196967
 20
3079.055627781774
 42
0.5205670595169067
 10
-1995.016205196967
 20
3079.055627781774
 42
0.5205670595169067
 10
-1995.516205196967
 20
3079.055627781774
 42
0.5205670595169067
 10
-1996.016205196967
 20
3079.055627781774
 42
0.5205670595169067
 10
-1996.516205196967
 20
3079.055627781774
 42
0.5205670595169067
 10
-1997.016205196967
 20
3079.055627781774
 42
0.5205670595169067
 10
-1997.516205196967
 20
3079.055627781774
 42
0.5205670595169067
 10
-1998.016205196967
 20
3079.055627781774
 42
0.5205670595169067
 10
-1998.516205196967
 20
3079.055627781774
 42
0.5205670595169067
 10
-1999.016205196967
 20
3079.055627781774
 42
0.5205670595169067
 10
-1999.516205196967
 20
3079.055627781774
 42
0.5205670595169067
 10
-2000.016205196967
 20
3079.055627781774
 42
0.5205670595169067
 10
-2000.516205196967
 20
3079.055627781774
 42
0.5205670595169067
 10
-2001.016205196967
 20
3079.055627781774
 42
0.5205670595169067
 10
-2001.516205196967
 20
3079.055627781774
 42
0.5205670595169067
 10
-2002.016205196967
 20
3079.055627781774
 42
0.5205670595169067
 10
-2002.516205196967
 20
3079.055627781774
 42
0.5205670595169067
 10
-2003.016205196967
 20
3079.055627781774
 42
0.5205670595169067
 10
-2003.516205196967
 20
3079.055627781774
 42
0.5205670595169067
 10
-2004.016205196967
 20
3079.055627781774
 42
0.5205670595169067
 10
-2004.516205196967
 20
3079.055627781774
 42
0.5205670595169067
 10
-2005.016205196967
 20
3079.055627781774
 42
0.5205670595169067
 10
-2005.516205196967
 20
3079.055627781774
 42
0.5205670595169067
 10
-2006.016205196967
 20
3079.055627781774
 42
0.5205670595169067
 10
-2006.516205196967
 20
3079.055627781774
 42
0.5205670595169067
 10
-2007.016205196967
 20
3079.055627781774
 42
0.5205670595169067
 10
-2007.516205196967
 20
3079.055627781774
 42
0.5205670595169067
 10
-2008.016205196967
 20
3079.055627781774
 42
0.5205670595169067
 10
-2008.516205196967
 20
3079.055627781774
 42
0.5205670595169067
 10
-2009.016205196967
 20
3079.055627781774
 42
0.5205670595169067
 10
-2009.516205196967
 20
3079.055627781774
 42
0.5205670595169067
 10
-2010.016205196967
 20
3079.055627781774
 42
0.5205670595169067
 10
-2010.516205196967
 20
3079.055627781774
 42
0.5205670595169067
 10
-2011.016205196967
 20
3079.055627781774
 42
0.5205670595169067
 10
-2011.516205196967
 20
3079.055627781774
 42
0.5205670595169067
 10
-2012.016205196967
 20
3079.055627781774
 42
0.5205670595169067
 10
-2012.516205196967
 20
3079.055627781774
 42
0.5205670595169067
 10
-2013.016205196967
 20
3079.055627781774
 42
0.5205670595169067
 10
-2013.516205196967
 20
3079.055627781774
 42
0.5205670595169067
 10
-2014.016205196967
 20
3079.055627781774
 42
0.5205670595169067
 10
-2014.516205196967
 20
3079.055627781774
 42
0.5205670595169067
 10
-2015.016205196967
 20
3079.055627781774
 42
0.5205670595169067
 10
-2015.516205196967
 20
3079.055627781774
 42
0.5205670595169067
 10
-2016.016205196967
 20
3079.055627781774
 42
0.5205670595169067
 10
-2016.516205196967
 20
3079.055627781774
 42
0.5205670595169067
 10
-2017.016205196967
 20
3079.055627781774
 42
0.5205670595169067
 10
-2017.516205196967
 20
3079.055627781774
 42
0.5205670595169067
 10
-2018.016205196967
 20
3079.055627781774
 42
0.5205670595169067
 10
-2018.516205196967
 20
3079.055627781774
 42
0.5205670595169067
 10
-2019.016205196967
 20
3079.055627781774
 42
0.5205670595169067
 10
-2019.516205196967
 20
3079.055627781774
 42
0.5205670595169067
 10
-2020.016205196967
 20
3079.055627781774
 42
0.5205670595169067
 10
-2020.516205196967
 20
3079.055627781774
 42
0.5205670595169067
 10
-2021.016205196967
 20
3079.055627781774
 42
0.5205670595169067
 10
-2021.516205196967
 20
3079.055627781774
 42
0.5205670595169067
 10
-2022.016205196967
 20
3079.055627781774
 42
0.5205670595169067
 10
-2022.516205196967
 20
3079.055627781774
 42
0.5205670595169067
 10
-2023.016205196967
 20
3079.055627781774
 42
0.5205670595169067
 10
-2023.516205196967
 20
3079.055627781774
 42
0.5205670595169067
 10
-2024.016205196967
 20
3079.055627781774
 42
0.5205670595169067
 10
-2024.516205196967
 20
3079.055627781774
 42
0.5205670595169067
 10
-2025.016205196967
 20
3079.055627781774
 42
0.5205670595169067
 10
-2025.516205196967
 20
3079.055627781774
 42
0.5205670595169067
 10
-2026.016205196967
 20
3079.055627781774
 42
0.5205670595169067
 10
-2026.516205196967
 20
3079.055627781774
 42
0.5205670595169067
 10
-2027.016205196967
 20
3079.055627781774
 42
0.5205670595169067
 10
-2027.516205196967
 20
3079.055627781774
 42
0.5205670595169067
 10
-2028.016205196967
 20
3079.055627781774
 42
0.5205670595169067
 10
-2028.516205196967
 20
3079.055627781774
 42
0.5205670595169067
 10
-2029.016205196967
 20
3079.055627781774
 42
0.5205670595169067
 10
-2029.516205196967
 20
3079.055627781774
 42
0.5205670595169067
 10
-2030.016205196967
 20
3079.055627781774
 42
0.5205670595169067
 10
-2030.516205196967
 20
3079.055627781774
 42
0.5205670595169067
 10
-2031.016205196967
 20
3079.055627781774
 42
0.5205670595169067
 10
-2031.516205196967
 20
3079.055627781774
 42
0.5205670595169067
 10
-2032.016205196967
 20
3079.055627781774
 42
0.5205670595169067
 10
-2032.516205196967
 20
3079.055627781774
 42
0.5205670595169067
 10
-2033.016205196967
 20
3079.055627781774
 42
0.5205670595169067
 10
-2033.516205196967
 20
3079.055627781774
 42
0.5205670595169067
 10
-2034.016205196967
 20
3079.055627781774
 42
0.5205670595169067
 10
-2034.516205196967
 20
3079.055627781774
 42
0.5205670595169067
 10
-2035.016205196967
 20
3079.055627781774
 42
0.5205670595169067
 10
-2035.516205196967
 20
3079.055627781774
 42
0.5205670595169067
 10
-2036.016205196967
 20
3079.055627781774
 42
0.5205670595169067
 10
-2036.516205196967
 20
3079.055627781774
 42
0.5205670595169067
 10
-2037.016205196967
 20
3079.055627781774
 42
0.5205670595169067
 10
-2037.516205196967
 20
3079.055627781774
 42
0.5205670595169067
 10
-2038.016205196967
 20
3079.055627781774
 42
0.5205670595169067
 10
-2038.516205196967
 20
3079.055627781774
 42
0.5205670595169067
 10
-2039.016205196967
 20
3079.055627781774
 42
0.5205670595169067
 10
-2039.516205196967
 20
3079.055627781774
 42
0.5205670595169067
 10
-2040.016205196967
 20
3079.055627781774
 42
0.5205670595169067
 10
-2040.516205196967
 20
3079.055627781774
 42
0.5205670595169067
 10
-2041.016205196967
 20
3079.055627781774
 42
0.5205670595169067
 10
-2041.516205196967
 20
3079.055627781774
 42
0.5205670595169067
 10
-2042.016205196967
 20
3079.055627781774
 42
0.5205670595169067
 10
-2042.516205196967
 20
3079.055627781774
 42
0.5205670595169067
 10
-2043.016205196967
 20
3079.055627781774
 42
0.5205670595169067
 10
-2043.516205196967
 20
3079.055627781774
 42
0.5205670595169067
 10
-2044.016205196967
 20
3079.055627781774
 42
0.5205670595169067
 10
-2044.516205196967
 20
3079.055627781774
 42
0.5205670595169067
 10
-2045.016205196967
 20
3079.055627781774
 42
0.5205670595169067
 10
-2045.516205196967
 20
3079.055627781774
 42
0.5205670595169067
 10
-2046.016205196967
 20
3079.055627781774
 42
0.5205670595169067
 10
-2046.516205196967
 20
3079.055627781774
 42
0.5205670595169067
 10
-2047.016205196968
 20
3079.055627781774
 42
0.5205670595169067
 10
-2047.516205196968
 20
3079.055627781774
 42
0.5205670595169067
 10
-2048.016205196967
 20
3079.055627781774
 42
0.5205670595169067
 10
-2048.516205196967
 20
3079.055627781774
 42
0.5205670595169067
 10
-2049.016205196967
 20
3079.055627781774
 42
0.5205670595169067
 10
-2049.516205196967
 20
3079.055627781774
 42
0.5205670595169067
 10
-2050.016205196967
 20
3079.055627781774
 42
0.5205670595169067
 10
-2050.516205196967
 20
3079.055627781774
 42
0.5205670595169067
 10
-2051.016205196967
 20
3079.055627781774
 42
0.5205670595169067
 10
-2051.516205196967
 20
3079.055627781774
 42
0.5205670595169067
 10
-2052.016205196967
 20
3079.055627781774
 42
0.5205670595169067
 10
-2052.516205196967
 20
3079.055627781774
 42
0.5205670595169067
 10
-2053.016205196967
 20
3079.055627781774
 42
0.5205670595169067
 10
-2053.516205196967
 20
3079.055627781774
 42
0.5205670595169067
 10
-2054.016205196967
 20
3079.055627781774
 42
0.5205670595169067
 10
-2054.516205196967
 20
3079.055627781774
 42
0.5205670595169067
 10
-2055.016205196967
 20
3079.055627781774
 42
0.5205670595169067
 10
-2055.516205196967
 20
3079.055627781774
 42
0.5205670595169067
 10
-2056.016205196967
 20
3079.055627781774
 42
0.5205670595169067
 10
-2056.516205196967
 20
3079.055627781774
 42
0.5205670595169067
 10
-2057.016205196967
 20
3079.055627781774
 42
0.5205670595169067
 10
-2057.516205196967
 20
3079.055627781774
 42
0.5205670595169067
 10
-2058.016205196967
 20
3079.055627781774
 42
0.5205670595169067
 10
-2058.516205196967
 20
3079.055627781774
 42
0.5205670595169067
 10
-2059.016205196967
 20
3079.055627781774
 42
0.5205670595169067
 10
-2059.516205196967
 20
3079.055627781774
 42
0.5205670595169067
 10
-2060.016205196967
 20
3079.055627781774
 42
0.5205670595169067
 10
-2060.516205196967
 20
3079.055627781774
 42
0.5205670595169067
 10
-2061.016205196967
 20
3079.055627781774
 42
0.5205670595169067
 10
-2061.516205196967
 20
3079.055627781774
 42
0.5205670595169067
 10
-2062.016205196967
 20
3079.055627781774
 42
0.5205670595169067
 10
-2062.516205196967
 20
3079.055627781774
 42
0.5205670595169067
 10
-2063.016205196967
 20
3079.055627781774
 42
0.5205670595169067
 10
-2063.516205196967
 20
3079.055627781774
 42
0.5205670595169067
 10
-2064.016205196967
 20
3079.055627781774
 42
0.5205670595169067
 10
-2064.516205196967
 20
3079.055627781774
 42
0.5205670595169067
 10
-2065.016205196967
 20
3079.055627781774
 42
0.5205670595169067
 10
-2065.516205196967
 20
3079.055627781774
 42
0.5205670595169067
 10
-2066.016205196967
 20
3079.055627781774
 42
0.5205670595169067
 10
-2066.516205196967
 20
3079.055627781774
 42
0.5205670595169067
 10
-2067.016205196967
 20
3079.055627781774
 42
0.5205670595169067
 10
-2067.516205196967
 20
3079.055627781774
 42
0.5205670595169067
 10
-2068.016205196967
 20
3079.055627781774
 42
0.5205670595169067
 10
-2068.516205196967
 20
3079.055627781774
 42
0.5205670595169067
 10
-2069.016205196967
 20
3079.055627781774
 42
0.5205670595169067
 10
-2069.516205196967
 20
3079.055627781774
 42
0.5205670595169067
 10
-2070.016205196967
 20
3079.055627781774
 42
0.5205670595169067
 10
-2070.516205196967
 20
3079.055627781774
 42
0.5205670595169067
 10
-2071.016205196967
 20
3079.055627781774
 42
0.5205670595169067
 10
-2071.516205196967
 20
3079.055627781774
 42
0.5205670595169067
 10
-2072.016205196967
 20
3079.055627781774
 42
0.5205670595169067
 10
-2072.516205196967
 20
3079.055627781774
 42
0.5205670595169067
 10
-2073.016205196967
 20
3079.055627781774
 42
0.5205670595169067
 10
-2073.516205196967
 20
3079.055627781774
 42
0.5205670595169067
 10
-2074.016205196967
 20
3079.055627781774
 42
0.5205670595169067
 10
-2074.516205196967
 20
3079.055627781774
 42
0.5205670595169067
 10
-2075.016205196967
 20
3079.055627781774
 42
0.5205670595169067
 10
-2075.516205196967
 20
3079.055627781774
 42
0.5205670595169067
 10
-2076.016205196967
 20
3079.055627781774
 42
0.5205670595169067
 10
-2076.516205196967
 20
3079.055627781774
 42
0.5205670595169067
 10
-2077.016205196967
 20
3079.055627781774
 42
0.5205670595169067
 10
-2077.516205196967
 20
3079.055627781774
 42
0.5205670595169067
 10
-2078.016205196967
 20
3079.055627781774
 42
0.5205670595169067
 10
-2078.516205196967
 20
3079.055627781774
 42
0.5205670595169067
 10
-2079.016205196967
 20
3079.055627781774
 42
0.5205670595169067
 10
-2079.516205196967
 20
3079.055627781774
 42
0.5205670595169067
 10
-2080.016205196967
 20
3079.055627781774
 42
0.5205670595169067
 10
-2080.516205196967
 20
3079.055627781774
 42
0.5205670595169067
 10
-2081.016205196967
 20
3079.055627781774
 42
0.5205670595169067
 10
-2081.516205196967
 20
3079.055627781774
 42
0.5205670595169067
 10
-2082.016205196967
 20
3079.055627781774
 42
0.5205670595169067
 10
-2082.516205196967
 20
3079.055627781774
 42
0.5205670595169067
 10
-2083.016205196967
 20
3079.055627781774
 42
0.5205670595169067
 10
-2083.516205196967
 20
3079.055627781774
 42
0.5205670595169067
 10
-2084.016205196967
 20
3079.055627781774
 42
0.5205670595169067
 10
-2084.516205196967
 20
3079.055627781774
 42
0.5205670595169067
 10
-2085.016205196967
 20
3079.055627781774
 42
0.5205670595169067
 10
-2085.516205196967
 20
3079.055627781774
 42
0.5205670595169067
 10
-2086.016205196967
 20
3079.055627781774
 42
0.5205670595169067
 10
-2086.516205196967
 20
3079.055627781774
 42
0.5205670595169067
 10
-2087.016205196967
 20
3079.055627781774
 42
0.5205670595169067
 10
-2087.516205196967
 20
3079.055627781774
 42
0.5205670595169067
 10
-2088.016205196967
 20
3079.055627781774
 42
0.5205670595169067
 10
-2088.516205196967
 20
3079.055627781774
 42
0.5205670595169067
 10
-2089.016205196967
 20
3079.055627781774
 42
0.5205670595169067
 10
-2089.516205196967
 20
3079.055627781774
 42
0.5205670595169067
 10
-2090.016205196967
 20
3079.055627781774
 42
0.5205670595169067
 10
-2090.516205196967
 20
3079.055627781774
 42
0.5205670595169067
 10
-2091.016205196967
 20
3079.055627781774
 42
0.5205670595169067
 10
-2091.516205196967
 20
3079.055627781774
 42
0.5205670595169067
 10
-2092.016205196967
 20
3079.055627781774
 42
0.5205670595169067
 10
-2092.516205196967
 20
3079.055627781774
 42
0.5205670595169067
 10
-2093.016205196967
 20
3079.055627781774
 42
0.5205670595169067
 10
-2093.516205196967
 20
3079.055627781774
 42
0.5205670595169067
 10
-2094.016205196967
 20
3079.055627781774
 42
0.5205670595169067
 10
-2094.516205196967
 20
3079.055627781774
 42
0.5205670595169067
 10
-2095.016205196967
 20
3079.055627781774
 42
0.5205670595169067
 10
-2095.516205196967
 20
3079.055627781774
 42
0.5205670595169067
 10
-2096.016205196967
 20
3079.055627781774
 42
0.5205670595169067
 10
-2096.516205196967
 20
3079.055627781774
 42
0.5205670595169067
 10
-2097.016205196967
 20
3079.055627781774
 42
0.5205670595169067
 10
-2097.516205196967
 20
3079.055627781774
 42
0.5205670595169067
 10
-2098.016205196967
 20
3079.055627781774
 42
0.5205670595169067
 10
-2098.516205196967
 20
3079.055627781774
 42
0.5205670595169067
 10
-2099.016205196967
 20
3079.055627781774
 42
0.5205670595169067
 10
-2099.516205196967
 20
3079.055627781774
 42
0.5205670595169067
 10
-2100.016205196967
 20
3079.055627781774
 42
0.5205670595169067
 10
-2100.516205196967
 20
3079.055627781774
 42
0.5205670595169067
 10
-2101.016205196967
 20
3079.055627781774
 42
0.5205670595169067
 10
-2101.516205196967
 20
3079.055627781774
 42
0.5205670595169067
 10
-2102.016205196967
 20
3079.055627781774
 42
0.5205670595169067
 10
-2102.516205196967
 20
3079.055627781774
 42
0.5205670595169067
 10
-2103.016205196967
 20
3079.055627781774
 42
0.5205670595169067
 10
-2103.516205196967
 20
3079.055627781774
 42
0.5205670595169067
 10
-2104.016205196967
 20
3079.055627781774
 42
0.5205670595169067
 10
-2104.516205196967
 20
3079.055627781774
 42
0.5205670595169067
 10
-2105.016205196967
 20
3079.055627781774
 42
0.5205670595169067
 10
-2105.516205196967
 20
3079.055627781774
 42
0.5205670595169067
 10
-2106.016205196967
 20
3079.055627781774
 42
0.5205670595169067
 10
-2106.516205196967
 20
3079.055627781774
 42
0.5205670595169067
 10
-2107.016205196967
 20
3079.055627781774
 42
0.5205670595169067
 10
-2107.516205196967
 20
3079.055627781774
 42
0.5205670595169067
 10
-2108.016205196967
 20
3079.055627781774
 42
0.5205670595169067
 10
-2108.516205196967
 20
3079.055627781774
 42
0.5205670595169067
 10
-2109.016205196967
 20
3079.055627781774
 42
0.5205670595169067
 10
-2109.516205196967
 20
3079.055627781774
 42
0.5205670595169067
 10
-2110.016205196967
 20
3079.055627781774
 42
0.5205670595169067
 10
-2110.516205196967
 20
3079.055627781774
 42
0.5205670595169067
 10
-2111.016205196967
 20
3079.055627781774
 42
0.5205670595169067
 10
-2111.516205196967
 20
3079.055627781774
 42
0.5205670595169067
 10
-2112.016205196967
 20
3079.055627781774
 42
0.5205670595169067
 10
-2112.516205196967
 20
3079.055627781774
 42
0.5205670595169067
 10
-2113.016205196967
 20
3079.055627781774
 42
0.5205670595169067
 10
-2113.516205196967
 20
3079.055627781774
 42
0.5205670595169067
 10
-2114.016205196967
 20
3079.055627781774
 42
0.5205670595169067
 10
-2114.516205196967
 20
3079.055627781774
 42
0.5205670595169067
 10
-2115.016205196967
 20
3079.055627781774
 42
0.5205670595169067
 10
-2115.516205196967
 20
3079.055627781774
 42
0.5205670595169067
 10
-2116.016205196967
 20
3079.055627781774
 42
0.5205670595169067
 10
-2116.516205196967
 20
3079.055627781774
 42
0.5205670595169067
 10
-2117.016205196967
 20
3079.055627781774
 42
0.5205670595169067
 10
-2117.516205196967
 20
3079.055627781774
 42
0.5205670595169067
 10
-2118.016205196967
 20
3079.055627781774
 42
0.5205670595169067
 10
-2118.516205196967
 20
3079.055627781774
 42
0.5205670595169067
 10
-2119.016205196967
 20
3079.055627781774
 42
0.5205670595169067
 10
-2119.516205196967
 20
3079.055627781774
 42
0.5205670595169067
 10
-2120.016205196967
 20
3079.055627781774
 42
0.5205670595169067
 10
-2120.516205196967
 20
3079.055627781774
 42
0.5205670595169067
 10
-2121.016205196967
 20
3079.055627781774
 42
0.5205670595169067
 10
-2121.516205196967
 20
3079.055627781774
 42
0.5205670595169067
 10
-2122.016205196967
 20
3079.055627781774
 42
0.5205670595169067
 10
-2122.516205196967
 20
3079.055627781774
 42
0.5205670595169067
 10
-2123.016205196967
 20
3079.055627781774
 42
0.5205670595169067
 10
-2123.516205196967
 20
3079.055627781774
 42
0.5205670595169067
 10
-2124.016205196967
 20
3079.055627781774
 42
0.5205670595169067
 10
-2124.516205196967
 20
3079.055627781774
 42
0.5205670595169067
 10
-2125.016205196967
 20
3079.055627781774
 42
0.5205670595169067
 10
-2125.516205196967
 20
3079.055627781774
 42
0.5205670595169067
 10
-2126.016205196967
 20
3079.055627781774
 42
0.5205670595169067
 10
-2126.516205196967
 20
3079.055627781774
 42
0.5205670595169067
 10
-2127.016205196967
 20
3079.055627781774
 42
0.5205670595169067
 10
-2127.516205196967
 20
3079.055627781774
 42
0.5205670595169067
 10
-2128.016205196967
 20
3079.055627781774
 42
0.5205670595169067
 10
-2128.516205196967
 20
3079.055627781774
 42
0.5205670595169067
 10
-2129.016205196967
 20
3079.055627781774
 42
0.5205670595169067
 10
-2129.516205196967
 20
3079.055627781774
 42
0.5205670595169067
 10
-2130.016205196967
 20
3079.055627781774
 42
0.5205670595169067
 10
-2130.516205196967
 20
3079.055627781774
 42
0.5205670595169067
 10
-2131.016205196967
 20
3079.055627781774
 42
0.5205670595169067
 10
-2131.516205196967
 20
3079.055627781774
 42
0.5205670595169067
 10
-2132.016205196967
 20
3079.055627781774
 42
0.5205670595169067
 10
-2132.516205196967
 20
3079.055627781774
 42
0.5205670595169067
 10
-2133.016205196967
 20
3079.055627781774
 42
0.5205670595169067
 10
-2133.516205196967
 20
3079.055627781774
 42
0.5205670595169067
 10
-2134.016205196967
 20
3079.055627781774
 42
0.5205670595169067
 10
-2134.516205196967
 20
3079.055627781774
 42
0.5205670595169067
 10
-2135.016205196967
 20
3079.055627781774
 42
0.5205670595169067
 10
-2135.516205196967
 20
3079.055627781774
 42
0.5205670595169067
 10
-2136.016205196967
 20
3079.055627781774
 42
0.5205670595169067
 10
-2136.516205196967
 20
3079.055627781774
 42
0.5205670595169067
 10
-2137.016205196967
 20
3079.055627781774
 42
0.5205670595169067
 10
-2137.516205196967
 20
3079.055627781774
 42
0.5205670595169067
 10
-2138.016205196967
 20
3079.055627781774
 42
0.5205670595169067
 10
-2138.516205196967
 20
3079.055627781774
 42
0.5205670595169067
 10
-2139.016205196967
 20
3079.055627781774
 42
0.5205670595169067
 10
-2139.516205196967
 20
3079.055627781774
 42
0.5205670595169067
 10
-2140.016205196967
 20
3079.055627781774
 42
0.5205670595169067
 10
-2140.516205196967
 20
3079.055627781774
 42
0.5205670595169067
 10
-2141.016205196967
 20
3079.055627781774
 42
0.5205670595169067
 10
-2141.516205196967
 20
3079.055627781774
 42
0.5205670595169067
 10
-2142.016205196967
 20
3079.055627781774
 42
0.5205670595169067
 10
-2142.516205196967
 20
3079.055627781774
 42
0.5205670595169067
 10
-2143.016205196967
 20
3079.055627781774
 42
0.5205670595169067
 10
-2143.516205196967
 20
3079.055627781774
 42
0.5205670595169067
 10
-2144.016205196967
 20
3079.055627781774
 42
0.5205670595169067
 10
-2144.516205196967
 20
3079.055627781774
 42
0.5205670595169067
 10
-2145.016205196967
 20
3079.055627781774
 42
0.5205670595169067
 10
-2145.516205196967
 20
3079.055627781774
 42
0.5205670595169067
 10
-2146.016205196967
 20
3079.055627781774
 42
0.5205670595169067
 10
-2146.516205196967
 20
3079.055627781774
 42
0.5205670595169067
 10
-2147.016205196967
 20
3079.055627781774
 42
0.5205670595169067
 10
-2147.516205196967
 20
3079.055627781774
 42
0.5205670595169067
 10
-2148.016205196967
 20
3079.055627781774
 42
0.5205670595169067
 10
-2148.516205196967
 20
3079.055627781774
 42
0.5205670595169067
 10
-2149.016205196967
 20
3079.055627781774
 42
0.5205670595169067
 10
-2149.516205196967
 20
3079.055627781774
 42
0.5205670595169067
 10
-2150.016205196967
 20
3079.055627781774
 42
0.5205670595169067
 10
-2150.516205196967
 20
3079.055627781774
 42
0.5205670595169067
 10
-2151.016205196967
 20
3079.055627781774
 42
0.5205670595169067
 10
-2151.516205196967
 20
3079.055627781774
 42
0.5205670595169067
 10
-2152.016205196967
 20
3079.055627781774
 42
0.5205670595169067
 10
-2152.516205196967
 20
3079.055627781774
 42
0.5205670595169067
 10
-2153.016205196967
 20
3079.055627781774
 42
0.5205670595169067
 10
-2153.516205196967
 20
3079.055627781774
 42
0.5205670595169067
 10
-2154.016205196967
 20
3079.055627781774
 42
0.5205670595169067
 10
-2154.516205196967
 20
3079.055627781774
 42
0.5205670595169067
 10
-2155.016205196967
 20
3079.055627781774
 42
0.5205670595169067
 10
-2155.516205196967
 20
3079.055627781774
 42
0.5205670595169067
 10
-2156.016205196967
 20
3079.055627781774
 42
0.5205670595169067
 10
-2156.516205196967
 20
3079.055627781774
 42
0.5205670595169067
 10
-2157.016205196967
 20
3079.055627781774
 42
0.5205670595169067
 10
-2157.516205196967
 20
3079.055627781774
 42
0.5205670595169067
 10
-2158.016205196967
 20
3079.055627781774
 42
0.5205670595169067
 10
-2158.516205196967
 20
3079.055627781774
 42
0.5205670595169067
 10
-2159.016205196967
 20
3079.055627781774
 42
0.5205670595169067
 10
-2159.516205196967
 20
3079.055627781774
 42
0.5205670595169067
 10
-2160.016205196967
 20
3079.055627781774
 42
0.5205670595169067
 10
-2160.516205196967
 20
3079.055627781774
 42
0.5205670595169067
 10
-2161.016205196967
 20
3079.055627781774
 42
0.5205670595169067
 10
-2161.516205196967
 20
3079.055627781774
 42
0.5205670595169067
 10
-2162.016205196967
 20
3079.055627781774
 42
0.5205670595169067
 10
-2162.516205196967
 20
3079.055627781774
 42
0.5205670595169067
 10
-2163.016205196967
 20
3079.055627781774
 42
0.5205670595169067
 10
-2163.516205196967
 20
3079.055627781774
 42
0.5205670595169067
 10
-2164.016205196967
 20
3079.055627781774
 42
0.5205670595169067
 10
-2164.516205196967
 20
3079.055627781774
 42
0.5205670595169067
 10
-2165.016205196967
 20
3079.055627781774
 42
0.5205670595169067
 10
-2165.516205196967
 20
3079.055627781774
 42
0.5205670595169067
 10
-2166.016205196967
 20
3079.055627781774
 42
0.5205670595169067
 10
-2166.516205196967
 20
3079.055627781774
 42
0.5205670595169067
 10
-2167.016205196967
 20
3079.055627781774
 42
0.5205670595169067
 10
-2167.516205196967
 20
3079.055627781774
 42
0.5205670595169067
 10
-2168.016205196967
 20
3079.055627781774
 42
0.5205670595169067
 10
-2168.516205196967
 20
3079.055627781774
 42
0.5205670595169067
 10
-2169.016205196967
 20
3079.055627781774
 42
0.5205670595169067
 10
-2169.516205196967
 20
3079.055627781774
 42
0.5205670595169067
 10
-2170.016205196967
 20
3079.055627781774
 42
0.5205670595169067
 10
-2170.516205196967
 20
3079.055627781774
 42
0.5205670595169067
 10
-2171.016205196967
 20
3079.055627781774
 42
0.5205670595169067
 10
-2171.516205196967
 20
3079.055627781774
 42
0.5205670595169067
 10
-2172.016205196967
 20
3079.055627781774
 42
0.5205670595169067
 10
-2172.516205196967
 20
3079.055627781774
 42
0.5205670595169067
 10
-2173.016205196967
 20
3079.055627781774
 42
0.5205670595169067
 10
-2173.516205196967
 20
3079.055627781774
 42
0.5205670595169067
 10
-2174.016205196967
 20
3079.055627781774
 42
0.5205670595169067
 10
-2174.516205196967
 20
3079.055627781774
 42
0.5205670595169067
 10
-2175.016205196967
 20
3079.055627781774
 42
0.5205670595169067
 10
-2175.516205196967
 20
3079.055627781774
 42
0.5205670595169067
 10
-2176.016205196967
 20
3079.055627781774
 42
0.5205670595169067
 10
-2176.516205196967
 20
3079.055627781774
 42
0.5205670595169067
 10
-2177.016205196967
 20
3079.055627781774
 42
0.5205670595169067
 10
-2177.516205196967
 20
3079.055627781774
 42
0.5205670595169067
 10
-2178.016205196967
 20
3079.055627781774
 42
0.5205670595169067
 10
-2178.516205196967
 20
3079.055627781774
 42
0.5205670595169067
 10
-2179.016205196967
 20
3079.055627781774
 42
0.5205670595169067
 10
-2179.516205196967
 20
3079.055627781774
 42
0.5205670595169067
 10
-2180.016205196967
 20
3079.055627781774
 42
0.5205670595169067
 10
-2180.516205196967
 20
3079.055627781774
 42
0.5205670595169067
 10
-2181.016205196967
 20
3079.055627781774
 42
0.5205670595169067
 10
-2181.516205196967
 20
3079.055627781774
 42
0.5205670595169067
 10
-2182.016205196967
 20
3079.055627781774
 42
0.5205670595169067
 10
-2182.516205196967
 20
3079.055627781774
 42
0.5205670595169067
 10
-2183.016205196967
 20
3079.055627781774
 42
0.5205670595169067
 10
-2183.516205196967
 20
3079.055627781774
 42
0.5205670595169067
 10
-2184.016205196967
 20
3079.055627781774
 42
0.5205670595169067
 10
-2184.516205196967
 20
3079.055627781774
 42
0.5205670595169067
 10
-2185.016205196967
 20
3079.055627781774
 42
0.5205670595169067
 10
-2185.516205196967
 20
3079.055627781774
 42
0.5205670595169067
 10
-2186.016205196967
 20
3079.055627781774
 42
0.5205670595169067
 10
-2186.516205196967
 20
3079.055627781774
 42
0.5205670595169067
 10
-2187.016205196967
 20
3079.055627781774
 42
0.5205670595169067
 10
-2187.516205196967
 20
3079.055627781774
 42
0.5205670595169067
 10
-2188.016205196967
 20
3079.055627781774
 42
0.5205670595169067
 10
-2188.516205196967
 20
3079.055627781774
 42
0.5205670595169067
 10
-2189.016205196967
 20
3079.055627781774
 42
0.5205670595169067
 10
-2189.516205196967
 20
3079.055627781774
 42
0.5205670595169067
 10
-2190.016205196967
 20
3079.055627781774
 42
0.5205670595169067
 10
-2190.516205196967
 20
3079.055627781774
 42
0.5205670595169067
 10
-2191.016205196967
 20
3079.055627781774
 42
0.5205670595169067
 10
-2191.516205196967
 20
3079.055627781774
 42
0.5205670595169067
 10
-2192.016205196967
 20
3079.055627781774
 42
0.5205670595169067
 10
-2192.516205196967
 20
3079.055627781774
 42
0.5205670595169067
 10
-2193.016205196967
 20
3079.055627781774
 42
0.5205670595169067
 10
-2193.516205196967
 20
3079.055627781774
 42
0.5205670595169067
 10
-2194.016205196967
 20
3079.055627781774
 42
0.5205670595169067
 10
-2194.516205196967
 20
3079.055627781774
 42
0.5205670595169067
 10
-2195.016205196967
 20
3079.055627781774
 42
0.5205670595169067
 10
-2195.516205196967
 20
3079.055627781774
 42
0.5205670595169067
 10
-2196.016205196967
 20
3079.055627781774
 42
0.5205670595169067
 10
-2196.516205196967
 20
3079.055627781774
 42
0.5205670595169067
 10
-2197.016205196967
 20
3079.055627781774
 42
0.5205670595169067
 10
-2197.516205196967
 20
3079.055627781774
 42
0.5205670595169067
 10
-2198.016205196967
 20
3079.055627781774
 42
0.5205670595169067
 10
-2198.516205196967
 20
3079.055627781774
 42
0.5205670595169067
 10
-2199.016205196967
 20
3079.055627781774
 42
0.5205670595169067
 10
-2199.516205196967
 20
3079.055627781774
 42
0.5205670595169067
 10
-2200.016205196967
 20
3079.055627781774
 42
0.5205670595169067
 10
-2200.516205196967
 20
3079.055627781774
 42
0.5205670595169067
 10
-2201.016205196967
 20
3079.055627781774
 42
0.5205670595169067
 10
-2201.516205196967
 20
3079.055627781774
 42
0.5205670595169067
 10
-2202.016205196967
 20
3079.055627781774
 42
0.5205670595169067
 10
-2202.516205196967
 20
3079.055627781774
 42
0.5205670595169067
 10
-2203.016205196967
 20
3079.055627781774
 42
0.5205670595169067
 10
-2203.516205196967
 20
3079.055627781774
 42
0.5205670595169067
 10
-2204.016205196967
 20
3079.055627781774
 42
0.5205670595169067
 10
-2204.516205196967
 20
3079.055627781774
 42
0.5205670595169067
 10
-2205.016205196967
 20
3079.055627781774
 42
0.5205670595169067
 10
-2205.516205196967
 20
3079.055627781774
 42
0.5205670595169067
 10
-2206.016205196967
 20
3079.055627781774
 42
0.5205670595169067
 10
-2206.516205196967
 20
3079.055627781774
 42
0.5205670595169067
 10
-2207.016205196967
 20
3079.055627781774
 42
0.5205670595169067
 10
-2207.516205196967
 20
3079.055627781774
 42
0.5205670595169067
 10
-2208.016205196967
 20
3079.055627781774
 42
0.5205670595169067
 10
-2208.516205196967
 20
3079.055627781774
 42
0.5205670595169067
 10
-2209.016205196967
 20
3079.055627781774
 42
0.5205670595169067
 10
-2209.516205196967
 20
3079.055627781774
 42
0.5205670595169067
 10
-2210.016205196967
 20
3079.055627781774
 42
0.5205670595169067
 10
-2210.516205196967
 20
3079.055627781774
 42
0.5205670595169067
 10
-2211.016205196967
 20
3079.055627781774
 42
0.5205670595169067
 10
-2211.516205196967
 20
3079.055627781774
 42
0.5205670595169067
 10
-2212.016205196967
 20
3079.055627781774
 42
0.5205670595169067
 10
-2212.516205196967
 20
3079.055627781774
 42
0.5205670595169067
 10
-2213.016205196967
 20
3079.055627781774
 42
0.5205670595169067
 10
-2213.516205196967
 20
3079.055627781774
 42
0.5205670595169067
 10
-2214.016205196967
 20
3079.055627781774
 42
0.5205670595169067
 10
-2214.516205196967
 20
3079.055627781774
 42
0.5205670595169067
 10
-2215.016205196967
 20
3079.055627781774
 42
0.5205670595169067
 10
-2215.516205196967
 20
3079.055627781774
 42
0.5205670595169067
 10
-2216.016205196967
 20
3079.055627781774
 42
0.5205670595169067
 10
-2216.516205196967
 20
3079.055627781774
 42
0.5205670595169067
 10
-2217.016205196967
 20
3079.055627781774
 42
0.5205670595169067
 10
-2217.516205196967
 20
3079.055627781774
 42
0.5205670595169067
 10
-2218.016205196967
 20
3079.055627781774
 42
0.5205670595169067
 10
-2218.516205196967
 20
3079.055627781774
 42
0.5205670595169067
 10
-2219.016205196967
 20
3079.055627781774
 42
0.5205670595169067
 10
-2219.516205196967
 20
3079.055627781774
 42
0.5205670595169067
 10
-2220.016205196967
 20
3079.055627781774
 42
0.5205670595169067
 10
-2220.516205196967
 20
3079.055627781774
 42
0.5205670595169067
 10
-2221.016205196967
 20
3079.055627781774
 42
0.5205670595169067
 10
-2221.516205196967
 20
3079.055627781774
 42
0.5205670595169067
 10
-2222.016205196967
 20
3079.055627781774
 42
0.5205670595169067
 10
-2222.516205196967
 20
3079.055627781774
 42
0.5205670595169067
 10
-2223.016205196967
 20
3079.055627781774
 42
0.5205670595169067
 10
-2223.516205196967
 20
3079.055627781774
 42
0.5205670595169067
 10
-2224.016205196967
 20
3079.055627781774
 42
0.5205670595169067
 10
-2224.516205196967
 20
3079.055627781774
 42
0.5205670595169067
 10
-2225.016205196967
 20
3079.055627781774
 42
0.5205670595169067
 10
-2225.516205196967
 20
3079.055627781774
 42
0.5205670595169067
 10
-2226.016205196967
 20
3079.055627781774
 42
0.5205670595169067
 10
-2226.516205196967
 20
3079.055627781774
 42
0.5205670595169067
 10
-2227.016205196967
 20
3079.055627781774
 42
0.5205670595169067
 10
-2227.516205196967
 20
3079.055627781774
 42
0.5205670595169067
 10
-2228.016205196967
 20
3079.055627781774
 42
0.5205670595169067
 10
-2228.516205196967
 20
3079.055627781774
 42
0.5205670595169067
 10
-2229.016205196967
 20
3079.055627781774
 42
0.5205670595169067
 10
-2229.516205196967
 20
3079.055627781774
 42
0.5205670595169067
 10
-2230.016205196967
 20
3079.055627781774
 42
0.5205670595169067
 10
-2230.516205196967
 20
3079.055627781774
 42
0.5205670595169067
 10
-2231.016205196967
 20
3079.055627781774
 42
0.5205670595169067
 10
-2231.516205196967
 20
3079.055627781774
 42
0.5205670595169067
 10
-2232.016205196967
 20
3079.055627781774
 42
0.5205670595169067
 10
-2232.516205196967
 20
3079.055627781774
 42
0.5205670595169067
 10
-2233.016205196967
 20
3079.055627781774
 42
0.5205670595169067
 10
-2233.516205196967
 20
3079.055627781774
 42
0.5205670595169067
 10
-2234.016205196967
 20
3079.055627781774
 42
0.5205670595169067
 10
-2234.516205196967
 20
3079.055627781774
 42
0.5205670595169067
 10
-2235.016205196967
 20
3079.055627781774
 42
0.5205670595169067
 10
-2235.516205196967
 20
3079.055627781774
 42
0.5205670595169067
 10
-2236.016205196967
 20
3079.055627781774
 42
0.5205670595169067
 10
-2236.516205196967
 20
3079.055627781774
 42
0.5205670595169067
 10
-2237.016205196967
 20
3079.055627781774
 42
0.5205670595169067
 10
-2237.516205196967
 20
3079.055627781774
 42
0.5205670595169067
 10
-2238.016205196967
 20
3079.055627781774
 42
0.5205670595169067
 10
-2238.516205196967
 20
3079.055627781774
 42
0.5205670595169067
 10
-2239.016205196967
 20
3079.055627781774
 42
0.5205670595169067
 10
-2239.516205196967
 20
3079.055627781774
 42
0.5205670595169067
 10
-2240.016205196967
 20
3079.055627781774
 42
0.5205670595169067
 10
-2240.516205196967
 20
3079.055627781774
 42
0.5205670595169067
 10
-2241.016205196967
 20
3079.055627781774
 42
0.5205670595169067
 10
-2241.516205196967
 20
3079.055627781774
 42
0.5205670595169067
 10
-2242.016205196967
 20
3079.055627781774
 42
0.5205670595169067
 10
-2242.516205196967
 20
3079.055627781774
 42
0.5205670595169067
 10
-2243.016205196967
 20
3079.055627781774
 42
0.5205670595169067
 10
-2243.516205196967
 20
3079.055627781774
 42
0.5205670595169067
 10
-2244.016205196967
 20
3079.055627781774
 42
0.5205670595169067
 10
-2244.516205196967
 20
3079.055627781774
 42
0.5205670595169067
 10
-2245.016205196967
 20
3079.055627781774
 42
0.5205670595169067
 10
-2245.516205196967
 20
3079.055627781774
 42
0.5205670595169067
 10
-2246.016205196967
 20
3079.055627781774
 42
0.5205670595169067
 10
-2246.516205196967
 20
3079.055627781774
 42
0.5205670595169067
 10
-2247.016205196967
 20
3079.055627781774
 42
0.5205670595169067
 10
-2247.516205196967
 20
3079.055627781774
 42
0.5205670595169067
 10
-2248.016205196967
 20
3079.055627781774
 42
0.5205670595169067
 10
-2248.516205196967
 20
3079.055627781774
 42
0.5205670595169067
 10
-2249.016205196967
 20
3079.055627781774
 42
0.5205670595169067
 10
-2249.516205196967
 20
3079.055627781774
 42
0.5205670595169067
 10
-2250.016205196967
 20
3079.055627781774
 42
0.5205670595169067
 10
-2250.516205196967
 20
3079.055627781774
 42
0.5205670595169067
 10
-2251.016205196967
 20
3079.055627781774
 42
0.5205670595169067
 10
-2251.516205196967
 20
3079.055627781774
 42
0.5205670595169067
 10
-2252.016205196967
 20
3079.055627781774
 42
0.5205670595169067
 10
-2252.516205196967
 20
3079.055627781774
 42
0.5205670595169067
 10
-2253.016205196967
 20
3079.055627781774
 42
0.5205670595169067
 10
-2253.516205196967
 20
3079.055627781774
 42
0.5205670595169067
 10
-2254.016205196967
 20
3079.055627781774
 42
0.5205670595169067
 10
-2254.516205196967
 20
3079.055627781774
 42
0.5205670595169067
 10
-2255.016205196967
 20
3079.055627781774
 42
0.5205670595169067
 10
-2255.516205196967
 20
3079.055627781774
 42
0.5205670595169067
 10
-2256.016205196967
 20
3079.055627781774
 42
0.5205670595169067
 10
-2256.516205196967
 20
3079.055627781774
 42
0.5205670595169067
 10
-2257.016205196967
 20
3079.055627781774
 42
0.5205670595169067
 10
-2257.516205196967
 20
3079.055627781774
 42
0.5205670595169067
 10
-2258.016205196967
 20
3079.055627781774
 42
0.5205670595169067
 10
-2258.516205196967
 20
3079.055627781774
 42
0.5205670595169067
 10
-2259.016205196967
 20
3079.055627781774
 42
0.5205670595169067
 10
-2259.516205196967
 20
3079.055627781774
 42
0.5205670595169067
 10
-2260.016205196967
 20
3079.055627781774
 42
0.5205670595169067
 10
-2260.516205196967
 20
3079.055627781774
 42
0.5205670595169067
 10
-2261.016205196967
 20
3079.055627781774
 42
0.5205670595169067
 10
-2261.516205196967
 20
3079.055627781774
 42
0.5205670595169067
 10
-2262.016205196967
 20
3079.055627781774
 42
0.5205670595169067
 10
-2262.516205196967
 20
3079.055627781774
 42
0.5205670595169067
 10
-2263.016205196967
 20
3079.055627781774
 42
0.5205670595169067
 10
-2263.516205196967
 20
3079.055627781774
 42
0.5205670595169067
 10
-2264.016205196967
 20
3079.055627781774
 42
0.5205670595169067
 10
-2264.516205196967
 20
3079.055627781774
 42
0.5205670595169067
 10
-2265.016205196967
 20
3079.055627781774
 42
0.5205670595169067
 10
-2265.516205196967
 20
3079.055627781774
 42
0.5205670595169067
 10
-2266.016205196967
 20
3079.055627781774
 42
0.5205670595169067
 10
-2266.516205196967
 20
3079.055627781774
 42
0.5205670595169067
 10
-2267.016205196967
 20
3079.055627781774
 42
0.5205670595169067
 10
-2267.516205196967
 20
3079.055627781774
 42
0.5205670595169067
 10
-2268.016205196967
 20
3079.055627781774
 42
0.5205670595169067
 10
-2268.516205196967
 20
3079.055627781774
 42
0.5205670595169067
 10
-2269.016205196967
 20
3079.055627781774
 42
0.5205670595169067
 10
-2269.516205196967
 20
3079.055627781774
 42
0.5205670595169067
 10
-2270.016205196967
 20
3079.055627781774
 42
0.5205670595169067
 10
-2270.516205196967
 20
3079.055627781774
 42
0.5205670595169067
 10
-2271.016205196967
 20
3079.055627781774
 42
0.5205670595169067
 10
-2271.516205196967
 20
3079.055627781774
 42
0.5205670595169067
 10
-2272.016205196967
 20
3079.055627781774
 42
0.5205670595169067
 10
-2272.516205196967
 20
3079.055627781774
 42
0.5205670595169067
 10
-2273.016205196967
 20
3079.055627781774
 42
0.5205670595169067
 10
-2273.516205196967
 20
3079.055627781774
 42
0.5205670595169067
 10
-2274.016205196967
 20
3079.055627781774
 42
0.5205670595169067
 10
-2274.516205196967
 20
3079.055627781774
 42
0.5205670595169067
 10
-2275.016205196967
 20
3079.055627781774
 42
0.5205670595169067
 10
-2275.516205196967
 20
3079.055627781774
 42
0.5205670595169067
 10
-2276.016205196967
 20
3079.055627781774
 42
0.5205670595169067
 10
-2276.516205196967
 20
3079.055627781774
 42
0.5205670595169067
 10
-2277.016205196967
 20
3079.055627781774
 42
0.5205670595169067
 10
-2277.516205196967
 20
3079.055627781774
 42
0.5205670595169067
 10
-2278.016205196967
 20
3079.055627781774
 42
0.5205670595169067
 10
-2278.516205196967
 20
3079.055627781774
 42
0.5205670595169067
 10
-2279.016205196967
 20
3079.055627781774
 42
0.5205670595169067
 10
-2279.516205196967
 20
3079.055627781774
 42
0.5205670595169067
 10
-2280.016205196967
 20
3079.055627781774
 42
0.5205670595169067
 10
-2280.516205196967
 20
3079.055627781774
 42
0.5205670595169067
 10
-2281.016205196967
 20
3079.055627781774
 42
0.5205670595169067
 10
-2281.516205196967
 20
3079.055627781774
 42
0.5205670595169067
 10
-2282.016205196967
 20
3079.055627781774
 42
0.5205670595169067
 10
-2282.516205196967
 20
3079.055627781774
 42
0.5205670595169067
 10
-2283.016205196967
 20
3079.055627781774
 42
0.5205670595169067
 10
-2283.516205196967
 20
3079.055627781774
 42
0.5205670595169067
 10
-2284.016205196967
 20
3079.055627781774
 42
0.5205670595169067
 10
-2284.516205196967
 20
3079.055627781774
 42
0.5205670595169067
 10
-2285.016205196967
 20
3079.055627781774
 42
0.5205670595169067
 10
-2285.516205196967
 20
3079.055627781774
 42
0.5205670595169067
 10
-2286.016205196967
 20
3079.055627781774
 42
0.5205670595169067
 10
-2286.516205196967
 20
3079.055627781774
 42
0.5205670595169067
 10
-2287.016205196967
 20
3079.055627781774
 42
0.5205670595169067
 10
-2287.516205196967
 20
3079.055627781774
 42
0.5205670595169067
 10
-2288.016205196967
 20
3079.055627781774
 42
0.5205670595169067
 10
-2288.516205196967
 20
3079.055627781774
 42
0.5205670595169067
 10
-2289.016205196967
 20
3079.055627781774
 42
0.5205670595169067
 10
-2289.516205196967
 20
3079.055627781774
 42
0.5205670595169067
 10
-2290.016205196967
 20
3079.055627781774
 42
0.5205670595169067
 10
-2290.516205196967
 20
3079.055627781774
 42
0.5205670595169067
 10
-2291.016205196967
 20
3079.055627781774
 42
0.5205670595169067
 10
-2291.516205196967
 20
3079.055627781774
 42
0.5205670595169067
 10
-2292.016205196967
 20
3079.055627781774
 42
0.5205670595169067
 10
-2292.516205196967
 20
3079.055627781774
 42
0.5205670595169067
 10
-2293.016205196967
 20
3079.055627781774
 42
0.5205670595169067
 10
-2293.516205196967
 20
3079.055627781774
 42
0.5205670595169067
 10
-2294.016205196967
 20
3079.055627781774
 42
0.5205670595169067
 10
-2294.516205196967
 20
3079.055627781774
 42
0.5205670595169067
 10
-2295.016205196967
 20
3079.055627781774
 42
0.5205670595169067
 10
-2295.516205196967
 20
3079.055627781774
 42
0.5205670595169067
 10
-2296.016205196967
 20
3079.055627781774
 42
0.5205670595169067
 10
-2296.516205196967
 20
3079.055627781774
 42
0.5205670595169067
 10
-2297.016205196967
 20
3079.055627781774
 42
0.5205670595169067
 10
-2297.516205196967
 20
3079.055627781774
 42
0.5205670595169067
 10
-2298.016205196967
 20
3079.055627781774
 42
0.5205670595169067
 10
-2298.516205196967
 20
3079.055627781774
 42
0.5205670595169067
 10
-2299.016205196967
 20
3079.055627781774
 42
0.5205670595169067
 10
-2299.516205196967
 20
3079.055627781774
 42
0.5205670595169067
 10
-2300.016205196967
 20
3079.055627781774
 42
0.5205670595169067
 10
-2300.516205196967
 20
3079.055627781774
 42
0.5205670595169067
 10
-2301.016205196967
 20
3079.055627781774
 42
0.5205670595169067
 10
-2301.516205196967
 20
3079.055627781774
 42
0.5205670595169067
 10
-2302.016205196967
 20
3079.055627781774
 42
0.5205670595169067
 10
-2302.516205196967
 20
3079.055627781774
 42
0.5205670595169067
 10
-2303.016205196967
 20
3079.055627781774
 42
0.5205670595169067
 10
-2303.516205196967
 20
3079.055627781774
 42
0.5205670595169067
 10
-2304.016205196967
 20
3079.055627781774
 42
0.5205670595169067
 10
-2304.516205196967
 20
3079.055627781774
 42
0.5205670595169067
 10
-2305.016205196967
 20
3079.055627781774
 42
0.5205670595169067
 10
-2305.516205196967
 20
3079.055627781774
 42
0.5205670595169067
 10
-2306.016205196967
 20
3079.055627781774
 42
0.5205670595169067
 10
-2306.516205196967
 20
3079.055627781774
 42
0.5205670595169067
 10
-2307.016205196967
 20
3079.055627781774
 42
0.5205670595169067
 10
-2307.516205196967
 20
3079.055627781774
 42
0.5205670595169067
 10
-2308.016205196967
 20
3079.055627781774
 42
0.5205670595169067
 10
-2308.516205196967
 20
3079.055627781774
 42
0.5205670595169067
 10
-2309.016205196967
 20
3079.055627781774
 42
0.5205670595169067
 10
-2309.516205196967
 20
3079.055627781774
 42
0.5205670595169067
 10
-2310.016205196967
 20
3079.055627781774
 42
0.5205670595169067
 10
-2310.516205196967
 20
3079.055627781774
 42
0.5205670595169067
 10
-2311.016205196967
 20
3079.055627781774
 42
0.5205670595169067
 10
-2311.516205196967
 20
3079.055627781774
 42
0.5205670595169067
 10
-2312.016205196967
 20
3079.055627781774
 42
0.5205670595169067
 10
-2312.516205196967
 20
3079.055627781774
 42
0.5205670595169067
 10
-2313.016205196967
 20
3079.055627781774
 42
0.5205670595169067
 10
-2313.516205196967
 20
3079.055627781774
 42
0.5205670595169067
 10
-2314.016205196967
 20
3079.055627781774
 42
0.5205670595169067
 10
-2314.516205196967
 20
3079.055627781774
 42
0.5205670595169067
 10
-2315.016205196967
 20
3079.055627781774
 42
0.5205670595169067
 10
-2315.516205196967
 20
3079.055627781774
 42
0.5205670595169067
 10
-2316.016205196967
 20
3079.055627781774
 42
0.5205670595169067
 10
-2316.516205196967
 20
3079.055627781774
 42
0.5205670595169067
 10
-2317.016205196967
 20
3079.055627781774
 42
0.5205670595169067
 10
-2317.516205196967
 20
3079.055627781774
 42
0.5205670595169067
 10
-2318.016205196967
 20
3079.055627781774
 42
0.5205670595169067
 10
-2318.516205196967
 20
3079.055627781774
 42
0.5205670595169067
 10
-2319.016205196967
 20
3079.055627781774
 42
0.5205670595169067
 10
-2319.516205196967
 20
3079.055627781774
 42
0.5205670595169067
 10
-2320.016205196967
 20
3079.055627781774
 42
0.5205670595169067
 10
-2320.516205196967
 20
3079.055627781774
 42
0.5205670595169067
 10
-2321.016205196967
 20
3079.055627781774
 42
0.5205670595169067
 10
-2321.516205196967
 20
3079.055627781774
 42
0.5205670595169067
 10
-2322.016205196967
 20
3079.055627781774
 42
0.5205670595169067
 10
-2322.516205196967
 20
3079.055627781774
 42
0.5205670595169067
 10
-2323.016205196967
 20
3079.055627781774
 42
0.5205670595169067
 10
-2323.516205196967
 20
3079.055627781774
 42
0.5205670595169067
 10
-2324.016205196967
 20
3079.055627781774
 42
0.5205670595169067
 10
-2324.516205196967
 20
3079.055627781774
 42
0.5205670595169067
 10
-2325.016205196967
 20
3079.055627781774
 42
0.5205670595169067
 10
-2325.516205196967
 20
3079.055627781774
 42
0.5205670595169067
 10
-2326.016205196967
 20
3079.055627781774
 42
0.5205670595169067
 10
-2326.516205196967
 20
3079.055627781774
 42
0.5205670595169067
 10
-2327.016205196967
 20
3079.055627781774
 42
0.5205670595169067
 10
-2327.516205196967
 20
3079.055627781774
 42
0.5205670595169067
 10
-2328.016205196967
 20
3079.055627781774
 42
0.5205670595169067
 10
-2328.516205196967
 20
3079.055627781774
 42
0.5205670595169067
 10
-2329.016205196967
 20
3079.055627781774
 42
0.5205670595169067
 10
-2329.516205196967
 20
3079.055627781774
 42
0.5205670595169067
 10
-2330.016205196967
 20
3079.055627781774
 42
0.5205670595169067
 10
-2330.516205196967
 20
3079.055627781774
 42
0.5205670595169067
 10
-2331.016205196967
 20
3079.055627781774
 42
0.5205670595169067
 10
-2331.516205196967
 20
3079.055627781774
 42
0.5205670595169067
 10
-2332.016205196967
 20
3079.055627781774
 42
0.5205670595169067
 10
-2332.516205196967
 20
3079.055627781774
 42
0.5205670595169067
 10
-2333.016205196967
 20
3079.055627781774
 42
0.5205670595169067
 10
-2333.516205196967
 20
3079.055627781774
 42
0.5205670595169067
 10
-2334.016205196967
 20
3079.055627781774
 42
0.5205670595169067
 10
-2334.516205196967
 20
3079.055627781774
 42
0.5205670595169067
 10
-2335.016205196967
 20
3079.055627781774
 42
0.5205670595169067
 10
-2335.516205196967
 20
3079.055627781774
 42
0.5205670595169067
 10
-2336.016205196967
 20
3079.055627781774
 42
0.5205670595169067
 10
-2336.516205196967
 20
3079.055627781774
 42
0.5205670595169067
 10
-2337.016205196967
 20
3079.055627781774
 42
0.5205670595169067
 10
-2337.516205196967
 20
3079.055627781774
 42
0.5205670595169067
 10
-2338.016205196967
 20
3079.055627781774
 42
0.5205670595169067
 10
-2338.516205196967
 20
3079.055627781774
 42
0.5205670595169067
 10
-2339.016205196967
 20
3079.055627781774
 42
0.5205670595169067
 10
-2339.516205196967
 20
3079.055627781774
 42
0.5205670595169067
 10
-2340.016205196967
 20
3079.055627781774
 42
0.5205670595169067
 10
-2340.516205196967
 20
3079.055627781774
 42
0.5205670595169067
 10
-2341.016205196967
 20
3079.055627781774
 42
0.5205670595169067
 10
-2341.516205196967
 20
3079.055627781774
 42
0.5205670595169067
 10
-2342.016205196967
 20
3079.055627781774
 42
0.5205670595169067
 10
-2342.516205196967
 20
3079.055627781774
 42
0.5205670595169067
 10
-2343.016205196967
 20
3079.055627781774
 42
0.5205670595169067
 10
-2343.516205196967
 20
3079.055627781774
 42
0.5205670595169067
 10
-2344.016205196967
 20
3079.055627781774
 42
0.5205670595169067
 10
-2344.516205196967
 20
3079.055627781774
 42
0.5205670595169067
 10
-2345.016205196967
 20
3079.055627781774
 42
0.5205670595169067
 10
-2345.516205196967
 20
3079.055627781774
 42
0.5205670595169067
 10
-2346.016205196967
 20
3079.055627781774
 42
0.5205670595169067
 10
-2346.516205196967
 20
3079.055627781774
 42
0.5205670595169067
 10
-2347.016205196967
 20
3079.055627781774
 42
0.5205670595169067
 10
-2347.516205196967
 20
3079.055627781774
 42
0.5205670595169067
 10
-2348.016205196967
 20
3079.055627781774
 42
0.5205670595169067
 10
-2348.516205196967
 20
3079.055627781774
 42
0.5205670595169067
 10
-2349.016205196967
 20
3079.055627781774
 42
0.5205670595169067
 10
-2349.516205196967
 20
3079.055627781774
 42
0.5205670595169067
 10
-2350.016205196967
 20
3079.055627781774
 42
0.5205670595169067
 10
-2350.516205196967
 20
3079.055627781774
 42
0.5205670595169067
 10
-2351.016205196967
 20
3079.055627781774
 42
0.5205670595169067
 10
-2351.516205196967
 20
3079.055627781774
 42
0.5205670595169067
 10
-2352.016205196967
 20
3079.055627781774
 42
0.5205670595169067
 10
-2352.516205196967
 20
3079.055627781774
 42
0.5205670595169067
 10
-2353.016205196967
 20
3079.055627781774
 42
0.5205670595169067
 10
-2353.516205196967
 20
3079.055627781774
 42
0.5205670595169067
 10
-2354.016205196967
 20
3079.055627781774
 42
0.5205670595169067
 10
-2354.516205196967
 20
3079.055627781774
 42
0.5205670595169067
 10
-2355.016205196967
 20
3079.055627781774
 42
0.5205670595169067
 10
-2355.516205196967
 20
3079.055627781774
 42
0.5205670595169067
 10
-2356.016205196967
 20
3079.055627781774
 42
0.5205670595169067
 10
-2356.516205196967
 20
3079.055627781774
 42
0.5205670595169067
 10
-2357.016205196967
 20
3079.055627781774
 42
0.5205670595169067
 10
-2357.516205196967
 20
3079.055627781774
 42
0.5205670595169067
 10
-2358.016205196967
 20
3079.055627781774
 42
0.5205670595169067
 10
-2358.516205196967
 20
3079.055627781774
 42
0.5205670595169067
 10
-2359.016205196967
 20
3079.055627781774
 42
0.5205670595169067
 10
-2359.516205196967
 20
3079.055627781774
 42
0.5205670595169067
 10
-2360.016205196967
 20
3079.055627781774
 42
0.5205670595169067
 10
-2360.516205196967
 20
3079.055627781774
 42
0.5205670595169067
 10
-2361.016205196967
 20
3079.055627781774
 42
0.5205670595169067
 10
-2361.516205196967
 20
3079.055627781774
 42
0.5205670595169067
 10
-2362.016205196967
 20
3079.055627781774
 42
0.5205670595169067
 10
-2362.516205196967
 20
3079.055627781774
 42
0.5205670595169067
 10
-2363.016205196967
 20
3079.055627781774
 42
0.5205670595169067
 10
-2363.516205196967
 20
3079.055627781774
 42
0.5205670595169067
 10
-2364.016205196967
 20
3079.055627781774
 42
0.5205670595169067
 10
-2364.516205196967
 20
3079.055627781774
 42
0.5205670595169067
 10
-2365.016205196967
 20
3079.055627781774
 42
0.5205670595169067
 10
-2365.516205196967
 20
3079.055627781774
 42
0.5205670595169067
 10
-2366.016205196967
 20
3079.055627781774
 42
0.5205670595169067
 10
-2366.516205196967
 20
3079.055627781774
 42
0.5205670595169067
 10
-2367.016205196967
 20
3079.055627781774
 42
0.5205670595169067
 10
-2367.516205196967
 20
3079.055627781774
 42
0.5205670595169067
 10
-2368.016205196967
 20
3079.055627781774
 42
0.5205670595169067
 10
-2368.516205196967
 20
3079.055627781774
 42
0.5205670595169067
 10
-2369.016205196967
 20
3079.055627781774
 42
0.5205670595169067
 10
-2369.516205196967
 20
3079.055627781774
 42
0.5205670595169067
 10
-2370.016205196967
 20
3079.055627781774
 42
0.5205670595169067
 10
-2370.516205196967
 20
3079.055627781774
 42
0.5205670595169067
 10
-2371.016205196967
 20
3079.055627781774
 42
0.5205670595169067
 10
-2371.516205196967
 20
3079.055627781774
 42
0.5205670595169067
 10
-2372.016205196967
 20
3079.055627781774
 42
0.5205670595169067
 10
-2372.516205196967
 20
3079.055627781774
 42
0.5205670595169067
 10
-2373.016205196967
 20
3079.055627781774
 42
0.5205670595169067
 10
-2373.516205196967
 20
3079.055627781774
 42
0.5205670595169067
 10
-2374.016205196967
 20
3079.055627781774
 42
0.5205670595169067
 10
-2374.516205196967
 20
3079.055627781774
 42
0.5205670595169067
 10
-2375.016205196967
 20
3079.055627781774
 42
0.5205670595169067
 10
-2375.516205196967
 20
3079.055627781774
 42
0.5205670595169067
 10
-2376.016205196967
 20
3079.055627781774
 42
0.5205670595169067
 10
-2376.516205196967
 20
3079.055627781774
 42
0.5205670595169067
 10
-2377.016205196967
 20
3079.055627781774
 42
0.5205670595169067
 10
-2377.516205196967
 20
3079.055627781774
 42
0.5205670595169067
 10
-2378.016205196967
 20
3079.055627781774
 42
0.5205670595169067
 10
-2378.516205196967
 20
3079.055627781774
 42
0.5205670595169067
 10
-2379.016205196967
 20
3079.055627781774
 42
0.5205670595169067
 10
-2379.516205196967
 20
3079.055627781774
 42
0.5205670595169067
 10
-2380.016205196967
 20
3079.055627781774
 42
0.5205670595169067
 10
-2380.516205196967
 20
3079.055627781774
 42
0.5205670595169067
 10
-2381.016205196967
 20
3079.055627781774
 42
0.5205670595169067
 10
-2381.516205196967
 20
3079.055627781774
 42
0.5205670595169067
 10
-2382.016205196967
 20
3079.055627781774
 42
0.5205670595169067
 10
-2382.516205196967
 20
3079.055627781774
 42
0.5205670595169067
 10
-2383.016205196967
 20
3079.055627781774
 42
0.5205670595169067
 10
-2383.516205196967
 20
3079.055627781774
 42
0.5205670595169067
 10
-2384.016205196967
 20
3079.055627781774
 42
0.5205670595169067
 10
-2384.516205196967
 20
3079.055627781774
 42
0.5205670595169067
 10
-2385.016205196967
 20
3079.055627781774
 42
0.5205670595169067
 10
-2385.516205196967
 20
3079.055627781774
 42
0.5205670595169067
 10
-2386.016205196967
 20
3079.055627781774
 42
0.5205670595169067
 10
-2386.516205196967
 20
3079.055627781774
 42
0.5205670595169067
 10
-2387.016205196967
 20
3079.055627781774
 42
0.5205670595169067
 10
-2387.516205196967
 20
3079.055627781774
 42
0.5205670595169067
 10
-2388.016205196967
 20
3079.055627781774
 42
0.5205670595169067
 10
-2388.516205196967
 20
3079.055627781774
 42
0.5205670595169067
 10
-2389.016205196967
 20
3079.055627781774
 42
0.5205670595169067
 10
-2389.516205196967
 20
3079.055627781774
 42
0.5205670595169067
 10
-2390.016205196967
 20
3079.055627781774
 42
0.5205670595169067
 10
-2390.516205196967
 20
3079.055627781774
 42
0.5205670595169067
 10
-2391.016205196967
 20
3079.055627781774
 42
0.5205670595169067
 10
-2391.516205196967
 20
3079.055627781774
 42
0.5205670595169067
 10
-2392.016205196967
 20
3079.055627781774
 42
0.5205670595169067
 10
-2392.516205196967
 20
3079.055627781774
 42
0.5205670595169067
 10
-2393.016205196967
 20
3079.055627781774
 42
0.5205670595169067
 10
-2393.516205196967
 20
3079.055627781774
 42
0.5205670595169067
 10
-2394.016205196967
 20
3079.055627781774
 42
0.5205670595169067
 10
-2394.516205196967
 20
3079.055627781774
 42
0.5205670595169067
 10
-2395.016205196967
 20
3079.055627781774
 42
0.5205670595169067
 10
-2395.516205196967
 20
3079.055627781774
 42
0.5205670595169067
 10
-2396.016205196967
 20
3079.055627781774
 42
0.5205670595169067
 10
-2396.516205196967
 20
3079.055627781774
 42
0.5205670595169067
 10
-2397.016205196967
 20
3079.055627781774
 42
0.5205670595169067
 10
-2397.516205196967
 20
3079.055627781774
 42
0.5205670595169067
 10
-2398.016205196967
 20
3079.055627781774
 42
0.5205670595169067
 10
-2398.516205196967
 20
3079.055627781774
 42
0.5205670595169067
 10
-2399.016205196967
 20
3079.055627781774
 42
0.5205670595169067
 10
-2399.516205196967
 20
3079.055627781774
 42
0.5205670595169067
 10
-2400.016205196967
 20
3079.055627781774
 42
0.5205670595169067
 10
-2400.516205196967
 20
3079.055627781774
 42
0.5205670595169067
 10
-2401.016205196967
 20
3079.055627781774
 42
0.5205670595169067
 10
-2401.516205196967
 20
3079.055627781774
 42
0.5205670595169067
 10
-2402.016205196967
 20
3079.055627781774
 42
0.5205670595169067
 10
-2402.516205196967
 20
3079.055627781774
 42
0.5205670595169067
 10
-2403.016205196967
 20
3079.055627781774
 42
0.5205670595169067
 10
-2403.516205196967
 20
3079.055627781774
 42
0.5205670595169067
 10
-2404.016205196967
 20
3079.055627781774
 42
0.5205670595169067
 10
-2404.516205196967
 20
3079.055627781774
 42
0.5205670595169067
 10
-2405.016205196967
 20
3079.055627781774
 42
0.5205670595169067
 10
-2405.516205196967
 20
3079.055627781774
 42
0.5205670595169067
 10
-2406.016205196967
 20
3079.055627781774
 42
0.5205670595169067
 10
-2406.516205196967
 20
3079.055627781774
 42
0.5205670595169067
 10
-2407.016205196967
 20
3079.055627781774
 42
0.5205670595169067
 10
-2407.516205196967
 20
3079.055627781774
 42
0.5205670595169067
 10
-2408.016205196967
 20
3079.055627781774
 42
0.5205670595169067
 10
-2408.516205196967
 20
3079.055627781774
 42
0.5205670595169067
 10
-2409.016205196967
 20
3079.055627781774
 42
0.5205670595169067
 10
-2409.516205196967
 20
3079.055627781774
 42
0.5205670595169067
 10
-2410.016205196967
 20
3079.055627781774
 42
0.5205670595169067
 10
-2410.516205196967
 20
3079.055627781774
 42
0.5205670595169067
 10
-2411.016205196967
 20
3079.055627781774
 42
0.5205670595169067
 10
-2411.516205196967
 20
3079.055627781774
 42
0.5205670595169067
 10
-2412.016205196967
 20
3079.055627781774
 42
0.5205670595169067
 10
-2412.516205196967
 20
3079.055627781774
 42
0.5205670595169067
 10
-2413.016205196967
 20
3079.055627781774
 42
0.5205670595169067
 10
-2413.516205196967
 20
3079.055627781774
 42
0.5205670595169067
 10
-2414.016205196967
 20
3079.055627781774
 42
0.5205670595169067
 10
-2414.516205196967
 20
3079.055627781774
 42
0.5205670595169067
 10
-2415.016205196967
 20
3079.055627781774
 42
0.5205670595169067
 10
-2415.516205196967
 20
3079.055627781774
 42
0.5205670595169067
 10
-2416.016205196967
 20
3079.055627781774
 42
0.5205670595169067
 10
-2416.516205196967
 20
3079.055627781774
 42
0.5205670595169067
 10
-2417.016205196967
 20
3079.055627781774
 42
0.5205670595169067
 10
-2417.516205196967
 20
3079.055627781774
 42
0.5205670595169067
 10
-2418.016205196967
 20
3079.055627781774
 42
0.5205670595169067
 10
-2418.516205196967
 20
3079.055627781774
 42
0.5205670595169067
 10
-2419.016205196967
 20
3079.055627781774
 42
0.5205670595169067
 10
-2419.516205196967
 20
3079.055627781774
 42
0.5205670595169067
 10
-2420.016205196967
 20
3079.055627781774
 42
0.5205670595169067
 10
-2420.516205196967
 20
3079.055627781774
 42
0.5205670595169067
 10
-2421.016205196967
 20
3079.055627781774
 42
0.5205670595169067
 10
-2421.516205196967
 20
3079.055627781774
 42
0.5205670595169067
 10
-2422.016205196967
 20
3079.055627781774
 42
0.5205670595169067
 10
-2422.516205196967
 20
3079.055627781774
 42
0.5205670595169067
 10
-2423.016205196967
 20
3079.055627781774
 42
0.5205670595169067
 10
-2423.516205196967
 20
3079.055627781774
 42
0.5205670595169067
 10
-2424.016205196967
 20
3079.055627781774
 42
0.5205670595169067
 10
-2424.516205196967
 20
3079.055627781774
 42
0.5205670595169067
 10
-2425.016205196967
 20
3079.055627781774
 42
0.5205670595169067
 10
-2425.516205196967
 20
3079.055627781774
 42
0.5205670595169067
 10
-2426.016205196967
 20
3079.055627781774
 42
0.5205670595169067
 10
-2426.516205196967
 20
3079.055627781774
 42
0.5205670595169067
 10
-2427.016205196967
 20
3079.055627781774
 42
0.5205670595169067
 10
-2427.516205196967
 20
3079.055627781774
 42
0.5205670595169067
 10
-2428.016205196967
 20
3079.055627781774
 42
0.5205670595169067
 10
-2428.516205196967
 20
3079.055627781774
 42
0.5205670595169067
 10
-2429.016205196967
 20
3079.055627781774
 42
0.5205670595169067
 10
-2429.516205196967
 20
3079.055627781774
 42
0.5205670595169067
 10
-2430.016205196967
 20
3079.055627781774
 42
0.5205670595169067
 10
-2430.516205196967
 20
3079.055627781774
 42
0.5205670595169067
 10
-2431.016205196967
 20
3079.055627781774
 42
0.5205670595169067
 10
-2431.516205196967
 20
3079.055627781774
 42
0.5205670595169067
 10
-2432.016205196967
 20
3079.055627781774
 42
0.5205670595169067
 10
-2432.516205196967
 20
3079.055627781774
 42
0.5205670595169067
 10
-2433.016205196967
 20
3079.055627781774
 42
0.5205670595169067
 10
-2433.516205196967
 20
3079.055627781774
 42
0.5205670595169067
 10
-2434.016205196967
 20
3079.055627781774
 42
0.5205670595169067
 10
-2434.516205196967
 20
3079.055627781774
 42
0.5205670595169067
 10
-2435.016205196967
 20
3079.055627781774
 42
0.5205670595169067
 10
-2435.516205196967
 20
3079.055627781774
 42
0.5205670595169067
 10
-2436.016205196967
 20
3079.055627781774
 42
0.5205670595169067
 10
-2436.516205196967
 20
3079.055627781774
 42
0.5205670595169067
 10
-2437.016205196967
 20
3079.055627781774
 42
0.5205670595169067
 10
-2437.516205196967
 20
3079.055627781774
 42
0.5205670595169067
 10
-2438.016205196967
 20
3079.055627781774
 42
0.5205670595169067
 10
-2438.516205196967
 20
3079.055627781774
 42
0.5205670595169067
 10
-2439.016205196967
 20
3079.055627781774
 42
0.5205670595169067
 10
-2439.516205196967
 20
3079.055627781774
 42
0.5205670595169067
 10
-2440.016205196967
 20
3079.055627781774
 42
0.5205670595169067
 10
-2440.516205196967
 20
3079.055627781774
 42
0.5205670595169067
 10
-2441.016205196967
 20
3079.055627781774
 42
0.5205670595169067
 10
-2441.516205196967
 20
3079.055627781774
 42
0.5205670595169067
 10
-2442.016205196967
 20
3079.055627781774
 42
0.5205670595169067
 10
-2442.516205196967
 20
3079.055627781774
 42
0.5205670595169067
 10
-2443.016205196967
 20
3079.055627781774
 42
0.5205670595169067
 10
-2443.516205196967
 20
3079.055627781774
 42
0.5205670595169067
 10
-2444.016205196967
 20
3079.055627781774
 42
0.5205670595169067
 10
-2444.516205196967
 20
3079.055627781774
 42
0.5205670595169067
 10
-2445.016205196967
 20
3079.055627781774
 42
0.5205670595169067
 10
-2445.516205196967
 20
3079.055627781774
 42
0.5205670595169067
 10
-2446.016205196967
 20
3079.055627781774
 42
0.5205670595169067
 10
-2446.516205196967
 20
3079.055627781774
 42
0.5205670595169067
 10
-2447.016205196967
 20
3079.055627781774
 42
0.5205670595169067
 10
-2447.516205196967
 20
3079.055627781774
 42
0.5205670595169067
 10
-2448.016205196967
 20
3079.055627781774
 42
0.5205670595169067
 10
-2448.516205196967
 20
3079.055627781774
 42
0.5205670595169067
 10
-2449.016205196967
 20
3079.055627781774
 42
0.5205670595169067
 10
-2449.516205196967
 20
3079.055627781774
 42
0.5205670595169067
 10
-2450.016205196967
 20
3079.055627781774
 42
0.5205670595169067
 10
-2450.516205196967
 20
3079.055627781774
 42
0.5205670595169067
 10
-2450.873329533017
 20
3078.912752117823
 42
0.5205670595169067
 10
-2450.873329533017
 20
3078.412752117823
 42
0.5205670595169067
 10
-2450.873329533017
 20
3077.912752117823
 42
0.5205670595169067
 10
-2450.873329533017
 20
3077.412752117823
 42
0.5205670595169067
 10
-2450.873329533017
 20
3076.912752117823
 42
0.5205670595169067
 10
-2450.873329533017
 20
3076.412752117823
 42
0.5205670595169067
 10
-2450.873329533017
 20
3075.912752117823
 42
0.5205670595169067
 10
-2450.873329533017
 20
3075.412752117823
 42
0.5205670595169067
 10
-2450.873329533017
 20
3074.912752117823
 42
0.5205670595169067
 10
-2450.873329533017
 20
3074.412752117823
 42
0.5205670595169067
 10
-2450.873329533017
 20
3073.912752117823
 42
0.5205670595169067
 10
-2450.873329533017
 20
3073.412752117823
 42
0.5205670595169067
 10
-2450.873329533017
 20
3072.912752117823
 42
0.5205670595169067
 10
-2450.873329533017
 20
3072.412752117823
 42
0.5205670595169067
 10
-2450.873329533017
 20
3071.912752117823
 42
0.5205670595169067
 10
-2450.873329533017
 20
3071.412752117823
 42
0.5205670595169067
 10
-2450.873329533017
 20
3070.912752117823
 42
0.5205670595169067
 10
-2450.873329533017
 20
3070.412752117823
 42
0.5205670595169067
 10
-2450.873329533017
 20
3069.912752117823
 42
0.5205670595169067
 10
-2450.873329533017
 20
3069.412752117823
 42
0.5205670595169067
 10
-2450.873329533017
 20
3068.912752117823
 42
0.5205670595169067
 10
-2450.873329533017
 20
3068.412752117823
 42
0.5205670595169067
 10
-2450.873329533017
 20
3067.912752117823
 42
0.5205670595169067
 10
-2450.873329533017
 20
3067.412752117823
 42
0.5205670595169067
 10
-2450.873329533017
 20
3066.912752117823
 42
0.5205670595169067
 10
-2450.873329533017
 20
3066.412752117823
 42
0.5205670595169067
 10
-2450.873329533017
 20
3065.912752117823
 42
0.5205670595169067
 10
-2450.873329533017
 20
3065.412752117823
 42
0.5205670595169067
 10
-2450.873329533017
 20
3064.912752117823
 42
0.5205670595169067
 10
-2450.873329533017
 20
3064.412752117823
 42
0.5205670595169067
 10
-2450.873329533017
 20
3063.912752117823
 42
0.5205670595169067
 10
-2450.873329533017
 20
3063.412752117823
 42
0.5205670595169067
 10
-2450.873329533017
 20
3062.912752117823
 42
0.5205670595169067
 10
-2450.873329533017
 20
3062.412752117823
 42
0.5205670595169067
 10
-2450.873329533017
 20
3061.912752117823
 42
0.5205670595169067
 10
-2450.873329533017
 20
3061.412752117823
 42
0.5205670595169067
 10
-2450.873329533017
 20
3060.912752117823
 42
0.5205670595169067
 10
-2450.873329533017
 20
3060.412752117823
 42
0.5205670595169067
 10
-2450.873329533017
 20
3059.912752117823
 42
0.5205670595169067
 10
-2450.873329533017
 20
3059.412752117823
 42
0.5205670595169067
 10
-2450.873329533017
 20
3058.912752117823
 42
0.5205670595169067
 10
-2450.873329533017
 20
3058.412752117823
 42
0.5205670595169067
 10
-2450.873329533017
 20
3057.912752117823
 42
0.5205670595169067
 10
-2450.873329533017
 20
3057.412752117823
 42
0.5205670595169067
 10
-2450.873329533017
 20
3056.912752117823
 42
0.5205670595169067
 10
-2450.873329533017
 20
3056.412752117823
 42
0.5205670595169067
 10
-2450.873329533017
 20
3055.912752117823
 42
0.5205670595169067
 10
-2450.873329533017
 20
3055.412752117823
 42
0.5205670595169067
 10
-2450.873329533017
 20
3054.912752117823
 42
0.5205670595169067
 10
-2450.873329533017
 20
3054.412752117823
 42
0.5205670595169067
 10
-2450.873329533017
 20
3053.912752117823
 42
0.5205670595169067
 10
-2450.873329533017
 20
3053.412752117823
 42
0.5205670595169067
 10
-2450.873329533017
 20
3052.912752117823
 42
0.5205670595169067
 10
-2450.873329533017
 20
3052.412752117823
 42
0.5205670595169067
 10
-2450.873329533017
 20
3051.912752117823
 42
0.5205670595169067
 10
-2450.873329533017
 20
3051.412752117823
 42
0.5205670595169067
 10
-2450.873329533017
 20
3050.912752117823
 42
0.5205670595169067
 10
-2450.873329533017
 20
3050.412752117823
 42
0.5205670595169067
 10
-2450.873329533017
 20
3049.912752117823
 42
0.5205670595169067
 10
-2450.873329533017
 20
3049.412752117823
 42
0.5205670595169067
 10
-2450.873329533017
 20
3048.912752117823
 42
0.5205670595169067
 10
-2450.873329533017
 20
3048.412752117823
 42
0.5205670595169067
 10
-2450.873329533017
 20
3047.912752117823
 42
0.5205670595169067
 10
-2450.873329533017
 20
3047.412752117823
 42
0.5205670595169067
 10
-2450.873329533017
 20
3046.912752117823
 42
0.5205670595169067
 10
-2450.873329533017
 20
3046.412752117823
 42
0.5205670595169067
 10
-2450.873329533017
 20
3045.912752117823
 42
0.5205670595169067
 10
-2450.873329533017
 20
3045.412752117823
 42
0.5205670595169067
 10
-2450.873329533017
 20
3044.912752117823
 42
0.5205670595169067
 10
-2450.873329533017
 20
3044.412752117823
 42
0.5205670595169067
 10
-2450.873329533017
 20
3043.912752117823
 42
0.5205670595169067
 10
-2450.873329533017
 20
3043.412752117823
 42
0.5205670595169067
 10
-2450.873329533017
 20
3042.912752117823
 42
0.5205670595169067
 10
-2450.873329533017
 20
3042.412752117823
 42
0.5205670595169067
 10
-2450.873329533017
 20
3041.912752117823
 42
0.5205670595169067
 10
-2450.873329533017
 20
3041.412752117823
 42
0.5205670595169067
 10
-2450.873329533017
 20
3040.912752117823
 42
0.5205670595169067
 10
-2450.873329533017
 20
3040.412752117823
 42
0.5205670595169067
 10
-2450.873329533017
 20
3039.912752117823
 42
0.5205670595169067
 10
-2450.873329533017
 20
3039.412752117823
 42
0.5205670595169067
 10
-2450.873329533017
 20
3038.912752117823
 42
0.5205670595169067
 10
-2450.873329533017
 20
3038.412752117823
 42
0.5205670595169067
 10
-2450.873329533017
 20
3037.912752117823
 42
0.5205670595169067
 10
-2450.873329533017
 20
3037.412752117823
 42
0.5205670595169067
 10
-2450.873329533017
 20
3036.912752117823
 42
0.5205670595169067
 10
-2450.873329533017
 20
3036.412752117823
 42
0.5205670595169067
 10
-2450.873329533017
 20
3035.912752117823
 42
0.5205670595169067
 10
-2450.873329533017
 20
3035.412752117823
 42
0.5205670595169067
 10
-2450.873329533017
 20
3034.912752117823
 42
0.5205670595169067
 10
-2450.873329533017
 20
3034.412752117823
 42
0.5205670595169067
 10
-2450.873329533017
 20
3033.912752117823
 42
0.5205670595169067
 10
-2450.873329533017
 20
3033.412752117823
 42
0.5205670595169067
 10
-2450.873329533017
 20
3032.912752117823
 42
0.5205670595169067
 10
-2450.873329533017
 20
3032.412752117823
 42
0.5205670595169067
 10
-2450.873329533017
 20
3031.912752117823
 42
0.5205670595169067
 10
-2450.873329533017
 20
3031.412752117823
 42
0.5205670595169067
 10
-2450.873329533017
 20
3030.912752117823
 42
0.5205670595169067
 10
-2450.873329533017
 20
3030.412752117823
 42
0.5205670595169067
 10
-2450.873329533017
 20
3029.912752117823
 42
0.5205670595169067
 10
-2450.873329533017
 20
3029.412752117823
 42
0.5205670595169067
 10
-2450.873329533017
 20
3028.912752117823
 42
0.5205670595169067
 10
-2450.873329533017
 20
3028.412752117823
 42
0.5205670595169067
 10
-2450.873329533017
 20
3027.912752117823
 42
0.5205670595169067
 10
-2450.873329533017
 20
3027.412752117823
 42
0.5205670595169067
 10
-2450.873329533017
 20
3026.912752117823
 42
0.5205670595169067
 10
-2450.873329533017
 20
3026.412752117823
 42
0.5205670595169067
 10
-2450.873329533017
 20
3025.912752117823
 42
0.5205670595169067
 10
-2450.873329533017
 20
3025.412752117823
 42
0.5205670595169067
 10
-2450.873329533017
 20
3024.912752117823
 42
0.5205670595169067
 10
-2450.873329533017
 20
3024.412752117823
 42
0.5205670595169067
 10
-2450.873329533017
 20
3023.912752117823
 42
0.5205670595169067
 10
-2450.873329533017
 20
3023.412752117823
 42
0.5205670595169067
 10
-2450.873329533017
 20
3022.912752117823
 42
0.5205670595169067
 10
-2450.873329533017
 20
3022.412752117823
 42
0.5205670595169067
 10
-2450.873329533017
 20
3021.912752117823
 42
0.5205670595169067
 10
-2450.873329533017
 20
3021.412752117823
 42
0.5205670595169067
 10
-2450.873329533017
 20
3020.912752117823
 42
0.5205670595169067
 10
-2450.873329533017
 20
3020.412752117823
 42
0.5205670595169067
 10
-2450.873329533017
 20
3019.912752117823
 42
0.5205670595169067
 10
-2450.873329533017
 20
3019.412752117823
 42
0.5205670595169067
 10
-2450.873329533017
 20
3018.912752117823
 42
0.5205670595169067
 10
-2450.873329533017
 20
3018.412752117823
 42
0.5205670595169067
 10
-2450.873329533017
 20
3017.912752117823
 42
0.5205670595169067
 10
-2450.873329533017
 20
3017.412752117823
 42
0.5205670595169067
 10
-2450.873329533017
 20
3016.912752117823
 42
0.5205670595169067
 10
-2450.873329533017
 20
3016.412752117823
 42
0.5205670595169067
 10
-2450.873329533017
 20
3015.912752117823
 42
0.5205670595169067
 10
-2450.873329533017
 20
3015.412752117823
 42
0.5205670595169067
 10
-2450.873329533017
 20
3014.912752117823
 42
0.5205670595169067
 10
-2450.873329533017
 20
3014.412752117823
 42
0.5205670595169067
 10
-2450.873329533017
 20
3013.912752117823
 42
0.5205670595169067
 10
-2450.873329533017
 20
3013.412752117823
 42
0.5205670595169067
 10
-2450.873329533017
 20
3012.912752117823
 42
0.5205670595169067
 10
-2450.873329533017
 20
3012.412752117823
 42
0.5205670595169067
 10
-2450.873329533017
 20
3011.912752117823
 42
0.5205670595169067
 10
-2450.873329533017
 20
3011.412752117823
 42
0.5205670595169067
 10
-2450.873329533017
 20
3010.912752117823
 42
0.5205670595169067
 10
-2450.873329533017
 20
3010.412752117823
 42
0.5205670595169067
 10
-2450.873329533017
 20
3009.912752117823
 42
0.5205670595169067
 10
-2450.873329533017
 20
3009.412752117823
 42
0.5205670595169067
 10
-2450.873329533017
 20
3008.912752117823
 42
0.5205670595169067
 10
-2450.873329533017
 20
3008.412752117823
 42
0.5205670595169067
 10
-2450.873329533017
 20
3007.912752117823
 42
0.5205670595169067
 10
-2450.873329533017
 20
3007.412752117823
 42
0.5205670595169067
 10
-2450.873329533017
 20
3006.912752117823
 42
0.5205670595169067
 10
-2450.873329533017
 20
3006.412752117823
 42
0.5205670595169067
 10
-2450.873329533017
 20
3005.912752117823
 42
0.5205670595169067
 10
-2450.873329533017
 20
3005.412752117823
 42
0.5205670595169067
 10
-2450.873329533017
 20
3004.912752117823
 42
0.5205670595169067
 10
-2450.873329533017
 20
3004.412752117823
 42
0.5205670595169067
 10
-2450.873329533017
 20
3003.912752117823
 42
0.5205670595169067
 10
-2450.873329533017
 20
3003.412752117823
 42
0.5205670595169067
 10
-2450.873329533017
 20
3002.912752117823
 42
0.5205670595169067
 10
-2450.873329533017
 20
3002.412752117823
 42
0.5205670595169067
 10
-2450.873329533017
 20
3001.912752117823
 42
0.5205670595169067
 10
-2450.873329533017
 20
3001.412752117823
 42
0.5205670595169067
 10
-2450.873329533017
 20
3000.912752117823
 42
0.5205670595169067
 10
-2450.873329533017
 20
3000.412752117823
 42
0.5205670595169067
 10
-2450.873329533017
 20
2999.912752117823
 42
0.5205670595169067
 10
-2450.873329533017
 20
2999.412752117823
 42
0.5205670595169067
 10
-2450.873329533017
 20
2998.912752117823
 42
0.5205670595169067
 10
-2450.873329533017
 20
2998.412752117823
 42
0.5205670595169067
 10
-2450.873329533017
 20
2997.912752117823
 42
0.5205670595169067
 10
-2450.873329533017
 20
2997.412752117823
 42
0.5205670595169067
 10
-2450.873329533017
 20
2996.912752117823
 42
0.5205670595169067
 10
-2450.873329533017
 20
2996.412752117823
 42
0.5205670595169067
 10
-2450.873329533017
 20
2995.912752117823
 42
0.5205670595169067
 10
-2450.873329533017
 20
2995.412752117823
 42
0.5205670595169067
 10
-2450.873329533017
 20
2994.912752117823
 42
0.5205670595169067
 10
-2450.873329533017
 20
2994.412752117823
 42
0.5205670595169067
 10
-2450.873329533017
 20
2993.912752117823
 42
0.5205670595169067
 10
-2450.873329533017
 20
2993.412752117823
 42
0.5205670595169067
 10
-2450.873329533017
 20
2992.912752117823
 42
0.5205670595169067
 10
-2450.873329533017
 20
2992.412752117823
 42
0.5205670595169067
 10
-2450.873329533017
 20
2991.912752117823
 42
0.5205670595169067
 10
-2450.873329533017
 20
2991.412752117823
 42
0.5205670595169067
 10
-2450.873329533017
 20
2990.912752117823
 42
0.5205670595169067
 10
-2450.873329533017
 20
2990.412752117823
 42
0.5205670595169067
 10
-2450.873329533017
 20
2989.912752117823
 42
0.5205670595169067
 10
-2450.873329533017
 20
2989.412752117823
 42
0.5205670595169067
 10
-2450.873329533017
 20
2988.912752117823
 42
0.5205670595169067
 10
-2450.873329533017
 20
2988.412752117823
 42
0.5205670595169067
 10
-2450.873329533017
 20
2987.912752117823
 42
0.5205670595169067
 10
-2450.873329533017
 20
2987.412752117823
 42
0.5205670595169067
 10
-2450.873329533017
 20
2986.912752117823
 42
0.5205670595169067
 10
-2450.873329533017
 20
2986.412752117823
 42
0.5205670595169067
 10
-2450.873329533017
 20
2985.912752117823
 42
0.5205670595169067
 10
-2450.873329533017
 20
2985.412752117823
 42
0.5205670595169067
 10
-2450.873329533017
 20
2984.912752117823
 42
0.5205670595169067
 10
-2450.873329533017
 20
2984.412752117823
 42
0.5205670595169067
 10
-2450.873329533017
 20
2983.912752117823
 42
0.5205670595169067
 10
-2450.873329533017
 20
2983.412752117823
 42
0.5205670595169067
 10
-2450.873329533017
 20
2982.912752117823
 42
0.5205670595169067
 10
-2450.873329533017
 20
2982.412752117823
 42
0.5205670595169067
 10
-2450.873329533017
 20
2981.912752117823
 42
0.5205670595169067
 10
-2450.873329533017
 20
2981.412752117823
 42
0.5205670595169067
 10
-2450.873329533017
 20
2980.912752117823
 42
0.5205670595169067
 10
-2450.873329533017
 20
2980.412752117823
 42
0.5205670595169067
 10
-2450.873329533017
 20
2979.912752117823
 42
0.5205670595169067
 10
-2450.873329533017
 20
2979.412752117823
 42
0.5205670595169067
 10
-2450.873329533017
 20
2978.912752117823
 42
0.5205670595169067
 10
-2450.873329533017
 20
2978.412752117823
 42
0.5205670595169067
 10
-2450.873329533017
 20
2977.912752117823
 42
0.5205670595169067
 10
-2450.873329533017
 20
2977.412752117823
 42
0.5205670595169067
 10
-2450.873329533017
 20
2976.912752117823
 42
0.5205670595169067
 10
-2450.873329533017
 20
2976.412752117823
 42
0.5205670595169067
 10
-2450.873329533017
 20
2975.912752117823
 42
0.5205670595169067
 10
-2450.873329533017
 20
2975.412752117823
 42
0.5205670595169067
 10
-2450.873329533017
 20
2974.912752117823
 42
0.5205670595169067
 10
-2450.873329533017
 20
2974.412752117823
 42
0.5205670595169067
 10
-2450.873329533017
 20
2973.912752117823
 42
0.5205670595169067
 10
-2450.873329533017
 20
2973.412752117823
 42
0.5205670595169067
 10
-2450.873329533017
 20
2972.912752117823
 42
0.5205670595169067
 10
-2450.873329533017
 20
2972.412752117823
 42
0.5205670595169067
 10
-2450.873329533017
 20
2971.912752117823
 42
0.5205670595169067
 10
-2450.873329533017
 20
2971.412752117823
 42
0.5205670595169067
 10
-2450.873329533017
 20
2970.912752117823
 42
0.5205670595169067
 10
-2450.873329533017
 20
2970.412752117823
 42
0.5205670595169067
 10
-2450.873329533017
 20
2969.912752117823
 42
0.5205670595169067
 10
-2450.873329533017
 20
2969.412752117823
 42
0.5205670595169067
 10
-2450.873329533017
 20
2968.912752117823
 42
0.5205670595169067
 10
-2450.873329533017
 20
2968.412752117823
 42
0.5205670595169067
 10
-2450.873329533017
 20
2967.912752117823
 42
0.5205670595169067
 10
-2450.873329533017
 20
2967.412752117823
 42
0.5205670595169067
 10
-2450.873329533017
 20
2966.912752117823
 42
0.5205670595169067
 10
-2450.873329533017
 20
2966.412752117823
 42
0.5205670595169067
 10
-2450.873329533017
 20
2965.912752117823
 42
0.5205670595169067
 10
-2450.873329533017
 20
2965.412752117823
 42
0.5205670595169067
 10
-2450.873329533017
 20
2964.912752117823
 42
0.5205670595169067
 10
-2450.873329533017
 20
2964.412752117823
 42
0.5205670595169067
 10
-2450.873329533017
 20
2963.912752117823
 42
0.5205670595169067
 10
-2450.873329533017
 20
2963.412752117823
 42
0.5205670595169067
 10
-2450.873329533017
 20
2962.912752117823
 42
0.5205670595169067
 10
-2450.873329533017
 20
2962.412752117823
 42
0.5205670595169067
 10
-2450.873329533017
 20
2961.912752117823
 42
0.5205670595169067
 10
-2450.873329533017
 20
2961.412752117823
 42
0.5205670595169067
 10
-2450.873329533017
 20
2960.912752117823
 42
0.5205670595169067
 10
-2450.873329533017
 20
2960.412752117823
 42
0.5205670595169067
 10
-2450.873329533017
 20
2959.912752117823
 42
0.5205670595169067
 10
-2450.873329533017
 20
2959.412752117823
 42
0.5205670595169067
 10
-2450.873329533017
 20
2958.912752117823
 42
0.5205670595169067
 10
-2450.873329533017
 20
2958.412752117823
 42
0.5205670595169067
 10
-2450.873329533017
 20
2957.912752117823
 42
0.5205670595169067
 10
-2450.873329533017
 20
2957.412752117823
 42
0.5205670595169067
 10
-2450.873329533017
 20
2956.912752117823
 42
0.5205670595169067
 10
-2450.873329533017
 20
2956.412752117823
 42
0.5205670595169067
 10
-2450.873329533017
 20
2955.912752117823
 42
0.5205670595169067
 10
-2450.873329533017
 20
2955.412752117823
 42
0.5205670595169067
 10
-2450.873329533017
 20
2954.912752117823
 42
0.5205670595169067
 10
-2450.873329533017
 20
2954.412752117823
 42
0.5205670595169067
 10
-2450.873329533017
 20
2953.912752117823
 42
0.5205670595169067
 10
-2450.873329533017
 20
2953.412752117823
 42
0.5205670595169067
 10
-2450.873329533017
 20
2952.912752117823
 42
0.5205670595169067
 10
-2450.873329533017
 20
2952.412752117823
 42
0.5205670595169067
 10
-2450.873329533017
 20
2951.912752117823
 42
0.5205670595169067
 10
-2450.873329533017
 20
2951.412752117823
 42
0.5205670595169067
 10
-2450.873329533017
 20
2950.912752117823
 42
0.5205670595169067
 10
-2450.873329533017
 20
2950.412752117823
 42
0.5205670595169067
 10
-2450.873329533017
 20
2949.912752117823
 42
0.5205670595169067
 10
-2450.873329533017
 20
2949.412752117823
 42
0.5205670595169067
 10
-2450.873329533017
 20
2948.912752117823
 42
0.5205670595169067
 10
-2450.873329533017
 20
2948.412752117823
 42
0.5205670595169067
 10
-2450.873329533017
 20
2947.912752117823
 42
0.5205670595169067
 10
-2450.873329533017
 20
2947.412752117823
 42
0.5205670595169067
 10
-2450.873329533017
 20
2946.912752117823
 42
0.5205670595169067
 10
-2450.873329533017
 20
2946.412752117823
 42
0.5205670595169067
 10
-2450.873329533017
 20
2945.912752117823
 42
0.5205670595169067
 10
-2450.873329533017
 20
2945.412752117823
 42
0.5205670595169067
 10
-2450.873329533017
 20
2944.912752117823
 42
0.5205670595169067
 10
-2450.873329533017
 20
2944.412752117823
 42
0.5205670595169067
 10
-2450.873329533017
 20
2943.912752117823
 42
0.5205670595169067
 10
-2450.873329533017
 20
2943.412752117823
 42
0.5205670595169067
 10
-2450.873329533017
 20
2942.912752117823
 42
0.5205670595169067
 10
-2450.873329533017
 20
2942.412752117823
 42
0.5205670595169067
 10
-2450.873329533017
 20
2941.912752117823
 42
0.5205670595169067
 10
-2450.873329533017
 20
2941.412752117823
 42
0.5205670595169067
 10
-2450.873329533017
 20
2940.912752117823
 42
0.5205670595169067
 10
-2450.873329533017
 20
2940.412752117823
 42
0.5205670595169067
 10
-2450.873329533017
 20
2939.912752117823
 42
0.5205670595169067
 10
-2450.873329533017
 20
2939.412752117823
 42
0.5205670595169067
 10
-2450.873329533017
 20
2938.912752117823
 42
0.5205670595169067
 10
-2450.873329533017
 20
2938.412752117823
 42
0.5205670595169067
 10
-2450.873329533017
 20
2937.912752117823
 42
0.5205670595169067
 10
-2450.873329533017
 20
2937.412752117823
 42
0.5205670595169067
 10
-2450.873329533017
 20
2936.912752117823
 42
0.5205670595169067
 10
-2450.873329533017
 20
2936.412752117823
 42
0.5205670595169067
 10
-2450.873329533017
 20
2935.912752117823
 42
0.5205670595169067
 10
-2450.873329533017
 20
2935.412752117823
 42
0.5205670595169067
 10
-2450.873329533017
 20
2934.912752117823
 42
0.5205670595169067
 10
-2450.873329533017
 20
2934.412752117823
 42
0.5205670595169067
 10
-2450.873329533017
 20
2933.912752117823
 42
0.5205670595169067
 10
-2450.873329533017
 20
2933.412752117823
 42
0.5205670595169067
 10
-2450.873329533017
 20
2932.912752117823
 42
0.5205670595169067
 10
-2450.873329533017
 20
2932.412752117823
 42
0.5205670595169067
 10
-2450.873329533017
 20
2931.912752117823
 42
0.5205670595169067
 10
-2450.873329533017
 20
2931.412752117823
 42
0.5205670595169067
 10
-2450.873329533017
 20
2930.912752117823
 42
0.5205670595169067
 10
-2450.873329533017
 20
2930.412752117823
 42
0.5205670595169067
 10
-2450.873329533017
 20
2929.912752117823
 42
0.5205670595169067
 10
-2450.873329533017
 20
2929.412752117823
 42
0.5205670595169067
 10
-2450.873329533017
 20
2928.912752117823
 42
0.5205670595169067
 10
-2450.873329533017
 20
2928.412752117823
 42
0.5205670595169067
 10
-2450.873329533017
 20
2927.912752117823
 42
0.5205670595169067
 10
-2450.873329533017
 20
2927.412752117823
 42
0.5205670595169067
 10
-2450.873329533017
 20
2926.912752117823
 42
0.5205670595169067
 10
-2450.873329533017
 20
2926.412752117823
 42
0.5205670595169067
 10
-2450.873329533017
 20
2925.912752117823
 42
0.5205670595169067
 10
-2450.873329533017
 20
2925.412752117823
 42
0.5205670595169067
 10
-2450.873329533017
 20
2924.912752117823
 42
0.5205670595169067
 10
-2450.873329533017
 20
2924.412752117823
 42
0.5205670595169067
 10
-2450.873329533017
 20
2923.912752117823
 42
0.5205670595169067
 10
-2450.873329533017
 20
2923.412752117823
 42
0.5205670595169067
 10
-2450.873329533017
 20
2922.912752117823
 42
0.5205670595169067
 10
-2450.873329533017
 20
2922.412752117823
 42
0.5205670595169067
 10
-2450.873329533017
 20
2921.912752117823
 42
0.5205670595169067
 10
-2450.873329533017
 20
2921.412752117823
 42
0.5205670595169067
 10
-2450.873329533017
 20
2920.912752117823
 42
0.5205670595169067
 10
-2450.873329533017
 20
2920.412752117823
 42
0.5205670595169067
 10
-2450.873329533017
 20
2919.912752117823
 42
0.5205670595169067
 10
-2450.873329533017
 20
2919.412752117823
 42
0.5205670595169067
 10
-2450.873329533017
 20
2918.912752117823
 42
0.5205670595169067
 10
-2450.873329533017
 20
2918.412752117823
 42
0.5205670595169067
 10
-2450.873329533017
 20
2917.912752117823
 42
0.5205670595169067
 10
-2450.873329533017
 20
2917.412752117823
 42
0.5205670595169067
 10
-2450.873329533017
 20
2916.912752117823
 42
0.5205670595169067
 10
-2450.873329533017
 20
2916.412752117823
 42
0.5205670595169067
 10
-2450.873329533017
 20
2915.912752117823
 42
0.5205670595169067
 10
-2450.873329533017
 20
2915.412752117823
 42
0.5205670595169067
 10
-2450.873329533017
 20
2914.912752117823
 42
0.5205670595169067
 10
-2450.873329533017
 20
2914.412752117823
 42
0.5205670595169067
 10
-2450.873329533017
 20
2913.912752117823
 42
0.5205670595169067
 10
-2450.873329533017
 20
2913.412752117823
 42
0.5205670595169067
 10
-2450.873329533017
 20
2912.912752117823
 42
0.5205670595169067
 10
-2450.873329533017
 20
2912.412752117823
 42
0.5205670595169067
 10
-2450.873329533017
 20
2911.912752117823
 42
0.5205670595169067
 10
-2450.873329533017
 20
2911.412752117823
 42
0.5205670595169067
 10
-2450.873329533017
 20
2910.912752117823
 42
0.5205670595169067
 10
-2450.873329533017
 20
2910.412752117823
 42
0.5205670595169067
 10
-2450.873329533017
 20
2909.912752117823
 42
0.5205670595169067
 10
-2450.873329533017
 20
2909.412752117823
 42
0.5205670595169067
 10
-2450.873329533017
 20
2908.912752117823
 42
0.5205670595169067
 10
-2450.873329533017
 20
2908.412752117823
 42
0.5205670595169067
 10
-2450.873329533017
 20
2907.912752117823
 42
0.5205670595169067
 10
-2450.873329533017
 20
2907.412752117823
 42
0.5205670595169067
 10
-2450.873329533017
 20
2906.912752117823
 42
0.5205670595169067
 10
-2450.873329533017
 20
2906.412752117823
 42
0.5205670595169067
 10
-2450.873329533017
 20
2905.912752117823
 42
0.5205670595169067
 10
-2450.873329533017
 20
2905.412752117823
 42
0.5205670595169067
 10
-2450.873329533017
 20
2904.912752117823
 42
0.5205670595169067
 10
-2450.873329533017
 20
2904.412752117823
 42
0.5205670595169067
 10
-2450.873329533017
 20
2903.912752117823
 42
0.5205670595169067
 10
-2450.873329533017
 20
2903.412752117823
 42
0.5205670595169067
 10
-2450.873329533017
 20
2902.912752117823
 42
0.5205670595169067
 10
-2450.873329533017
 20
2902.412752117823
 42
0.5205670595169067
 10
-2450.873329533017
 20
2901.912752117823
 42
0.5205670595169067
 10
-2450.873329533017
 20
2901.412752117823
 42
0.5205670595169067
 10
-2450.873329533017
 20
2900.912752117823
 42
0.5205670595169067
 10
-2450.873329533017
 20
2900.412752117823
 42
0.5205670595169067
 10
-2450.873329533017
 20
2899.912752117823
 42
0.5205670595169067
 10
-2450.873329533017
 20
2899.412752117823
 42
0.5205670595169067
 10
-2450.873329533017
 20
2898.912752117823
 42
0.5205670595169067
 10
-2450.873329533017
 20
2898.412752117823
 42
0.5205670595169067
 10
-2450.873329533017
 20
2897.912752117823
 42
0.5205670595169067
 10
-2450.873329533017
 20
2897.412752117823
 42
0.5205670595169067
 10
-2450.873329533017
 20
2896.912752117823
 42
0.5205670595169067
 10
-2450.873329533017
 20
2896.412752117823
 42
0.5205670595169067
 10
-2450.873329533017
 20
2895.912752117823
 42
0.5205670595169067
 10
-2450.873329533017
 20
2895.412752117823
 42
0.5205670595169067
 10
-2450.873329533017
 20
2894.912752117823
 42
0.5205670595169067
 10
-2450.873329533017
 20
2894.412752117823
 42
0.5205670595169067
 10
-2450.873329533017
 20
2893.912752117823
 42
0.5205670595169067
 10
-2450.873329533017
 20
2893.412752117823
 42
0.5205670595169067
 10
-2450.873329533017
 20
2892.912752117823
 42
0.5205670595169067
 10
-2450.873329533017
 20
2892.412752117823
 42
0.5205670595169067
 10
-2450.873329533017
 20
2891.912752117823
 42
0.5205670595169067
 10
-2450.873329533017
 20
2891.412752117823
 42
0.5205670595169067
 10
-2450.873329533017
 20
2890.912752117823
 42
0.5205670595169067
 10
-2450.873329533017
 20
2890.412752117823
 42
0.5205670595169067
 10
-2450.873329533017
 20
2889.912752117823
 42
0.5205670595169067
 10
-2450.873329533017
 20
2889.412752117823
 42
0.5205670595169067
 10
-2450.873329533017
 20
2888.912752117823
 42
0.5205670595169067
 10
-2450.873329533017
 20
2888.412752117823
 42
0.5205670595169067
 10
-2450.873329533017
 20
2887.912752117823
 42
0.5205670595169067
 10
-2450.873329533017
 20
2887.412752117823
 42
0.5205670595169067
 10
-2450.873329533017
 20
2886.912752117823
 42
0.5205670595169067
 10
-2450.873329533017
 20
2886.412752117823
 42
0.5205670595169067
 10
-2450.873329533017
 20
2885.912752117823
 42
0.5205670595169067
 10
-2450.873329533017
 20
2885.412752117823
 42
0.5205670595169067
 10
-2450.873329533017
 20
2884.912752117823
 42
0.5205670595169067
 10
-2450.873329533017
 20
2884.412752117823
 42
0.5205670595169067
 10
-2450.873329533017
 20
2883.912752117823
 42
0.5205670595169067
 10
-2450.873329533017
 20
2883.412752117823
 42
0.5205670595169067
 10
-2450.873329533017
 20
2882.912752117823
 42
0.5205670595169067
 10
-2450.873329533017
 20
2882.412752117823
 42
0.5205670595169067
 10
-2450.873329533017
 20
2881.912752117823
 42
0.5205670595169067
 10
-2450.873329533017
 20
2881.412752117823
 42
0.5205670595169067
 10
-2450.873329533017
 20
2880.912752117823
 42
0.5205670595169067
 10
-2450.873329533017
 20
2880.412752117823
 42
0.5205670595169067
 10
-2450.873329533017
 20
2879.912752117823
 42
0.5205670595169067
 10
-2450.873329533017
 20
2879.412752117823
 42
0.5205670595169067
 10
-2450.873329533017
 20
2878.912752117823
 42
0.5205670595169067
 10
-2450.873329533017
 20
2878.412752117823
 42
0.5205670595169067
 10
-2450.873329533017
 20
2877.912752117823
 42
0.5205670595169067
 10
-2450.873329533017
 20
2877.412752117823
 42
0.5205670595169067
 10
-2450.873329533017
 20
2876.912752117823
 42
0.5205670595169067
 10
-2450.873329533017
 20
2876.412752117823
 42
0.5205670595169067
 10
-2450.873329533017
 20
2875.912752117823
 42
0.5205670595169067
 10
-2450.873329533017
 20
2875.412752117823
 42
0.5205670595169067
 10
-2450.873329533017
 20
2874.912752117823
 42
0.5205670595169067
 10
-2450.873329533017
 20
2874.412752117823
 42
0.5205670595169067
 10
-2450.873329533017
 20
2873.912752117823
 42
0.5205670595169067
 10
-2450.873329533017
 20
2873.412752117823
 42
0.5205670595169067
 10
-2450.873329533017
 20
2872.912752117823
 42
0.5205670595169067
 10
-2450.873329533017
 20
2872.412752117823
 42
0.5205670595169067
 10
-2450.873329533017
 20
2871.912752117823
 42
0.5205670595169067
 10
-2450.873329533017
 20
2871.412752117823
 42
0.5205670595169067
 10
-2450.873329533017
 20
2870.912752117823
 42
0.5205670595169067
 10
-2450.873329533017
 20
2870.412752117823
 42
0.5205670595169067
 10
-2450.873329533017
 20
2869.912752117823
 42
0.5205670595169067
 10
-2450.873329533017
 20
2869.412752117823
 42
0.5205670595169067
 10
-2450.873329533017
 20
2868.912752117823
 42
0.5205670595169067
 10
-2450.873329533017
 20
2868.412752117823
 42
0.5205670595169067
 10
-2450.873329533017
 20
2867.912752117823
 42
0.5205670595169067
 10
-2450.873329533017
 20
2867.412752117823
 42
0.5205670595169067
 10
-2450.873329533017
 20
2866.912752117823
 42
0.5205670595169067
 10
-2450.873329533017
 20
2866.412752117823
 42
0.5205670595169067
 10
-2450.873329533017
 20
2865.912752117823
 42
0.5205670595169067
 10
-2450.873329533017
 20
2865.412752117823
 42
0.5205670595169067
 10
-2450.873329533017
 20
2864.912752117823
 42
0.5205670595169067
 10
-2450.873329533017
 20
2864.412752117823
 42
0.5205670595169067
 10
-2450.873329533017
 20
2863.912752117823
 42
0.5205670595169067
 10
-2450.873329533017
 20
2863.412752117823
 42
0.5205670595169067
 10
-2450.873329533017
 20
2862.912752117823
 42
0.5205670595169067
 10
-2450.873329533017
 20
2862.412752117823
 42
0.5205670595169067
 10
-2450.873329533017
 20
2861.912752117823
 42
0.5205670595169067
 10
-2450.873329533017
 20
2861.412752117823
 42
0.5205670595169067
 10
-2450.873329533017
 20
2860.912752117823
 42
0.5205670595169067
 10
-2450.873329533017
 20
2860.412752117823
 42
0.5205670595169067
 10
-2450.873329533017
 20
2859.912752117823
 42
0.5205670595169067
 10
-2450.873329533017
 20
2859.412752117823
 42
0.5205670595169067
 10
-2450.873329533017
 20
2858.912752117823
 42
0.5205670595169067
 10
-2450.873329533017
 20
2858.412752117823
 42
0.5205670595169067
 10
-2450.873329533017
 20
2857.912752117823
 42
0.5205670595169067
 10
-2450.873329533017
 20
2857.412752117823
 42
0.5205670595169067
 10
-2450.873329533017
 20
2856.912752117823
 42
0.5205670595169067
 10
-2450.873329533017
 20
2856.412752117823
 42
0.5205670595169067
 10
-2450.873329533017
 20
2855.912752117823
 42
0.5205670595169067
 10
-2450.873329533017
 20
2855.412752117823
 42
0.5205670595169067
 10
-2450.873329533017
 20
2854.912752117823
 42
0.5205670595169067
 10
-2450.873329533017
 20
2854.412752117823
 42
0.5205670595169067
 10
-2450.873329533017
 20
2853.912752117823
 42
0.5205670595169067
 10
-2450.873329533017
 20
2853.412752117823
 42
0.5205670595169067
 10
-2450.873329533017
 20
2852.912752117823
 42
0.5205670595169067
 10
-2450.873329533017
 20
2852.412752117823
 42
0.5205670595169067
 10
-2450.873329533017
 20
2851.912752117823
 42
0.5205670595169067
 10
-2450.873329533017
 20
2851.412752117823
 42
0.5205670595169067
 10
-2450.873329533017
 20
2850.912752117823
 42
0.5205670595169067
 10
-2450.873329533017
 20
2850.412752117823
 42
0.5205670595169067
 10
-2450.873329533017
 20
2849.912752117823
 42
0.5205670595169067
 10
-2450.873329533017
 20
2849.412752117823
 42
0.5205670595169067
 10
-2450.873329533017
 20
2848.912752117823
 42
0.5205670595169067
 10
-2450.873329533017
 20
2848.412752117823
 42
0.5205670595169067
 10
-2450.873329533017
 20
2847.912752117823
 42
0.5205670595169067
 10
-2450.873329533017
 20
2847.412752117823
 42
0.5205670595169067
 10
-2450.873329533017
 20
2846.912752117823
 42
0.5205670595169067
 10
-2450.873329533017
 20
2846.412752117823
 42
0.5205670595169067
 10
-2450.873329533017
 20
2845.912752117823
 42
0.5205670595169067
 10
-2450.873329533017
 20
2845.412752117823
 42
0.5205670595169067
 10
-2450.873329533017
 20
2844.912752117823
 42
0.5205670595169067
 10
-2450.873329533017
 20
2844.412752117823
 42
0.5205670595169067
 10
-2450.873329533017
 20
2843.912752117823
 42
0.5205670595169067
 10
-2450.873329533017
 20
2843.412752117823
 42
0.5205670595169067
 10
-2450.873329533017
 20
2842.912752117823
 42
0.5205670595169067
 10
-2450.873329533017
 20
2842.412752117823
 42
0.5205670595169067
 10
-2450.873329533017
 20
2841.912752117823
 42
0.5205670595169067
 10
-2450.873329533017
 20
2841.412752117823
 42
0.5205670595169067
 10
-2450.873329533017
 20
2840.912752117823
 42
0.5205670595169067
 10
-2450.873329533017
 20
2840.412752117823
 42
0.5205670595169067
 10
-2450.873329533017
 20
2839.912752117823
 42
0.5205670595169067
 10
-2450.873329533017
 20
2839.412752117823
 42
0.5205670595169067
 10
-2450.873329533017
 20
2838.912752117823
 42
0.5205670595169067
 10
-2450.873329533017
 20
2838.412752117823
 42
0.5205670595169067
 10
-2450.873329533017
 20
2837.912752117823
 42
0.5205670595169067
 10
-2450.873329533017
 20
2837.412752117823
 42
0.5205670595169067
 10
-2450.873329533017
 20
2836.912752117823
 42
0.5205670595169067
 10
-2450.873329533017
 20
2836.412752117823
 42
0.5205670595169067
 10
-2450.873329533017
 20
2835.912752117823
 42
0.5205670595169067
 10
-2450.873329533017
 20
2835.412752117823
 42
0.5205670595169067
 10
-2450.873329533017
 20
2834.912752117823
 42
0.5205670595169067
 10
-2450.873329533017
 20
2834.412752117823
 42
0.5205670595169067
 10
-2450.873329533017
 20
2833.912752117823
 42
0.5205670595169067
 10
-2450.873329533017
 20
2833.412752117823
 42
0.5205670595169067
 10
-2450.873329533017
 20
2832.912752117823
 42
0.5205670595169067
 10
-2450.873329533017
 20
2832.412752117823
 42
0.5205670595169067
 10
-2450.873329533017
 20
2831.912752117823
 42
0.5205670595169067
 10
-2450.873329533017
 20
2831.412752117823
 42
0.5205670595169067
 10
-2450.873329533017
 20
2830.912752117823
 42
0.5205670595169067
 10
-2450.873329533017
 20
2830.412752117823
 42
0.5205670595169067
 10
-2450.873329533017
 20
2829.912752117823
 42
0.5205670595169067
 10
-2450.873329533017
 20
2829.412752117823
 42
0.5205670595169067
 10
-2450.873329533017
 20
2828.912752117823
 42
0.5205670595169067
 10
-2450.873329533017
 20
2828.412752117823
 42
0.5205670595169067
 10
-2450.873329533017
 20
2827.912752117823
 42
0.5205670595169067
 10
-2450.873329533017
 20
2827.412752117823
 42
0.5205670595169067
 10
-2450.873329533017
 20
2826.912752117823
 42
0.5205670595169067
 10
-2450.873329533017
 20
2826.412752117823
 42
0.5205670595169067
 10
-2450.873329533017
 20
2825.912752117823
 42
0.5205670595169067
 10
-2450.873329533017
 20
2825.412752117823
 42
0.5205670595169067
 10
-2450.873329533017
 20
2824.912752117823
 42
0.5205670595169067
 10
-2450.873329533017
 20
2824.412752117823
 42
0.5205670595169067
 10
-2450.873329533017
 20
2823.912752117823
 42
0.5205670595169067
 10
-2450.873329533017
 20
2823.412752117823
 42
0.5205670595169067
 10
-2450.873329533017
 20
2822.912752117823
 42
0.5205670595169067
 10
-2450.873329533017
 20
2822.412752117823
 42
0.5205670595169067
 10
-2450.873329533017
 20
2821.912752117823
 42
0.5205670595169067
 10
-2450.873329533017
 20
2821.412752117823
 42
0.5205670595169067
 10
-2450.873329533017
 20
2820.912752117823
 42
0.5205670595169067
 10
-2450.873329533017
 20
2820.412752117823
 42
0.5205670595169067
 10
-2450.873329533017
 20
2819.912752117823
 42
0.5205670595169067
 10
-2450.873329533017
 20
2819.412752117823
 42
0.5205670595169067
 10
-2450.873329533017
 20
2818.912752117823
 42
0.5205670595169067
 10
-2450.873329533017
 20
2818.412752117823
 42
0.5205670595169067
 10
-2450.873329533017
 20
2817.912752117823
 42
0.5205670595169067
 10
-2450.873329533017
 20
2817.412752117823
 42
0.5205670595169067
 10
-2450.873329533017
 20
2816.912752117823
 42
0.5205670595169067
 10
-2450.873329533017
 20
2816.412752117823
 42
0.5205670595169067
 10
-2450.873329533017
 20
2815.912752117823
 42
0.5205670595169067
 10
-2450.873329533017
 20
2815.412752117823
 42
0.5205670595169067
 10
-2450.873329533017
 20
2814.912752117823
 42
0.5205670595169067
 10
-2450.873329533017
 20
2814.412752117823
 42
0.5205670595169067
 10
-2450.873329533017
 20
2813.912752117823
 42
0.5205670595169067
 10
-2450.873329533017
 20
2813.412752117823
 42
0.5205670595169067
 10
-2450.873329533017
 20
2812.912752117823
 42
0.5205670595169067
 10
-2450.873329533017
 20
2812.412752117823
 42
0.5205670595169067
 10
-2450.873329533017
 20
2811.912752117823
 42
0.5205670595169067
 10
-2450.873329533017
 20
2811.412752117823
 42
0.5205670595169067
 10
-2450.873329533017
 20
2810.912752117823
 42
0.5205670595169067
 10
-2450.873329533017
 20
2810.412752117823
 42
0.5205670595169067
 10
-2450.873329533017
 20
2809.912752117823
 42
0.5205670595169067
 10
-2450.873329533017
 20
2809.412752117823
 42
0.5205670595169067
 10
-2450.873329533017
 20
2808.912752117823
 42
0.5205670595169067
 10
-2450.873329533017
 20
2808.412752117823
 42
0.5205670595169067
 10
-2450.873329533017
 20
2807.912752117823
 42
0.5205670595169067
 10
-2450.873329533017
 20
2807.412752117823
 42
0.5205670595169067
 10
-2450.873329533017
 20
2806.912752117823
 42
0.5205670595169067
 10
-2450.873329533017
 20
2806.412752117823
 42
0.5205670595169067
 10
-2450.873329533017
 20
2805.912752117823
 42
0.5205670595169067
 10
-2450.873329533017
 20
2805.412752117823
 42
0.5205670595169067
 10
-2450.873329533017
 20
2804.912752117823
 42
0.5205670595169067
 10
-2450.873329533017
 20
2804.412752117823
 42
0.5205670595169067
 10
-2450.873329533017
 20
2803.912752117823
 42
0.5205670595169067
 10
-2450.873329533017
 20
2803.412752117823
 42
0.5205670595169067
 10
-2450.873329533017
 20
2802.912752117823
 42
0.5205670595169067
 10
-2450.873329533017
 20
2802.412752117823
 42
0.5205670595169067
 10
-2450.873329533017
 20
2801.912752117823
 42
0.5205670595169067
 10
-2450.873329533017
 20
2801.412752117823
 42
0.5205670595169067
 10
-2450.873329533017
 20
2800.912752117823
 42
0.5205670595169067
 10
-2450.873329533017
 20
2800.412752117823
 42
0.5205670595169067
 10
-2450.873329533017
 20
2799.912752117823
 42
0.5205670595169067
 10
-2450.873329533017
 20
2799.412752117823
 42
0.5205670595169067
 10
-2450.873329533017
 20
2798.912752117823
 42
0.5205670595169067
 10
-2450.873329533017
 20
2798.412752117823
 42
0.5205670595169067
 10
-2450.873329533017
 20
2797.912752117823
 42
0.5205670595169067
 10
-2450.873329533017
 20
2797.412752117823
 42
0.5205670595169067
 10
-2450.873329533017
 20
2796.912752117823
 42
0.5205670595169067
 10
-2450.873329533017
 20
2796.412752117823
 42
0.5205670595169067
 10
-2450.873329533017
 20
2795.912752117823
 42
0.5205670595169067
 10
-2450.873329533017
 20
2795.412752117823
 42
0.5205670595169067
 10
-2450.873329533017
 20
2794.912752117823
 42
0.5205670595169067
 10
-2450.873329533017
 20
2794.412752117823
 42
0.5205670595169067
 10
-2450.873329533017
 20
2793.912752117823
 42
0.5205670595169067
 10
-2450.873329533017
 20
2793.412752117823
 42
0.5205670595169067
 10
-2450.873329533017
 20
2792.912752117823
 42
0.5205670595169067
 10
-2450.873329533017
 20
2792.412752117823
 42
0.5205670595169067
 10
-2450.873329533017
 20
2791.912752117823
 42
0.5205670595169067
 10
-2450.873329533017
 20
2791.412752117823
 42
0.5205670595169067
 10
-2450.873329533017
 20
2790.912752117823
 42
0.5205670595169067
 10
-2450.873329533017
 20
2790.412752117823
 42
0.5205670595169067
 10
-2450.873329533017
 20
2789.912752117823
 42
0.5205670595169067
 10
-2450.873329533017
 20
2789.412752117823
 42
0.5205670595169067
 10
-2450.873329533017
 20
2788.912752117823
 42
0.5205670595169067
 10
-2450.873329533017
 20
2788.412752117823
 42
0.5205670595169067
 10
-2450.873329533017
 20
2787.912752117823
 42
0.5205670595169067
 10
-2450.873329533017
 20
2787.412752117823
 42
0.5205670595169067
 10
-2450.873329533017
 20
2786.912752117823
 42
0.5205670595169067
 10
-2450.873329533017
 20
2786.412752117823
 42
0.5205670595169067
 10
-2450.873329533017
 20
2785.912752117823
 42
0.5205670595169067
 10
-2450.873329533017
 20
2785.412752117823
 42
0.5205670595169067
 10
-2450.873329533017
 20
2784.912752117823
 42
0.5205670595169067
 10
-2450.873329533017
 20
2784.412752117823
 42
0.5205670595169067
 10
-2450.873329533017
 20
2783.912752117823
 42
0.5205670595169067
 10
-2450.873329533017
 20
2783.412752117823
 42
0.5205670595169067
 10
-2450.873329533017
 20
2782.912752117823
 42
0.5205670595169067
 10
-2450.873329533017
 20
2782.412752117823
 42
0.5205670595169067
 10
-2450.873329533017
 20
2781.912752117823
 42
0.5205670595169067
 10
-2450.873329533017
 20
2781.412752117823
 42
0.5205670595169067
 10
-2450.873329533017
 20
2780.912752117823
 42
0.5205670595169067
 10
-2450.873329533017
 20
2780.412752117823
 42
0.5205670595169067
 10
-2450.873329533017
 20
2779.912752117823
 42
0.5205670595169067
 10
-2450.873329533017
 20
2779.412752117823
 42
0.5205670595169067
 10
-2450.873329533017
 20
2778.912752117823
 42
0.5205670595169067
 10
-2450.873329533017
 20
2778.412752117823
 42
0.5205670595169067
 10
-2450.873329533017
 20
2777.912752117823
 42
0.5205670595169067
 10
-2450.873329533017
 20
2777.412752117823
 42
0.5205670595169067
 10
-2450.873329533017
 20
2776.912752117823
 42
0.5205670595169067
 10
-2450.873329533017
 20
2776.412752117823
 42
0.5205670595169067
 10
-2450.873329533017
 20
2775.912752117823
 42
0.5205670595169067
 10
-2450.873329533017
 20
2775.412752117823
 42
0.5205670595169067
 10
-2450.873329533017
 20
2774.912752117823
 42
0.5205670595169067
 10
-2450.873329533017
 20
2774.412752117823
 42
0.5205670595169067
 10
-2450.873329533017
 20
2773.912752117823
 42
0.5205670595169067
 10
-2450.873329533017
 20
2773.412752117823
 42
0.5205670595169067
 10
-2450.873329533017
 20
2772.912752117823
 42
0.5205670595169067
 10
-2450.873329533017
 20
2772.412752117823
 42
0.5205670595169067
 10
-2450.873329533017
 20
2771.912752117823
 42
0.5205670595169067
 10
-2450.873329533017
 20
2771.412752117823
 42
0.5205670595169067
 10
-2450.873329533017
 20
2770.912752117823
 42
0.5205670595169067
 10
-2450.873329533017
 20
2770.412752117823
 42
0.5205670595169067
 10
-2450.873329533017
 20
2769.912752117823
 42
0.5205670595169067
 10
-2450.873329533017
 20
2769.412752117823
 42
0.5205670595169067
 10
-2450.873329533017
 20
2768.912752117823
 42
0.5205670595169067
 10
-2450.873329533017
 20
2768.412752117823
 42
0.5205670595169067
 10
-2450.873329533017
 20
2767.912752117823
 42
0.5205670595169067
 10
-2450.873329533017
 20
2767.412752117823
 42
0.5205670595169067
 10
-2450.873329533017
 20
2766.912752117823
 42
0.5205670595169067
 10
-2450.873329533017
 20
2766.412752117823
 42
0.5205670595169067
 10
-2450.873329533017
 20
2765.912752117823
 42
0.5205670595169067
 10
-2450.873329533017
 20
2765.412752117823
 42
0.5205670595169067
 10
-2450.873329533017
 20
2764.912752117823
 42
0.5205670595169067
 10
-2450.873329533017
 20
2764.412752117823
 42
0.5205670595169067
 10
-2450.873329533017
 20
2763.912752117823
 42
0.5205670595169067
 10
-2450.873329533017
 20
2763.412752117823
 42
0.5205670595169067
 10
-2450.873329533017
 20
2762.912752117823
 42
0.5205670595169067
 10
-2450.873329533017
 20
2762.412752117823
 42
0.5205670595169067
 10
-2450.873329533017
 20
2761.912752117823
 42
0.5205670595169067
 10
-2450.873329533017
 20
2761.412752117823
 42
0.5205670595169067
 10
-2450.873329533017
 20
2760.912752117823
 42
0.5205670595169067
 10
-2450.873329533017
 20
2760.412752117823
 42
0.5205670595169067
 10
-2450.873329533017
 20
2759.912752117823
 42
0.5205670595169067
 10
-2450.873329533017
 20
2759.412752117823
 42
0.5205670595169067
 10
-2450.873329533017
 20
2758.912752117823
 42
0.5205670595169067
 10
-2450.873329533017
 20
2758.412752117823
 42
0.5205670595169067
 10
-2450.873329533017
 20
2757.912752117823
 42
0.5205670595169067
 10
-2450.873329533017
 20
2757.412752117823
 42
0.5205670595169067
 10
-2450.873329533017
 20
2756.912752117823
 42
0.5205670595169067
 10
-2450.873329533017
 20
2756.412752117823
 42
0.5205670595169067
 10
-2450.873329533017
 20
2755.912752117823
 42
0.5205670595169067
 10
-2450.873329533017
 20
2755.412752117823
 42
0.5205670595169067
 10
-2450.873329533017
 20
2754.912752117823
 42
0.5205670595169067
 10
-2450.873329533017
 20
2754.412752117823
 42
0.5205670595169067
 10
-2450.873329533017
 20
2753.912752117823
 42
0.5205670595169067
 10
-2450.873329533017
 20
2753.412752117823
 42
0.5205670595169067
 10
-2450.873329533017
 20
2752.912752117823
 42
0.5205670595169067
 10
-2450.873329533017
 20
2752.412752117823
 42
0.5205670595169067
 10
-2450.873329533017
 20
2751.912752117823
 42
0.5205670595169067
 10
-2450.873329533017
 20
2751.412752117823
 42
0.5205670595169067
 10
-2450.873329533017
 20
2750.912752117823
 42
0.5205670595169067
 10
-2450.873329533017
 20
2750.412752117823
 42
0.5205670595169067
 10
-2450.873329533017
 20
2749.912752117823
 42
0.5205670595169067
 10
-2450.873329533017
 20
2749.412752117823
 42
0.5205670595169067
 10
-2450.873329533017
 20
2748.912752117823
 42
0.5205670595169067
 10
-2450.873329533017
 20
2748.412752117823
 42
0.5205670595169067
 10
-2450.873329533017
 20
2747.912752117823
 42
0.5205670595169067
 10
-2450.873329533017
 20
2747.412752117823
 42
0.5205670595169067
 10
-2450.873329533017
 20
2746.912752117823
 42
0.5205670595169067
 10
-2450.873329533017
 20
2746.412752117823
 42
0.5205670595169067
 10
-2450.873329533017
 20
2745.912752117823
 42
0.5205670595169067
 10
-2450.873329533017
 20
2745.412752117823
 42
0.5205670595169067
 10
-2450.873329533017
 20
2744.912752117823
 42
0.5205670595169067
 10
-2450.873329533017
 20
2744.412752117823
 42
0.5205670595169067
 10
-2450.873329533017
 20
2743.912752117823
 42
0.5205670595169067
 10
-2450.873329533017
 20
2743.412752117823
 42
0.5205670595169067
 10
-2450.873329533017
 20
2742.912752117823
 42
0.5205670595169067
 10
-2450.873329533017
 20
2742.412752117823
 42
0.5205670595169067
 10
-2450.873329533017
 20
2741.912752117823
 42
0.5205670595169067
 10
-2450.873329533017
 20
2741.412752117823
 42
0.5205670595169067
 10
-2450.873329533017
 20
2740.912752117823
 42
0.5205670595169067
 10
-2450.873329533017
 20
2740.412752117823
 42
0.5205670595169067
 10
-2450.873329533017
 20
2739.912752117823
 42
0.5205670595169067
 10
-2450.873329533017
 20
2739.412752117823
 42
0.5205670595169067
 10
-2450.873329533017
 20
2738.912752117823
 42
0.5205670595169067
 10
-2450.873329533017
 20
2738.412752117823
 42
0.5205670595169067
 10
-2450.873329533017
 20
2737.912752117823
 42
0.5205670595169067
 10
-2450.873329533017
 20
2737.412752117823
 42
0.5205670595169067
 10
-2450.873329533017
 20
2736.912752117823
 42
0.5205670595169067
 10
-2450.873329533017
 20
2736.412752117823
 42
0.5205670595169067
 10
-2450.873329533017
 20
2735.912752117823
 42
0.5205670595169067
 10
-2450.873329533017
 20
2735.412752117823
 42
0.5205670595169067
 10
-2450.873329533017
 20
2734.912752117823
 42
0.5205670595169067
 10
-2450.873329533017
 20
2734.412752117823
 42
0.5205670595169067
 10
-2450.873329533017
 20
2733.912752117823
 42
0.5205670595169067
 10
-2450.873329533017
 20
2733.412752117823
 42
0.5205670595169067
 10
-2450.873329533017
 20
2732.912752117823
 42
0.5205670595169067
 10
-2450.873329533017
 20
2732.412752117823
 42
0.5205670595169067
 10
-2450.873329533017
 20
2731.912752117823
 42
0.5205670595169067
 10
-2450.873329533017
 20
2731.412752117823
 42
0.5205670595169067
 10
-2450.873329533017
 20
2730.912752117823
 42
0.5205670595169067
 10
-2450.873329533017
 20
2730.412752117823
 42
0.5205670595169067
 10
-2450.873329533017
 20
2729.912752117823
 42
0.5205670595169067
 10
-2450.873329533017
 20
2729.412752117823
 42
0.5205670595169067
 10
-2450.873329533017
 20
2728.912752117823
 42
0.5205670595169067
 10
-2450.873329533017
 20
2728.412752117823
 42
0.5205670595169067
 10
-2450.873329533017
 20
2727.912752117823
 42
0.5205670595169067
 10
-2450.873329533017
 20
2727.412752117823
 42
0.5205670595169067
 10
-2450.873329533017
 20
2726.912752117823
 42
0.5205670595169067
 10
-2450.873329533017
 20
2726.412752117823
 42
0.5205670595169067
 10
-2450.873329533017
 20
2725.912752117823
 42
0.5205670595169067
 10
-2450.873329533017
 20
2725.412752117823
 42
0.5205670595169067
 10
-2450.873329533017
 20
2724.912752117823
 42
0.5205670595169067
 10
-2450.873329533017
 20
2724.412752117823
 42
0.5205670595169067
 10
-2450.873329533017
 20
2723.912752117823
 42
0.5205670595169067
 10
-2450.873329533017
 20
2723.412752117823
 42
0.5205670595169067
 10
-2450.873329533017
 20
2722.912752117823
 42
0.5205670595169067
 10
-2450.873329533017
 20
2722.412752117823
 42
0.5205670595169067
 10
-2450.873329533017
 20
2721.912752117823
 42
0.5205670595169067
 10
-2450.873329533017
 20
2721.412752117823
 42
0.5205670595169067
 10
-2450.873329533017
 20
2720.912752117823
 42
0.5205670595169067
 10
-2450.873329533017
 20
2720.412752117823
 42
0.5205670595169067
 10
-2450.873329533017
 20
2719.899757023413
  0
POINT
  5
D9
330
2F
100
AcDbEntity
  8
Tavolo 3
100
AcDbPoint
 10
0.0
 20
0.0
 30
0.0
  0
ATTDEF
  5
DA
330
2F
100
AcDbEntity
  8
Tavolo 3
100
AcDbText
 10
0.0
 20
0.0
 30
0.0
 40
2.5
  1
at
100
AcDbAttributeDefinition
  3
atrib
  2
ATRIBUTO
 70
     0
280
     0
  0
LINE
  5
DB
330
2F
100
AcDbEntity
  8
Tavolo 3
100
AcDbLine
 10
370.8586116534307
 20
730.6303035220437
 30
0.0
 11
450.0397564202603
 21
619.2192730768991
 31
0.0
  0
VIEWPORT
  5
DD
330
30
100
AcDbEntity
 67
     1
  8
0
100
AcDbViewport
 10
107.9499969482422
 20
139.6999969482422
 30
0.0
 40
215.8999938964844
 41
279.3999938964844
 69
     1
 12
0.0
 22
0.0
 13
0.0
 23
0.0
 14
10.0
 24
10.0
 15
10.0
 25
10.0
 16
0.0
 26
0.0
 36
1.0
 17
0.0
 27
0.0
 37
0.0
 42
50.0
 43
0.0
 44
0.0
 45
279.3999938964844
 50
0.0
 51
0.0
 72
   100
 90
   950496
  1

281
     0
 71
     0
 74
     0
110
0.0
120
0.0
130
0.0
111
1.0
121
0.0
131
0.0
112
0.0
122
1.0
132
0.0
 79
     0
146
0.0
170
     0
 61
     5
292
     1
282
     0
141
50.0
142
50.0
 63
    18
421
        0
  0
VIEWPORT
  5
DC
330
30
100
AcDbEntity
 67
     1
  8
0
100
AcDbViewport
 10
116.5859967041016
 20
101.5999970436096
 30
0.0
 40
198.6279943847656
 41
105.9349303385417
 68
     1
 69
     2
 12
133.3499908447266
 22
101.5999970436096
 13
0.0
 23
0.0
 14
10.0
 24
10.0
 15
10.0
 25
10.0
 16
0.0
 26
0.0
 36
1.0
 17
0.0
 27
0.0
 37
0.0
 42
50.0
 43
0.0
 44
0.0
 45
228.4221935424805
 50
0.0
 51
0.0
 72
  1000
 90
    32800
  1

281
     0
 71
     1
 74
     0
110
0.0
120
0.0
130
0.0
111
1.0
121
0.0
131
0.0
112
0.0
122
1.0
132
0.0
 79
     0
146
0.0
170
     0
 61
     5
292
     1
282
     1
141
0.0
142
0.0
 63
   250
421
  3355443
  0
ENDSEC
  0
SECTION
  2
OBJECTS
  0
DICTIONARY
  5
45
330
0
100
AcDbDictionary
  3
ACAD_COLOR
350
35
  3
ACAD_DETAILVIEWSTYLE
350
36
  3
ACAD_FIELDLIST
350
37
  3
ACAD_GROUP
350
38
  3
ACAD_IMAGE_DICT
350
39
  3
ACAD_LAYOUT
350
3A
  3
ACAD_MATERIAL
350
3B
  3
ACAD_MLEADERSTYLE
350
3C
  3
ACAD_MLINESTYLE
350
3D
  3
ACAD_PLOTSETTINGS
350
3E
  3
ACAD_PLOTSTYLENAME
350
A74
  3
ACAD_SCALELIST
350
A76
  3
ACAD_SECTIONVIEWSTYLE
350
40
  3
ACAD_SORTENTS
360
41
  3
ACAD_TABLESTYLE
350
42
  3
ACAD_VISUALSTYLE
350
43
  3
ACDB_RECOMPOSE_DATA
350
ADA
  3
AcDbVariableDictionary
350
44
  0
DICTIONARY
  5
AA5
330
D5
100
AcDbDictionary
280
     1
281
     1
  3
ACAD_XREC_ROUNDTRIP
360
AA6
  0
DICTIONARY
  5
35
330
45
100
AcDbDictionary
  0
DICTIONARY
  5
36
330
45
100
AcDbDictionary
  0
FIELDLIST
  5
37
330
45
100
AcDbIdSet
 90
        0
100
AcDbFieldList
  0
DICTIONARY
  5
38
330
45
100
AcDbDictionary
  0
DICTIONARY
  5
39
330
45
100
AcDbDictionary
  0
DICTIONARY
  5
3A
330
45
100
AcDbDictionary
  3
Layout1
350
22
  3
Layout2
350
23
  3
Model
350
24
  0
DICTIONARY
  5
3B
330
45
100
AcDbDictionary
  3
ByBlock
350
A89
  3
ByLayer
350
A88
  3
Global
350
A8A
  0
DICTIONARY
  5
3C
330
45
100
AcDbDictionary
  3
Standard
350
AA4
  0
DICTIONARY
  5
3D
330
45
100
AcDbDictionary
  3
Standard
350
A73
  0
DICTIONARY
  5
3E
330
45
100
AcDbDictionary
  0
ACDBDICTIONARYWDFLT
  5
A74
102
{ACAD_REACTORS
330
45
102
}
330
45
100
AcDbDictionary
281
     1
  3
Normal
350
A75
100
AcDbDictionaryWithDefault
340
A75
  0
DICTIONARY
  5
A76
102
{ACAD_REACTORS
330
45
102
}
330
45
100
AcDbDictionary
281
     1
  3
A0
350
A77
  3
A1
350
A78
  3
A2
350
A79
  3
A3
350
A7A
  3
A4
350
A7B
  3
A5
350
A7C
  3
A6
350
A7D
  3
A7
350
A7E
  3
A8
350
A7F
  3
A9
350
A80
  3
B1
350
A81
  3
B2
350
A82
  3
B3
350
A83
  3
B4
350
A84
  3
B5
350
A85
  3
B6
350
A86
  3
B7
350
A87
  0
DICTIONARY
  5
40
330
45
100
AcDbDictionary
  0
DICTIONARY
  5
41
330
45
100
AcDbDictionary
  0
DICTIONARY
  5
42
330
45
100
AcDbDictionary
  3
Standard
350
AA3
  0
DICTIONARY
  5
43
330
45
100
AcDbDictionary
  3
2dWireframe
350
A8F
  3
Basic
350
A92
  3
Brighten
350
A96
  3
ColorChange
350
A9A
  3
Conceptual
350
A94
  3
Dim
350
A95
  3
EdgeColorOff
350
A9D
  3
Facepattern
350
A99
  3
Flat
350
A8B
  3
FlatWithEdges
350
A8C
  3
Gouraud
350
A8D
  3
GouraudWithEdges
350
A8E
  3
Hidden
350
A91
  3
JitterOff
350
A9B
  3
Linepattern
350
A98
  3
OverhangOff
350
A9C
  3
Realistic
350
A93
  3
Shaded
350
AA2
  3
Shaded with edges
350
AA1
  3
Shades of Gray
350
A9E
  3
Sketchy
350
A9F
  3
Thicken
350
A97
  3
Wireframe
350
A90
  3
X-Ray
350
AA0
  0
XRECORD
  5
ADA
102
{ACAD_REACTORS
330
45
102
}
330
45
100
AcDbXrecord
280
     1
 90
        1
330
AA3
  0
DICTIONARY
  5
44
330
45
100
AcDbDictionary
  3
CANNOSCALE
350
AA7
  3
CMLEADERSTYLE
350
ADC
  3
CTABLESTYLE
350
ADB
  0
XRECORD
  5
AA6
102
{ACAD_REACTORS
330
AA5
102
}
330
AA5
100
AcDbXrecord
280
     1
102
ACAD_ROUNDTRIP_2012_MLEADER
295
     1
  0
LAYOUT
  5
22
330
3A
100
AcDbPlotSettings
  1

  2
none_device
  4
Letter_(8.50_x_11.00_Inches)
  6

 40
6.349999904632568
 41
6.349999904632568
 42
6.350006103515625
 43
6.350006103515625
 44
215.8999938964844
 45
279.3999938964844
 46
0.0
 47
0.0
 48
0.0
 49
0.0
140
0.0
141
0.0
142
1.0
143
1.0
 70
   688
 72
     1
 73
     1
 74
     5
  7

 75
    16
 76
     0
 77
     2
 78
   300
147
1.0
148
0.0
149
0.0
100
AcDbLayout
  1
Layout1
 70
     1
 71
     1
 10
-6.350006103515625
 20
-6.349999904632568
 11
273.0499877929688
 21
209.5499939918518
 12
0.0
 22
0.0
 32
0.0
 14
1.149993896484375
 24
1.150000095367432
 34
0.0
 15
265.5499877929688
 25
202.0499939918518
 35
0.0
146
0.0
 13
0.0
 23
0.0
 33
0.0
 16
1.0
 26
0.0
 36
0.0
 17
0.0
 27
1.0
 37
0.0
 76
     0
330
31
331
DE
  0
LAYOUT
  5
23
330
3A
100
AcDbPlotSettings
  1

  2
none_device
  4
Letter_(8.50_x_11.00_Inches)
  6

 40
6.349999904632568
 41
6.349999904632568
 42
6.350006103515625
 43
6.350006103515625
 44
215.8999938964844
 45
279.3999938964844
 46
0.0
 47
0.0
 48
0.0
 49
0.0
140
0.0
141
0.0
142
1.0
143
1.0
 70
   688
 72
     1
 73
     1
 74
     5
  7

 75
    16
 76
     0
 77
     2
 78
   300
147
1.0
148
0.0
149
0.0
100
AcDbLayout
  1
Layout2
 70
     1
 71
     2
 10
-6.350006103515625
 20
-6.349999904632568
 11
273.0499877929688
 21
209.5499939918518
 12
0.0
 22
0.0
 32
0.0
 14
1.149993896484375
 24
1.150000095367432
 34
0.0
 15
265.5499877929688
 25
202.0499939918518
 35
0.0
146
0.0
 13
0.0
 23
0.0
 33
0.0
 16
1.0
 26
0.0
 36
0.0
 17
0.0
 27
1.0
 37
0.0
 76
     0
330
30
331
DC
  0
LAYOUT
  5
24
330
3A
100
AcDbPlotSettings
  1

  2
none_device
  4
ANSI_A_(8.50_x_11.00_Inches)
  6

 40
6.349999904632568
 41
19.04999923706055
 42
6.350006103515625
 43
19.04998779296875
 44
215.8999938964844
 45
279.3999938964844
 46
0.0
 47
0.0
 48
0.0
 49
0.0
140
0.0
141
0.0
142
1.0
143
78.436453180766
 70
 11952
 72
     0
 73
     1
 74
     0
  7
Fill Patterns.ctb
 75
     0
 76
     0
 77
     2
 78
   300
147
0.0127491741332998
148
0.0
149
0.0
100
AcDbLayout
  1
Model
 70
     1
 71
     0
 10
0.0
 20
0.0
 11
12.0
 21
9.0
 12
0.0
 22
0.0
 32
0.0
 14
0.0
 24
0.0
 34
0.0
 15
0.0
 25
0.0
 35
0.0
146
0.0
 13
0.0
 23
0.0
 33
0.0
 16
1.0
 26
0.0
 36
0.0
 17
0.0
 27
1.0
 37
0.0
 76
     0
330
2F
331
17
  0
MATERIAL
  5
A89
102
{ACAD_REACTORS
330
3B
102
}
330
3B
100
AcDbMaterial
  1
ByBlock
 72
     1
 94
      127
  0
MATERIAL
  5
A88
102
{ACAD_REACTORS
330
3B
102
}
330
3B
100
AcDbMaterial
  1
ByLayer
 72
     1
 94
      127
  0
MATERIAL
  5
A8A
102
{ACAD_REACTORS
330
3B
102
}
330
3B
100
AcDbMaterial
  1
Global
 72
     1
 94
      127
  0
MLEADERSTYLE
  5
AA4
102
{ACAD_REACTORS
330
3C
102
}
330
3C
100
AcDbMLeaderStyle
179
     2
170
     2
171
     1
172
     0
 90
        2
 40
0.0
 41
0.0
173
     1
 91
-1056964608
340
10
 92
       -2
290
     1
 42
0.09
291
     1
 43
0.36
  3
Standard
341
0
 44
0.18
300

342
14
174
     1
178
     6
175
     1
176
     0
 93
-1056964608
 45
0.18
292
     0
297
     0
 46
0.18
343
0
 94
-1056964608
 47
1.0
 49
1.0
140
1.0
293
     1
141
0.0
294
     1
177
     0
142
1.0
295
     0
296
     0
143
0.125
271
     0
272
     9
273
     9
  0
MLINESTYLE
  5
A73
102
{ACAD_REACTORS
330
3D
102
}
330
3D
100
AcDbMlineStyle
  2
Standard
 70
     0
  3

 62
   256
 51
90.0
 52
90.0
 71
     2
 49
0.5
 62
   256
  6
BYLAYER
 49
-0.5
 62
   256
  6
BYLAYER
  0
ACDBPLACEHOLDER
  5
A75
102
{ACAD_REACTORS
330
A74
102
}
330
A74
  0
SCALE
  5
A77
102
{ACAD_REACTORS
330
A76
102
}
330
A76
100
AcDbScale
 70
     0
300
1:1
140
1.0
141
1.0
290
     1
  0
SCALE
  5
A78
102
{ACAD_REACTORS
330
A76
102
}
330
A76
100
AcDbScale
 70
     0
300
1/128" = 1'-0"
140
0.0078125
141
12.0
290
     0
  0
SCALE
  5
A79
102
{ACAD_REACTORS
330
A76
102
}
330
A76
100
AcDbScale
 70
     0
300
1/64" = 1'-0"
140
0.015625
141
12.0
290
     0
  0
SCALE
  5
A7A
102
{ACAD_REACTORS
330
A76
102
}
330
A76
100
AcDbScale
 70
     0
300
1/32" = 1'-0"
140
0.03125
141
12.0
290
     0
  0
SCALE
  5
A7B
102
{ACAD_REACTORS
330
A76
102
}
330
A76
100
AcDbScale
 70
     0
300
1/16" = 1'-0"
140
0.0625
141
12.0
290
     0
  0
SCALE
  5
A7C
102
{ACAD_REACTORS
330
A76
102
}
330
A76
100
AcDbScale
 70
     0
300
3/32" = 1'-0"
140
0.09375
141
12.0
290
     0
  0
SCALE
  5
A7D
102
{ACAD_REACTORS
330
A76
102
}
330
A76
100
AcDbScale
 70
     0
300
1/8" = 1'-0"
140
0.125
141
12.0
290
     0
  0
SCALE
  5
A7E
102
{ACAD_REACTORS
330
A76
102
}
330
A76
100
AcDbScale
 70
     0
300
3/16" = 1'-0"
140
0.1875
141
12.0
290
     0
  0
SCALE
  5
A7F
102
{ACAD_REACTORS
330
A76
102
}
330
A76
100
AcDbScale
 70
     0
300
1/4" = 1'-0"
140
0.25
141
12.0
290
     0
  0
SCALE
  5
A80
102
{ACAD_REACTORS
330
A76
102
}
330
A76
100
AcDbScale
 70
     0
300
3/8" = 1'-0"
140
0.375
141
12.0
290
     0
  0
SCALE
  5
A81
102
{ACAD_REACTORS
330
A76
102
}
330
A76
100
AcDbScale
 70
     0
300
1/2" = 1'-0"
140
0.5
141
12.0
290
     0
  0
SCALE
  5
A82
102
{ACAD_REACTORS
330
A76
102
}
330
A76
100
AcDbScale
 70
     0
300
3/4" = 1'-0"
140
0.75
141
12.0
290
     0
  0
SCALE
  5
A83
102
{ACAD_REACTORS
330
A76
102
}
330
A76
100
AcDbScale
 70
     0
300
1" = 1'-0"
140
1.0
141
12.0
290
     0
  0
SCALE
  5
A84
102
{ACAD_REACTORS
330
A76
102
}
330
A76
100
AcDbScale
 70
     0
300
1-1/2" = 1'-0"
140
1.5
141
12.0
290
     0
  0
SCALE
  5
A85
102
{ACAD_REACTORS
330
A76
102
}
330
A76
100
AcDbScale
 70
     0
300
3" = 1'-0"
140
3.0
141
12.0
290
     0
  0
SCALE
  5
A86
102
{ACAD_REACTORS
330
A76
102
}
330
A76
100
AcDbScale
 70
     0
300
6" = 1'-0"
140
6.0
141
12.0
290
     0
  0
SCALE
  5
A87
102
{ACAD_REACTORS
330
A76
102
}
330
A76
100
AcDbScale
 70
     0
300
1'-0" = 1'-0"
140
12.0
141
12.0
290
     0
  0
TABLESTYLE
  5
AA3
102
{ACAD_REACTORS
330
42
102
}
102
{ACAD_XDICTIONARY
360
AA8
102
}
330
42
100
AcDbTableStyle
  3
Standard
 70
     0
 71
     0
 40
0.06
 41
0.06
280
     0
281
     0
  7
Standard
140
0.18
170
     2
 62
     0
 63
   257
283
     0
 90
        4
 91
        0
  1

274
    -2
284
     1
 64
     0
275
    -2
285
     1
 65
     0
276
    -2
286
     1
 66
     0
277
    -2
287
     1
 67
     0
278
    -2
288
     1
 68
     0
279
    -2
289
     1
 69
     0
  7
Standard
140
0.25
170
     5
 62
     0
 63
   257
283
     0
 90
        4
 91
        0
  1

274
    -2
284
     1
 64
     0
275
    -2
285
     1
 65
     0
276
    -2
286
     1
 66
     0
277
    -2
287
     1
 67
     0
278
    -2
288
     1
 68
     0
279
    -2
289
     1
 69
     0
  7
Standard
140
0.18
170
     5
 62
     0
 63
   257
283
     0
 90
        4
 91
        0
  1

274
    -2
284
     1
 64
     0
275
    -2
285
     1
 65
     0
276
    -2
286
     1
 66
     0
277
    -2
287
     1
 67
     0
278
    -2
288
     1
 68
     0
279
    -2
289
     1
 69
     0
  0
VISUALSTYLE
  5
A8F
102
{ACAD_REACTORS
330
43
102
}
102
{ACAD_XDICTIONARY
360
AB2
102
}
330
43
100
AcDbVisualStyle
  2
2dWireframe
 70
     4
177
     2
291
     0
 71
     0
176
     1
 72
     2
176
     1
 73
     0
176
     1
 90
        0
176
     1
 40
0.6
176
     1
 41
30.0
176
     1
 62
     5
 63
     7
421
 16777215
176
     1
 74
     1
176
     1
 91
        4
176
     1
 64
     7
176
     1
 65
   257
176
     1
 75
     1
176
     1
175
     1
176
     1
 42
1.0
176
     1
 92
        0
176
     1
 66
   257
176
     1
 43
1.0
176
     1
 76
     1
176
     1
 77
     6
176
     1
 78
     2
176
     1
 67
     7
176
     1
 79
     5
176
     1
170
     0
176
     1
171
     0
176
     1
290
     0
176
     1
 93
        1
176
     1
 44
0.0
176
     1
173
     0
176
     1
  0
VISUALSTYLE
  5
A92
102
{ACAD_REACTORS
330
43
102
}
102
{ACAD_XDICTIONARY
360
AB8
102
}
330
43
100
AcDbVisualStyle
  2
Basic
 70
     7
177
     2
291
     1
 71
     1
176
     1
 72
     0
176
     1
 73
     1
176
     1
 90
        0
176
     1
 40
0.6
176
     1
 41
30.0
176
     1
 62
     5
 63
     7
421
 16777215
176
     1
 74
     0
176
     1
 91
        4
176
     1
 64
     7
176
     1
 65
   257
176
     1
 75
     1
176
     1
175
     1
176
     1
 42
1.0
176
     1
 92
        8
176
     1
 66
     7
176
     1
 43
1.0
176
     1
 76
     1
176
     1
 77
     6
176
     1
 78
     2
176
     1
 67
     7
176
     1
 79
     5
176
     1
170
     0
176
     1
171
     0
176
     1
290
     0
176
     1
 93
        1
176
     1
 44
0.0
176
     1
173
     0
176
     1
  0
VISUALSTYLE
  5
A96
102
{ACAD_REACTORS
330
43
102
}
102
{ACAD_XDICTIONARY
360
AC0
102
}
330
43
100
AcDbVisualStyle
  2
Brighten
 70
    12
177
     2
291
     1
 71
     2
176
     1
 72
     2
176
     1
 73
     0
176
     1
 90
        0
176
     1
 40
0.6
176
     1
 41
30.0
176
     1
 62
     5
 63
     7
421
 16777215
176
     1
 74
     1
176
     1
 91
        4
176
     1
 64
     7
176
     1
 65
   257
176
     1
 75
     1
176
     1
175
     1
176
     1
 42
1.0
176
     1
 92
        8
176
     1
 66
     7
176
     1
 43
1.0
176
     1
 76
     1
176
     1
 77
     6
176
     1
 78
     2
176
     1
 67
     7
176
     1
 79
     5
176
     1
170
     0
176
     1
171
     0
176
     1
290
     0
176
     1
 93
        1
176
     1
 44
50.0
176
     1
173
     0
176
     1
  0
VISUALSTYLE
  5
A9A
102
{ACAD_REACTORS
330
43
102
}
102
{ACAD_XDICTIONARY
360
AC8
102
}
330
43
100
AcDbVisualStyle
  2
ColorChange
 70
    16
177
     2
291
     1
 71
     2
176
     1
 72
     2
176
     1
 73
     3
176
     1
 90
        0
176
     1
 40
0.6
176
     1
 41
30.0
176
     1
 62
     5
 63
     8
421
  8421504
176
     1
 74
     1
176
     1
 91
        4
176
     1
 64
     7
176
     1
 65
   257
176
     1
 75
     1
176
     1
175
     1
176
     1
 42
1.0
176
     1
 92
        8
176
     1
 66
     8
424
  8421504
176
     1
 43
1.0
176
     1
 76
     1
176
     1
 77
     6
176
     1
 78
     2
176
     1
 67
     7
176
     1
 79
     5
176
     1
170
     0
176
     1
171
     0
176
     1
290
     0
176
     1
 93
        1
176
     1
 44
0.0
176
     1
173
     0
176
     1
  0
VISUALSTYLE
  5
A94
102
{ACAD_REACTORS
330
43
102
}
102
{ACAD_XDICTIONARY
360
ABC
102
}
330
43
100
AcDbVisualStyle
  2
Conceptual
 70
     9
177
     2
291
     0
 71
     3
176
     1
 72
     2
176
     1
 73
     0
176
     1
 90
        0
176
     1
 40
0.6
176
     1
 41
30.0
176
     1
 62
     5
 63
     7
421
 16777215
176
     1
 74
     2
176
     1
 91
        2
176
     1
 64
     7
176
     1
 65
   257
176
     1
 75
     1
176
     1
175
     1
176
     1
 42
179.0
176
     1
 92
        8
176
     1
 66
     7
176
     1
 43
1.0
176
     1
 76
     1
176
     1
 77
     6
176
     1
 78
     2
176
     1
 67
     7
176
     1
 79
     3
176
     1
170
     0
176
     1
171
     0
176
     1
290
     0
176
     1
 93
        1
176
     1
 44
0.0
176
     1
173
     0
176
     1
  0
VISUALSTYLE
  5
A95
102
{ACAD_REACTORS
330
43
102
}
102
{ACAD_XDICTIONARY
360
ABE
102
}
330
43
100
AcDbVisualStyle
  2
Dim
 70
    11
177
     2
291
     1
 71
     2
176
     1
 72
     2
176
     1
 73
     0
176
     1
 90
        0
176
     1
 40
0.6
176
     1
 41
30.0
176
     1
 62
     5
 63
     7
421
 16777215
176
     1
 74
     1
176
     1
 91
        4
176
     1
 64
     7
176
     1
 65
   257
176
     1
 75
     1
176
     1
175
     1
176
     1
 42
1.0
176
     1
 92
        8
176
     1
 66
     7
176
     1
 43
1.0
176
     1
 76
     1
176
     1
 77
     6
176
     1
 78
     2
176
     1
 67
     7
176
     1
 79
     5
176
     1
170
     0
176
     1
171
     0
176
     1
290
     0
176
     1
 93
        1
176
     1
 44
-50.0
176
     1
173
     0
176
     1
  0
VISUALSTYLE
  5
A9D
102
{ACAD_REACTORS
330
43
102
}
102
{ACAD_XDICTIONARY
360
ACE
102
}
330
43
100
AcDbVisualStyle
  2
EdgeColorOff
 70
    22
177
     2
291
     1
 71
     2
176
     0
 72
     2
176
     0
 73
     0
176
     0
 90
        0
176
     0
 40
0.6
176
     0
 41
30.0
176
     0
 62
     5
 63
     7
421
 16777215
176
     0
 74
     1
176
     0
 91
        4
176
     0
 64
     7
176
     0
 65
   257
176
     0
 75
     1
176
     0
175
     1
176
     0
 42
1.0
176
     0
 92
        8
176
     2
 66
     7
176
     0
 43
1.0
176
     0
 76
     1
176
     0
 77
     6
176
     0
 78
     2
176
     0
 67
     7
176
     0
 79
     5
176
     0
170
     0
176
     0
171
     0
176
     0
290
     0
176
     0
 93
        1
176
     0
 44
0.0
176
     0
173
     0
176
     0
  0
VISUALSTYLE
  5
A99
102
{ACAD_REACTORS
330
43
102
}
102
{ACAD_XDICTIONARY
360
AC6
102
}
330
43
100
AcDbVisualStyle
  2
Facepattern
 70
    15
177
     2
291
     1
 71
     2
176
     1
 72
     2
176
     1
 73
     0
176
     1
 90
        0
176
     1
 40
0.6
176
     1
 41
30.0
176
     1
 62
     5
 63
     7
421
 16777215
176
     1
 74
     1
176
     1
 91
        4
176
     1
 64
     7
176
     1
 65
   257
176
     1
 75
     1
176
     1
175
     1
176
     1
 42
1.0
176
     1
 92
        8
176
     1
 66
     7
176
     1
 43
1.0
176
     1
 76
     1
176
     1
 77
     6
176
     1
 78
     2
176
     1
 67
     7
176
     1
 79
     5
176
     1
170
     0
176
     1
171
     0
176
     1
290
     0
176
     1
 93
        1
176
     1
 44
0.0
176
     1
173
     0
176
     1
  0
VISUALSTYLE
  5
A8B
102
{ACAD_REACTORS
330
43
102
}
102
{ACAD_XDICTIONARY
360
AAA
102
}
330
43
100
AcDbVisualStyle
  2
Flat
 70
     0
177
     2
291
     1
 71
     2
176
     1
 72
     1
176
     1
 73
     1
176
     1
 90
        2
176
     1
 40
0.6
176
     1
 41
30.0
176
     1
 62
     5
 63
     7
421
 16777215
176
     1
 74
     0
176
     1
 91
        0
176
     1
 64
     7
176
     1
 65
   257
176
     1
 75
     1
176
     1
175
     1
176
     1
 42
1.0
176
     1
 92
        8
176
     1
 66
     7
176
     1
 43
1.0
176
     1
 76
     1
176
     1
 77
     6
176
     1
 78
     2
176
     1
 67
     7
176
     1
 79
     5
176
     1
170
     0
176
     1
171
     0
176
     1
290
     0
176
     1
 93
       13
176
     1
 44
0.0
176
     1
173
     0
176
     1
  0
VISUALSTYLE
  5
A8C
102
{ACAD_REACTORS
330
43
102
}
102
{ACAD_XDICTIONARY
360
AAC
102
}
330
43
100
AcDbVisualStyle
  2
FlatWithEdges
 70
     1
177
     2
291
     1
 71
     2
176
     1
 72
     1
176
     1
 73
     1
176
     1
 90
        2
176
     1
 40
0.6
176
     1
 41
30.0
176
     1
 62
     5
 63
     7
421
 16777215
176
     1
 74
     1
176
     1
 91
        0
176
     1
 64
     7
176
     1
 65
   257
176
     1
 75
     1
176
     1
175
     1
176
     1
 42
1.0
176
     1
 92
        0
176
     1
 66
   257
176
     1
 43
1.0
176
     1
 76
     1
176
     1
 77
     6
176
     1
 78
     2
176
     1
 67
     7
176
     1
 79
     5
176
     1
170
     0
176
     1
171
     0
176
     1
290
     0
176
     1
 93
       13
176
     1
 44
0.0
176
     1
173
     0
176
     1
  0
VISUALSTYLE
  5
A8D
102
{ACAD_REACTORS
330
43
102
}
102
{ACAD_XDICTIONARY
360
AAE
102
}
330
43
100
AcDbVisualStyle
  2
Gouraud
 70
     2
177
     2
291
     1
 71
     2
176
     1
 72
     2
176
     1
 73
     1
176
     1
 90
        2
176
     1
 40
0.6
176
     1
 41
30.0
176
     1
 62
     5
 63
     7
421
 16777215
176
     1
 74
     0
176
     1
 91
        0
176
     1
 64
     7
176
     1
 65
   257
176
     1
 75
     1
176
     1
175
     1
176
     1
 42
1.0
176
     1
 92
        0
176
     1
 66
     7
176
     1
 43
1.0
176
     1
 76
     1
176
     1
 77
     6
176
     1
 78
     2
176
     1
 67
     7
176
     1
 79
     5
176
     1
170
     0
176
     1
171
     0
176
     1
290
     0
176
     1
 93
       13
176
     1
 44
0.0
176
     1
173
     0
176
     1
  0
VISUALSTYLE
  5
A8E
102
{ACAD_REACTORS
330
43
102
}
102
{ACAD_XDICTIONARY
360
AB0
102
}
330
43
100
AcDbVisualStyle
  2
GouraudWithEdges
 70
     3
177
     2
291
     1
 71
     2
176
     1
 72
     2
176
     1
 73
     1
176
     1
 90
        2
176
     1
 40
0.6
176
     1
 41
30.0
176
     1
 62
     5
 63
     7
421
 16777215
176
     1
 74
     1
176
     1
 91
        0
176
     1
 64
     7
176
     1
 65
   257
176
     1
 75
     1
176
     1
175
     1
176
     1
 42
1.0
176
     1
 92
        0
176
     1
 66
   257
176
     1
 43
1.0
176
     1
 76
     1
176
     1
 77
     6
176
     1
 78
     2
176
     1
 67
     7
176
     1
 79
     5
176
     1
170
     0
176
     1
171
     0
176
     1
290
     0
176
     1
 93
       13
176
     1
 44
0.0
176
     1
173
     0
176
     1
  0
VISUALSTYLE
  5
A91
102
{ACAD_REACTORS
330
43
102
}
102
{ACAD_XDICTIONARY
360
AB6
102
}
330
43
100
AcDbVisualStyle
  2
Hidden
 70
     6
177
     2
291
     0
 71
     1
176
     1
 72
     2
176
     1
 73
     2
176
     1
 90
        0
176
     1
 40
0.6
176
     1
 41
30.0
176
     1
 62
     5
 63
     7
421
 16777215
176
     1
 74
     2
176
     1
 91
        2
176
     1
 64
     7
176
     1
 65
   257
176
     1
 75
     2
176
     1
175
     1
176
     1
 42
40.0
176
     1
 92
        0
176
     1
 66
   257
176
     1
 43
1.0
176
     1
 76
     1
176
     1
 77
     6
176
     1
 78
     2
176
     1
 67
     7
176
     1
 79
     3
176
     1
170
     0
176
     1
171
     0
176
     1
290
     0
176
     1
 93
        1
176
     1
 44
0.0
176
     1
173
     0
176
     1
  0
VISUALSTYLE
  5
A9B
102
{ACAD_REACTORS
330
43
102
}
102
{ACAD_XDICTIONARY
360
ACA
102
}
330
43
100
AcDbVisualStyle
  2
JitterOff
 70
    20
177
     2
291
     1
 71
     2
176
     0
 72
     2
176
     0
 73
     0
176
     0
 90
        0
176
     0
 40
0.6
176
     0
 41
30.0
176
     0
 62
     5
 63
     7
421
 16777215
176
     0
 74
     1
176
     0
 91
        4
176
     0
 64
     7
176
     0
 65
   257
176
     0
 75
     1
176
     0
175
     1
176
     0
 42
1.0
176
     0
 92
       10
176
     2
 66
     7
176
     0
 43
1.0
176
     0
 76
     1
176
     0
 77
     6
176
     0
 78
     2
176
     0
 67
     7
176
     0
 79
     5
176
     0
170
     0
176
     0
171
     0
176
     0
290
     0
176
     0
 93
        1
176
     0
 44
0.0
176
     0
173
     0
176
     0
  0
VISUALSTYLE
  5
A98
102
{ACAD_REACTORS
330
43
102
}
102
{ACAD_XDICTIONARY
360
AC4
102
}
330
43
100
AcDbVisualStyle
  2
Linepattern
 70
    14
177
     2
291
     1
 71
     2
176
     1
 72
     2
176
     1
 73
     0
176
     1
 90
        0
176
     1
 40
0.6
176
     1
 41
30.0
176
     1
 62
     5
 63
     7
421
 16777215
176
     1
 74
     1
176
     1
 91
        4
176
     1
 64
     7
176
     1
 65
   257
176
     1
 75
     7
176
     1
175
     7
176
     1
 42
1.0
176
     1
 92
        8
176
     1
 66
     7
176
     1
 43
1.0
176
     1
 76
     1
176
     1
 77
     6
176
     1
 78
     2
176
     1
 67
     7
176
     1
 79
     5
176
     1
170
     0
176
     1
171
     0
176
     1
290
     0
176
     1
 93
        1
176
     1
 44
0.0
176
     1
173
     0
176
     1
  0
VISUALSTYLE
  5
A9C
102
{ACAD_REACTORS
330
43
102
}
102
{ACAD_XDICTIONARY
360
ACC
102
}
330
43
100
AcDbVisualStyle
  2
OverhangOff
 70
    21
177
     2
291
     1
 71
     2
176
     0
 72
     2
176
     0
 73
     0
176
     0
 90
        0
176
     0
 40
0.6
176
     0
 41
30.0
176
     0
 62
     5
 63
     7
421
 16777215
176
     0
 74
     1
176
     0
 91
        4
176
     0
 64
     7
176
     0
 65
   257
176
     0
 75
     1
176
     0
175
     1
176
     0
 42
1.0
176
     0
 92
        9
176
     2
 66
     7
176
     0
 43
1.0
176
     0
 76
     1
176
     0
 77
     6
176
     0
 78
     2
176
     0
 67
     7
176
     0
 79
     5
176
     0
170
     0
176
     0
171
     0
176
     0
290
     0
176
     0
 93
        1
176
     0
 44
0.0
176
     0
173
     0
176
     0
  0
VISUALSTYLE
  5
A93
102
{ACAD_REACTORS
330
43
102
}
102
{ACAD_XDICTIONARY
360
ABA
102
}
330
43
100
AcDbVisualStyle
  2
Realistic
 70
     8
177
     2
291
     0
 71
     2
176
     1
 72
     3
176
     1
 73
     0
176
     1
 90
        2
176
     1
 40
0.6
176
     1
 41
30.0
176
     1
 62
     5
 63
     7
421
 16777215
176
     1
 74
     0
176
     1
 91
        0
176
     1
 64
     7
176
     1
 65
   257
176
     1
 75
     1
176
     1
175
     1
176
     1
 42
1.0
176
     1
 92
        8
176
     1
 66
   257
176
     1
 43
1.0
176
     1
 76
     1
176
     1
 77
     6
176
     1
 78
     2
176
     1
 67
     7
176
     1
 79
     3
176
     1
170
     0
176
     1
171
     0
176
     1
290
     0
176
     1
 93
       13
176
     1
 44
0.0
176
     1
173
     0
176
     1
  0
VISUALSTYLE
  5
AA2
102
{ACAD_REACTORS
330
43
102
}
102
{ACAD_XDICTIONARY
360
AD8
102
}
330
43
100
AcDbVisualStyle
  2
Shaded
 70
    27
177
     2
291
     0
 71
     2
176
     1
 72
     2
176
     1
 73
     1
176
     1
 90
        2
176
     1
 40
0.6
176
     1
 41
30.0
176
     1
 62
     5
 63
     7
421
 16777215
176
     1
 74
     0
176
     1
 91
        4
176
     1
 64
     7
176
     1
 65
   257
176
     1
 75
     1
176
     1
175
     1
176
     1
 42
1.0
176
     1
 92
        8
176
     1
 66
   257
176
     1
 43
1.0
176
     1
 76
     1
176
     1
 77
     6
176
     1
 78
     2
176
     1
 67
     8
425
  7895160
176
     1
 79
     3
176
     1
170
     0
176
     1
171
     0
176
     1
290
     0
176
     1
 93
        5
176
     1
 44
0.0
176
     1
173
     0
176
     1
  0
VISUALSTYLE
  5
AA1
102
{ACAD_REACTORS
330
43
102
}
102
{ACAD_XDICTIONARY
360
AD6
102
}
330
43
100
AcDbVisualStyle
  2
Shaded with edges
 70
    26
177
     2
291
     0
 71
     2
176
     1
 72
     2
176
     1
 73
     1
176
     1
 90
        2
176
     1
 40
0.6
176
     1
 41
30.0
176
     1
 62
     5
 63
     7
421
 16777215
176
     1
 74
     1
176
     1
 91
       10
176
     1
 64
     7
176
     1
 65
   257
176
     1
 75
     2
176
     1
175
     1
176
     1
 42
1.0
176
     1
 92
        8
176
     1
 66
   257
176
     1
 43
1.0
176
     1
 76
     1
176
     1
 77
     6
176
     1
 78
     2
176
     1
 67
     7
176
     1
 79
     3
176
     1
170
     0
176
     1
171
     0
176
     1
290
     0
176
     1
 93
        5
176
     1
 44
0.0
176
     1
173
     0
176
     1
  0
VISUALSTYLE
  5
A9E
102
{ACAD_REACTORS
330
43
102
}
102
{ACAD_XDICTIONARY
360
AD0
102
}
330
43
100
AcDbVisualStyle
  2
Shades of Gray
 70
    23
177
     2
291
     0
 71
     2
176
     1
 72
     2
176
     1
 73
     3
176
     1
 90
        0
176
     1
 40
0.6
176
     1
 41
30.0
176
     1
 62
     5
 63
     7
421
 16777215
176
     1
 74
     2
176
     1
 91
        2
176
     1
 64
     7
176
     1
 65
     7
176
     1
 75
     1
176
     1
175
     1
176
     1
 42
40.0
176
     1
 92
        8
176
     1
 66
     7
176
     1
 43
1.0
176
     1
 76
     1
176
     1
 77
     6
176
     1
 78
     2
176
     1
 67
     7
176
     1
 79
     3
176
     1
170
     0
176
     1
171
     0
176
     1
290
     0
176
     1
 93
        1
176
     1
 44
0.0
176
     1
173
     0
176
     1
  0
VISUALSTYLE
  5
A9F
102
{ACAD_REACTORS
330
43
102
}
102
{ACAD_XDICTIONARY
360
AD2
102
}
330
43
100
AcDbVisualStyle
  2
Sketchy
 70
    24
177
     2
291
     0
 71
     1
176
     1
 72
     2
176
     1
 73
     2
176
     1
 90
        0
176
     1
 40
0.6
176
     1
 41
30.0
176
     1
 62
     5
 63
     7
421
 16777215
176
     1
 74
     2
176
     1
 91
        2
176
     1
 64
     7
176
     1
 65
     7
176
     1
 75
     1
176
     1
175
     1
176
     1
 42
40.0
176
     1
 92
       11
176
     1
 66
     7
176
     1
 43
1.0
176
     1
 76
     1
176
     1
 77
     6
176
     1
 78
     2
176
     1
 67
     7
176
     1
 79
     6
176
     1
170
     0
176
     1
171
     0
176
     1
290
     0
176
     1
 93
        1
176
     1
 44
0.0
176
     1
173
     0
176
     1
  0
VISUALSTYLE
  5
A97
102
{ACAD_REACTORS
330
43
102
}
102
{ACAD_XDICTIONARY
360
AC2
102
}
330
43
100
AcDbVisualStyle
  2
Thicken
 70
    13
177
     2
291
     1
 71
     2
176
     1
 72
     2
176
     1
 73
     0
176
     1
 90
        0
176
     1
 40
0.6
176
     1
 41
30.0
176
     1
 62
     5
 63
     7
421
 16777215
176
     1
 74
     1
176
     1
 91
        4
176
     1
 64
     7
176
     1
 65
   257
176
     1
 75
     1
176
     1
175
     1
176
     1
 42
1.0
176
     1
 92
       12
176
     1
 66
     7
176
     1
 43
1.0
176
     1
 76
     1
176
     1
 77
     6
176
     1
 78
     2
176
     1
 67
     7
176
     1
 79
     5
176
     1
170
     0
176
     1
171
     0
176
     1
290
     0
176
     1
 93
        1
176
     1
 44
0.0
176
     1
173
     0
176
     1
  0
VISUALSTYLE
  5
A90
102
{ACAD_REACTORS
330
43
102
}
102
{ACAD_XDICTIONARY
360
AB4
102
}
330
43
100
AcDbVisualStyle
  2
Wireframe
 70
     5
177
     2
291
     0
 71
     0
176
     1
 72
     2
176
     1
 73
     0
176
     1
 90
        0
176
     1
 40
0.6
176
     1
 41
30.0
176
     1
 62
     5
 63
     7
421
 16777215
176
     1
 74
     1
176
     1
 91
        4
176
     1
 64
     7
176
     1
 65
   257
176
     1
 75
     1
176
     1
175
     1
176
     1
 42
1.0
176
     1
 92
        0
176
     1
 66
   257
176
     1
 43
1.0
176
     1
 76
     1
176
     1
 77
     6
176
     1
 78
     2
176
     1
 67
     7
176
     1
 79
     3
176
     1
170
     0
176
     1
171
     0
176
     1
290
     0
176
     1
 93
        1
176
     1
 44
0.0
176
     1
173
     0
176
     1
  0
VISUALSTYLE
  5
AA0
102
{ACAD_REACTORS
330
43
102
}
102
{ACAD_XDICTIONARY
360
AD4
102
}
330
43
100
AcDbVisualStyle
  2
X-Ray
 70
    25
177
     2
291
     0
 71
     2
176
     1
 72
     2
176
     1
 73
     1
176
     1
 90
        1
176
     1
 40
0.5
176
     1
 41
30.0
176
     1
 62
     5
 63
     7
421
 16777215
176
     1
 74
     1
176
     1
 91
        0
176
     1
 64
     7
176
     1
 65
   257
176
     1
 75
     1
176
     1
175
     1
176
     1
 42
1.0
176
     1
 92
        8
176
     1
 66
     7
176
     1
 43
1.0
176
     1
 76
     1
176
     1
 77
     6
176
     1
 78
     2
176
     1
 67
     7
176
     1
 79
     3
176
     1
170
     0
176
     1
171
     0
176
     1
290
     0
176
     1
 93
       13
176
     1
 44
0.0
176
     1
173
     0
176
     1
  0
DICTIONARYVAR
  5
AA7
102
{ACAD_REACTORS
330
44
102
}
330
44
100
DictionaryVariables
280
     0
  1
1:1
  0
DICTIONARYVAR
  5
ADC
102
{ACAD_REACTORS
330
44
102
}
330
44
100
DictionaryVariables
280
     0
  1
Standard
  0
DICTIONARYVAR
  5
ADB
102
{ACAD_REACTORS
330
44
102
}
330
44
100
DictionaryVariables
280
     0
  1
Standard
  0
DICTIONARY
  5
AA8
330
AA3
100
AcDbDictionary
280
     1
281
     1
  3
ACAD_ROUNDTRIP_2008_TABLESTYLE_CELLSTYLEMAP
360
AA9
  0
DICTIONARY
  5
AB2
330
A8F
100
AcDbDictionary
280
     1
281
     1
  3
ACAD_XREC_ROUNDTRIP
360
AB3
  0
DICTIONARY
  5
AB8
330
A92
100
AcDbDictionary
280
     1
281
     1
  3
ACAD_XREC_ROUNDTRIP
360
AB9
  0
DICTIONARY
  5
AC0
330
A96
100
AcDbDictionary
280
     1
281
     1
  3
ACAD_XREC_ROUNDTRIP
360
AC1
  0
DICTIONARY
  5
AC8
330
A9A
100
AcDbDictionary
280
     1
281
     1
  3
ACAD_XREC_ROUNDTRIP
360
AC9
  0
DICTIONARY
  5
ABC
330
A94
100
AcDbDictionary
280
     1
281
     1
  3
ACAD_XREC_ROUNDTRIP
360
ABD
  0
DICTIONARY
  5
ABE
330
A95
100
AcDbDictionary
280
     1
281
     1
  3
ACAD_XREC_ROUNDTRIP
360
ABF
  0
DICTIONARY
  5
ACE
330
A9D
100
AcDbDictionary
280
     1
281
     1
  3
ACAD_XREC_ROUNDTRIP
360
ACF
  0
DICTIONARY
  5
AC6
330
A99
100
AcDbDictionary
280
     1
281
     1
  3
ACAD_XREC_ROUNDTRIP
360
AC7
  0
DICTIONARY
  5
AAA
330
A8B
100
AcDbDictionary
280
     1
281
     1
  3
ACAD_XREC_ROUNDTRIP
360
AAB
  0
DICTIONARY
  5
AAC
330
A8C
100
AcDbDictionary
280
     1
281
     1
  3
ACAD_XREC_ROUNDTRIP
360
AAD
  0
DICTIONARY
  5
AAE
330
A8D
100
AcDbDictionary
280
     1
281
     1
  3
ACAD_XREC_ROUNDTRIP
360
AAF
  0
DICTIONARY
  5
AB0
330
A8E
100
AcDbDictionary
280
     1
281
     1
  3
ACAD_XREC_ROUNDTRIP
360
AB1
  0
DICTIONARY
  5
AB6
330
A91
100
AcDbDictionary
280
     1
281
     1
  3
ACAD_XREC_ROUNDTRIP
360
AB7
  0
DICTIONARY
  5
ACA
330
A9B
100
AcDbDictionary
280
     1
281
     1
  3
ACAD_XREC_ROUNDTRIP
360
ACB
  0
DICTIONARY
  5
AC4
330
A98
100
AcDbDictionary
280
     1
281
     1
  3
ACAD_XREC_ROUNDTRIP
360
AC5
  0
DICTIONARY
  5
ACC
330
A9C
100
AcDbDictionary
280
     1
281
     1
  3
ACAD_XREC_ROUNDTRIP
360
ACD
  0
DICTIONARY
  5
ABA
330
A93
100
AcDbDictionary
280
     1
281
     1
  3
ACAD_XREC_ROUNDTRIP
360
ABB
  0
DICTIONARY
  5
AD8
330
AA2
100
AcDbDictionary
280
     1
281
     1
  3
ACAD_XREC_ROUNDTRIP
360
AD9
  0
DICTIONARY
  5
AD6
330
AA1
100
AcDbDictionary
280
     1
281
     1
  3
ACAD_XREC_ROUNDTRIP
360
AD7
  0
DICTIONARY
  5
AD0
330
A9E
100
AcDbDictionary
280
     1
281
     1
  3
ACAD_XREC_ROUNDTRIP
360
AD1
  0
DICTIONARY
  5
AD2
330
A9F
100
AcDbDictionary
280
     1
281
     1
  3
ACAD_XREC_ROUNDTRIP
360
AD3
  0
DICTIONARY
  5
AC2
330
A97
100
AcDbDictionary
280
     1
281
     1
  3
ACAD_XREC_ROUNDTRIP
360
AC3
  0
DICTIONARY
  5
AB4
330
A90
100
AcDbDictionary
280
     1
281
     1
  3
ACAD_XREC_ROUNDTRIP
360
AB5
  0
DICTIONARY
  5
AD4
330
AA0
100
AcDbDictionary
280
     1
281
     1
  3
ACAD_XREC_ROUNDTRIP
360
AD5
  0
CELLSTYLEMAP
  5
AA9
102
{ACAD_REACTORS
330
AA8
102
}
330
AA8
100
AcDbCellStyleMap
 90
        3
300
CELLSTYLE
  1
TABLEFORMAT_BEGIN
 90
        5
170
     1
 91
        0
 92
    32768
 62
   257
 93
        1
300
CONTENTFORMAT
  1
CONTENTFORMAT_BEGIN
 90
        0
 91
        0
 92
        4
 93
        0
300

 40
0.0
140
1.0
 94
        5
 62
     0
340
14
144
0.25
309
CONTENTFORMAT_END
171
     1
301
MARGIN
  1
CELLMARGIN_BEGIN
 40
0.06
 40
0.06
 40
0.06
 40
0.06
 40
0.06
 40
0.06
309
CELLMARGIN_END
 94
        6
 95
        1
302
GRIDFORMAT
  1
GRIDFORMAT_BEGIN
 90
        0
 91
        1
 62
     0
 92
       -2
340
10
 93
        0
 40
0.045
309
GRIDFORMAT_END
 95
        2
302
GRIDFORMAT
  1
GRIDFORMAT_BEGIN
 90
        0
 91
        1
 62
     0
 92
       -2
340
10
 93
        0
 40
0.045
309
GRIDFORMAT_END
 95
        4
302
GRIDFORMAT
  1
GRIDFORMAT_BEGIN
 90
        0
 91
        1
 62
     0
 92
       -2
340
10
 93
        0
 40
0.045
309
GRIDFORMAT_END
 95
        8
302
GRIDFORMAT
  1
GRIDFORMAT_BEGIN
 90
        0
 91
        1
 62
     0
 92
       -2
340
10
 93
        0
 40
0.045
309
GRIDFORMAT_END
 95
       16
302
GRIDFORMAT
  1
GRIDFORMAT_BEGIN
 90
        0
 91
        1
 62
     0
 92
       -2
340
10
 93
        0
 40
0.045
309
GRIDFORMAT_END
 95
       32
302
GRIDFORMAT
  1
GRIDFORMAT_BEGIN
 90
        0
 91
        1
 62
     0
 92
       -2
340
10
 93
        0
 40
0.045
309
GRIDFORMAT_END
309
TABLEFORMAT_END
  1
CELLSTYLE_BEGIN
 90
        1
 91
        1
300
_TITLE
309
CELLSTYLE_END
300
CELLSTYLE
  1
TABLEFORMAT_BEGIN
 90
        5
170
     1
 91
        0
 92
        0
 62
   257
 93
        1
300
CONTENTFORMAT
  1
CONTENTFORMAT_BEGIN
 90
        0
 91
        0
 92
        4
 93
        0
300

 40
0.0
140
1.0
 94
        5
 62
     0
340
14
144
0.18
309
CONTENTFORMAT_END
171
     1
301
MARGIN
  1
CELLMARGIN_BEGIN
 40
0.06
 40
0.06
 40
0.06
 40
0.06
 40
0.06
 40
0.06
309
CELLMARGIN_END
 94
        6
 95
        1
302
GRIDFORMAT
  1
GRIDFORMAT_BEGIN
 90
        0
 91
        1
 62
     0
 92
       -2
340
10
 93
        0
 40
0.045
309
GRIDFORMAT_END
 95
        2
302
GRIDFORMAT
  1
GRIDFORMAT_BEGIN
 90
        0
 91
        1
 62
     0
 92
       -2
340
10
 93
        0
 40
0.045
309
GRIDFORMAT_END
 95
        4
302
GRIDFORMAT
  1
GRIDFORMAT_BEGIN
 90
        0
 91
        1
 62
     0
 92
       -2
340
10
 93
        0
 40
0.045
309
GRIDFORMAT_END
 95
        8
302
GRIDFORMAT
  1
GRIDFORMAT_BEGIN
 90
        0
 91
        1
 62
     0
 92
       -2
340
10
 93
        0
 40
0.045
309
GRIDFORMAT_END
 95
       16
302
GRIDFORMAT
  1
GRIDFORMAT_BEGIN
 90
        0
 91
        1
 62
     0
 92
       -2
340
10
 93
        0
 40
0.045
309
GRIDFORMAT_END
 95
       32
302
GRIDFORMAT
  1
GRIDFORMAT_BEGIN
 90
        0
 91
        1
 62
     0
 92
       -2
340
10
 93
        0
 40
0.045
309
GRIDFORMAT_END
309
TABLEFORMAT_END
  1
CELLSTYLE_BEGIN
 90
        2
 91
        1
300
_HEADER
309
CELLSTYLE_END
300
CELLSTYLE
  1
TABLEFORMAT_BEGIN
 90
        5
170
     1
 91
        0
 92
        0
 62
   257
 93
        1
300
CONTENTFORMAT
  1
CONTENTFORMAT_BEGIN
 90
        0
 91
        0
 92
        4
 93
        0
300

 40
0.0
140
1.0
 94
        2
 62
     0
340
14
144
0.18
309
CONTENTFORMAT_END
171
     1
301
MARGIN
  1
CELLMARGIN_BEGIN
 40
0.06
 40
0.06
 40
0.06
 40
0.06
 40
0.06
 40
0.06
309
CELLMARGIN_END
 94
        6
 95
        1
302
GRIDFORMAT
  1
GRIDFORMAT_BEGIN
 90
        0
 91
        1
 62
     0
 92
       -2
340
10
 93
        0
 40
0.045
309
GRIDFORMAT_END
 95
        2
302
GRIDFORMAT
  1
GRIDFORMAT_BEGIN
 90
        0
 91
        1
 62
     0
 92
       -2
340
10
 93
        0
 40
0.045
309
GRIDFORMAT_END
 95
        4
302
GRIDFORMAT
  1
GRIDFORMAT_BEGIN
 90
        0
 91
        1
 62
     0
 92
       -2
340
10
 93
        0
 40
0.045
309
GRIDFORMAT_END
 95
        8
302
GRIDFORMAT
  1
GRIDFORMAT_BEGIN
 90
        0
 91
        1
 62
     0
 92
       -2
340
10
 93
        0
 40
0.045
309
GRIDFORMAT_END
 95
       16
302
GRIDFORMAT
  1
GRIDFORMAT_BEGIN
 90
        0
 91
        1
 62
     0
 92
       -2
340
10
 93
        0
 40
0.045
309
GRIDFORMAT_END
 95
       32
302
GRIDFORMAT
  1
GRIDFORMAT_BEGIN
 90
        0
 91
        1
 62
     0
 92
       -2
340
10
 93
        0
 40
0.045
309
GRIDFORMAT_END
309
TABLEFORMAT_END
  1
CELLSTYLE_BEGIN
 90
        3
 91
        2
300
_DATA
309
CELLSTYLE_END
  0
XRECORD
  5
AB3
102
{ACAD_REACTORS
330
AB2
102
}
330
AB2
100
AcDbXrecord
280
     1
102
RTVSPost2010Prop28
280
     1
102
RTVSPost2010PropOp28
 70
     1
102
RTVSPost2010Prop29
280
     1
102
RTVSPost2010PropOp29
 70
     1
102
RTVSPost2010Prop30
280
     0
102
RTVSPost2010PropOp30
 70
     1
102
RTVSPost2010Prop31
280
     0
102
RTVSPost2010PropOp31
 70
     1
102
RTVSPost2010Prop32
280
     0
102
RTVSPost2010PropOp32
 70
     1
102
RTVSPost2010Prop33
280
     0
102
RTVSPost2010PropOp33
 70
     1
102
RTVSPost2010Prop34
280
     0
102
RTVSPost2010PropOp34
 70
     1
102
RTVSPost2010Prop35
280
     0
102
RTVSPost2010PropOp35
 70
     1
102
RTVSPost2010Prop36
280
     0
102
RTVSPost2010PropOp36
 70
     1
102
RTVSPost2010Prop37
 90
       50
102
RTVSPost2010PropOp37
 70
     1
102
RTVSPost2010Prop38
140
0.0
102
RTVSPost2010PropOp38
 70
     1
102
RTVSPost2010Prop39
140
1.0
102
RTVSPost2010PropOp39
 70
     1
102
RTVSPost2010Prop40
 90
        0
102
RTVSPost2010PropOp40
 70
     1
102
RTVSPost2010Prop41ColorIndex
 90
       18
102
RTVSPost2010Prop41ColorRGB
 90
        0
102
RTVSPost2010PropOp41
 70
     1
102
RTVSPost2010Prop42
 90
       50
102
RTVSPost2010PropOp42
 70
     1
102
RTVSPost2010Prop43
 90
        3
102
RTVSPost2010PropOp43
 70
     1
102
RTVSPost2010Prop44ColorIndex
 90
        5
102
RTVSPost2010Prop44ColorRGB
 90
      255
102
RTVSPost2010PropOp44
 70
     1
102
RTVSPost2010Prop45
280
     0
102
RTVSPost2010PropOp45
 70
     1
102
RTVSPost2010Prop46
 90
       50
102
RTVSPost2010PropOp46
 70
     1
102
RTVSPost2010Prop47
 90
       50
102
RTVSPost2010PropOp47
 70
     1
102
RTVSPost2010Prop48
 90
       50
102
RTVSPost2010PropOp48
 70
     1
102
RTVSPost2010Prop49
280
     0
102
RTVSPost2010PropOp49
 70
     1
102
RTVSPost2010Prop50
 90
       50
102
RTVSPost2010PropOp50
 70
     1
102
RTVSPost2010Prop51ColorIndex
 90
      256
102
RTVSPost2010Prop51ColorRGB
 90
-16777216
102
RTVSPost2010PropOp51
 70
     0
102
RTVSPost2010Prop52
140
1.0
102
RTVSPost2010PropOp52
 70
     0
102
RTVSPost2010Prop53
 90
        2
102
RTVSPost2010PropOp53
 70
     1
102
RTVSPost2010Prop54
  1
strokes_ogs.tif
102
RTVSPost2010PropOp54
 70
     1
102
RTVSPost2010Prop55
280
     0
102
RTVSPost2010PropOp55
 70
     1
102
RTVSPost2010Prop56
140
1.0
102
RTVSPost2010PropOp56
 70
     1
102
RTVSPost2010Prop57
140
1.0
102
RTVSPost2010PropOp57
 70
     1
  0
XRECORD
  5
AB9
102
{ACAD_REACTORS
330
AB8
102
}
330
AB8
100
AcDbXrecord
280
     1
102
RTVSPost2010Prop28
280
     0
102
RTVSPost2010PropOp28
 70
     1
102
RTVSPost2010Prop29
280
     1
102
RTVSPost2010PropOp29
 70
     1
102
RTVSPost2010Prop30
280
     1
102
RTVSPost2010PropOp30
 70
     1
102
RTVSPost2010Prop31
280
     0
102
RTVSPost2010PropOp31
 70
     1
102
RTVSPost2010Prop32
280
     0
102
RTVSPost2010PropOp32
 70
     1
102
RTVSPost2010Prop33
280
     0
102
RTVSPost2010PropOp33
 70
     1
102
RTVSPost2010Prop34
280
     0
102
RTVSPost2010PropOp34
 70
     1
102
RTVSPost2010Prop35
280
     0
102
RTVSPost2010PropOp35
 70
     1
102
RTVSPost2010Prop36
280
     0
102
RTVSPost2010PropOp36
 70
     1
102
RTVSPost2010Prop37
 90
       50
102
RTVSPost2010PropOp37
 70
     1
102
RTVSPost2010Prop38
140
0.0
102
RTVSPost2010PropOp38
 70
     1
102
RTVSPost2010Prop39
140
1.0
102
RTVSPost2010PropOp39
 70
     1
102
RTVSPost2010Prop40
 90
        0
102
RTVSPost2010PropOp40
 70
     1
102
RTVSPost2010Prop41ColorIndex
 90
       18
102
RTVSPost2010Prop41ColorRGB
 90
        0
102
RTVSPost2010PropOp41
 70
     1
102
RTVSPost2010Prop42
 90
       50
102
RTVSPost2010PropOp42
 70
     1
102
RTVSPost2010Prop43
 90
        3
102
RTVSPost2010PropOp43
 70
     1
102
RTVSPost2010Prop44ColorIndex
 90
        5
102
RTVSPost2010Prop44ColorRGB
 90
      255
102
RTVSPost2010PropOp44
 70
     1
102
RTVSPost2010Prop45
280
     0
102
RTVSPost2010PropOp45
 70
     1
102
RTVSPost2010Prop46
 90
       50
102
RTVSPost2010PropOp46
 70
     1
102
RTVSPost2010Prop47
 90
       50
102
RTVSPost2010PropOp47
 70
     1
102
RTVSPost2010Prop48
 90
       50
102
RTVSPost2010PropOp48
 70
     1
102
RTVSPost2010Prop49
280
     0
102
RTVSPost2010PropOp49
 70
     1
102
RTVSPost2010Prop50
 90
       50
102
RTVSPost2010PropOp50
 70
     1
102
RTVSPost2010Prop51ColorIndex
 90
      256
102
RTVSPost2010Prop51ColorRGB
 90
-16777216
102
RTVSPost2010PropOp51
 70
     0
102
RTVSPost2010Prop52
140
1.0
102
RTVSPost2010PropOp52
 70
     0
102
RTVSPost2010Prop53
 90
        2
102
RTVSPost2010PropOp53
 70
     1
102
RTVSPost2010Prop54
  1
strokes_ogs.tif
102
RTVSPost2010PropOp54
 70
     1
102
RTVSPost2010Prop55
280
     0
102
RTVSPost2010PropOp55
 70
     1
102
RTVSPost2010Prop56
140
1.0
102
RTVSPost2010PropOp56
 70
     1
102
RTVSPost2010Prop57
140
1.0
102
RTVSPost2010PropOp57
 70
     1
  0
XRECORD
  5
AC1
102
{ACAD_REACTORS
330
AC0
102
}
330
AC0
100
AcDbXrecord
280
     1
102
RTVSPost2010Prop28
280
     0
102
RTVSPost2010PropOp28
 70
     1
102
RTVSPost2010Prop29
280
     1
102
RTVSPost2010PropOp29
 70
     1
102
RTVSPost2010Prop30
280
     1
102
RTVSPost2010PropOp30
 70
     1
102
RTVSPost2010Prop31
280
     0
102
RTVSPost2010PropOp31
 70
     1
102
RTVSPost2010Prop32
280
     0
102
RTVSPost2010PropOp32
 70
     1
102
RTVSPost2010Prop33
280
     0
102
RTVSPost2010PropOp33
 70
     1
102
RTVSPost2010Prop34
280
     0
102
RTVSPost2010PropOp34
 70
     1
102
RTVSPost2010Prop35
280
     0
102
RTVSPost2010PropOp35
 70
     1
102
RTVSPost2010Prop36
280
     0
102
RTVSPost2010PropOp36
 70
     1
102
RTVSPost2010Prop37
 90
       50
102
RTVSPost2010PropOp37
 70
     1
102
RTVSPost2010Prop38
140
0.0
102
RTVSPost2010PropOp38
 70
     1
102
RTVSPost2010Prop39
140
1.0
102
RTVSPost2010PropOp39
 70
     1
102
RTVSPost2010Prop40
 90
        0
102
RTVSPost2010PropOp40
 70
     1
102
RTVSPost2010Prop41ColorIndex
 90
       18
102
RTVSPost2010Prop41ColorRGB
 90
        0
102
RTVSPost2010PropOp41
 70
     1
102
RTVSPost2010Prop42
 90
       50
102
RTVSPost2010PropOp42
 70
     1
102
RTVSPost2010Prop43
 90
        3
102
RTVSPost2010PropOp43
 70
     1
102
RTVSPost2010Prop44ColorIndex
 90
        5
102
RTVSPost2010Prop44ColorRGB
 90
      255
102
RTVSPost2010PropOp44
 70
     1
102
RTVSPost2010Prop45
280
     0
102
RTVSPost2010PropOp45
 70
     1
102
RTVSPost2010Prop46
 90
       50
102
RTVSPost2010PropOp46
 70
     1
102
RTVSPost2010Prop47
 90
       50
102
RTVSPost2010PropOp47
 70
     1
102
RTVSPost2010Prop48
 90
       50
102
RTVSPost2010PropOp48
 70
     1
102
RTVSPost2010Prop49
280
     0
102
RTVSPost2010PropOp49
 70
     1
102
RTVSPost2010Prop50
 90
       50
102
RTVSPost2010PropOp50
 70
     1
102
RTVSPost2010Prop51ColorIndex
 90
      256
102
RTVSPost2010Prop51ColorRGB
 90
-16777216
102
RTVSPost2010PropOp51
 70
     0
102
RTVSPost2010Prop52
140
1.0
102
RTVSPost2010PropOp52
 70
     0
102
RTVSPost2010Prop53
 90
        2
102
RTVSPost2010PropOp53
 70
     1
102
RTVSPost2010Prop54
  1
strokes_ogs.tif
102
RTVSPost2010PropOp54
 70
     1
102
RTVSPost2010Prop55
280
     0
102
RTVSPost2010PropOp55
 70
     1
102
RTVSPost2010Prop56
140
1.0
102
RTVSPost2010PropOp56
 70
     1
102
RTVSPost2010Prop57
140
1.0
102
RTVSPost2010PropOp57
 70
     1
  0
XRECORD
  5
AC9
102
{ACAD_REACTORS
330
AC8
102
}
330
AC8
100
AcDbXrecord
280
     1
102
RTVSPost2010Prop28
280
     0
102
RTVSPost2010PropOp28
 70
     1
102
RTVSPost2010Prop29
280
     1
102
RTVSPost2010PropOp29
 70
     1
102
RTVSPost2010Prop30
280
     1
102
RTVSPost2010PropOp30
 70
     1
102
RTVSPost2010Prop31
280
     0
102
RTVSPost2010PropOp31
 70
     1
102
RTVSPost2010Prop32
280
     0
102
RTVSPost2010PropOp32
 70
     1
102
RTVSPost2010Prop33
280
     0
102
RTVSPost2010PropOp33
 70
     1
102
RTVSPost2010Prop34
280
     0
102
RTVSPost2010PropOp34
 70
     1
102
RTVSPost2010Prop35
280
     0
102
RTVSPost2010PropOp35
 70
     1
102
RTVSPost2010Prop36
280
     0
102
RTVSPost2010PropOp36
 70
     1
102
RTVSPost2010Prop37
 90
       50
102
RTVSPost2010PropOp37
 70
     1
102
RTVSPost2010Prop38
140
0.0
102
RTVSPost2010PropOp38
 70
     1
102
RTVSPost2010Prop39
140
1.0
102
RTVSPost2010PropOp39
 70
     1
102
RTVSPost2010Prop40
 90
        0
102
RTVSPost2010PropOp40
 70
     1
102
RTVSPost2010Prop41ColorIndex
 90
       18
102
RTVSPost2010Prop41ColorRGB
 90
        0
102
RTVSPost2010PropOp41
 70
     1
102
RTVSPost2010Prop42
 90
       50
102
RTVSPost2010PropOp42
 70
     1
102
RTVSPost2010Prop43
 90
        3
102
RTVSPost2010PropOp43
 70
     1
102
RTVSPost2010Prop44ColorIndex
 90
        5
102
RTVSPost2010Prop44ColorRGB
 90
      255
102
RTVSPost2010PropOp44
 70
     1
102
RTVSPost2010Prop45
280
     0
102
RTVSPost2010PropOp45
 70
     1
102
RTVSPost2010Prop46
 90
       50
102
RTVSPost2010PropOp46
 70
     1
102
RTVSPost2010Prop47
 90
       50
102
RTVSPost2010PropOp47
 70
     1
102
RTVSPost2010Prop48
 90
       50
102
RTVSPost2010PropOp48
 70
     1
102
RTVSPost2010Prop49
280
     0
102
RTVSPost2010PropOp49
 70
     1
102
RTVSPost2010Prop50
 90
       50
102
RTVSPost2010PropOp50
 70
     1
102
RTVSPost2010Prop51ColorIndex
 90
      256
102
RTVSPost2010Prop51ColorRGB
 90
-16777216
102
RTVSPost2010PropOp51
 70
     0
102
RTVSPost2010Prop52
140
1.0
102
RTVSPost2010PropOp52
 70
     0
102
RTVSPost2010Prop53
 90
        2
102
RTVSPost2010PropOp53
 70
     1
102
RTVSPost2010Prop54
  1
strokes_ogs.tif
102
RTVSPost2010PropOp54
 70
     1
102
RTVSPost2010Prop55
280
     0
102
RTVSPost2010PropOp55
 70
     1
102
RTVSPost2010Prop56
140
1.0
102
RTVSPost2010PropOp56
 70
     1
102
RTVSPost2010Prop57
140
1.0
102
RTVSPost2010PropOp57
 70
     1
  0
XRECORD
  5
ABD
102
{ACAD_REACTORS
330
ABC
102
}
330
ABC
100
AcDbXrecord
280
     1
102
RTVSPost2010Prop28
280
     0
102
RTVSPost2010PropOp28
 70
     1
102
RTVSPost2010Prop29
280
     1
102
RTVSPost2010PropOp29
 70
     1
102
RTVSPost2010Prop30
280
     1
102
RTVSPost2010PropOp30
 70
     1
102
RTVSPost2010Prop31
280
     0
102
RTVSPost2010PropOp31
 70
     1
102
RTVSPost2010Prop32
280
     0
102
RTVSPost2010PropOp32
 70
     1
102
RTVSPost2010Prop33
280
     0
102
RTVSPost2010PropOp33
 70
     1
102
RTVSPost2010Prop34
280
     0
102
RTVSPost2010PropOp34
 70
     1
102
RTVSPost2010Prop35
280
     0
102
RTVSPost2010PropOp35
 70
     1
102
RTVSPost2010Prop36
280
     0
102
RTVSPost2010PropOp36
 70
     1
102
RTVSPost2010Prop37
 90
       50
102
RTVSPost2010PropOp37
 70
     1
102
RTVSPost2010Prop38
140
0.0
102
RTVSPost2010PropOp38
 70
     1
102
RTVSPost2010Prop39
140
1.0
102
RTVSPost2010PropOp39
 70
     1
102
RTVSPost2010Prop40
 90
        0
102
RTVSPost2010PropOp40
 70
     1
102
RTVSPost2010Prop41ColorIndex
 90
       18
102
RTVSPost2010Prop41ColorRGB
 90
        0
102
RTVSPost2010PropOp41
 70
     1
102
RTVSPost2010Prop42
 90
       50
102
RTVSPost2010PropOp42
 70
     1
102
RTVSPost2010Prop43
 90
        3
102
RTVSPost2010PropOp43
 70
     1
102
RTVSPost2010Prop44ColorIndex
 90
        5
102
RTVSPost2010Prop44ColorRGB
 90
      255
102
RTVSPost2010PropOp44
 70
     1
102
RTVSPost2010Prop45
280
     0
102
RTVSPost2010PropOp45
 70
     1
102
RTVSPost2010Prop46
 90
       50
102
RTVSPost2010PropOp46
 70
     1
102
RTVSPost2010Prop47
 90
       50
102
RTVSPost2010PropOp47
 70
     1
102
RTVSPost2010Prop48
 90
       50
102
RTVSPost2010PropOp48
 70
     1
102
RTVSPost2010Prop49
280
     0
102
RTVSPost2010PropOp49
 70
     1
102
RTVSPost2010Prop50
 90
       50
102
RTVSPost2010PropOp50
 70
     1
102
RTVSPost2010Prop51ColorIndex
 90
      256
102
RTVSPost2010Prop51ColorRGB
 90
-16777216
102
RTVSPost2010PropOp51
 70
     0
102
RTVSPost2010Prop52
140
1.0
102
RTVSPost2010PropOp52
 70
     0
102
RTVSPost2010Prop53
 90
        2
102
RTVSPost2010PropOp53
 70
     1
102
RTVSPost2010Prop54
  1
strokes_ogs.tif
102
RTVSPost2010PropOp54
 70
     1
102
RTVSPost2010Prop55
280
     0
102
RTVSPost2010PropOp55
 70
     1
102
RTVSPost2010Prop56
140
1.0
102
RTVSPost2010PropOp56
 70
     1
102
RTVSPost2010Prop57
140
1.0
102
RTVSPost2010PropOp57
 70
     1
  0
XRECORD
  5
ABF
102
{ACAD_REACTORS
330
ABE
102
}
330
ABE
100
AcDbXrecord
280
     1
102
RTVSPost2010Prop28
280
     0
102
RTVSPost2010PropOp28
 70
     1
102
RTVSPost2010Prop29
280
     1
102
RTVSPost2010PropOp29
 70
     1
102
RTVSPost2010Prop30
280
     1
102
RTVSPost2010PropOp30
 70
     1
102
RTVSPost2010Prop31
280
     0
102
RTVSPost2010PropOp31
 70
     1
102
RTVSPost2010Prop32
280
     0
102
RTVSPost2010PropOp32
 70
     1
102
RTVSPost2010Prop33
280
     0
102
RTVSPost2010PropOp33
 70
     1
102
RTVSPost2010Prop34
280
     0
102
RTVSPost2010PropOp34
 70
     1
102
RTVSPost2010Prop35
280
     0
102
RTVSPost2010PropOp35
 70
     1
102
RTVSPost2010Prop36
280
     0
102
RTVSPost2010PropOp36
 70
     1
102
RTVSPost2010Prop37
 90
       50
102
RTVSPost2010PropOp37
 70
     1
102
RTVSPost2010Prop38
140
0.0
102
RTVSPost2010PropOp38
 70
     1
102
RTVSPost2010Prop39
140
1.0
102
RTVSPost2010PropOp39
 70
     1
102
RTVSPost2010Prop40
 90
        0
102
RTVSPost2010PropOp40
 70
     1
102
RTVSPost2010Prop41ColorIndex
 90
       18
102
RTVSPost2010Prop41ColorRGB
 90
        0
102
RTVSPost2010PropOp41
 70
     1
102
RTVSPost2010Prop42
 90
       50
102
RTVSPost2010PropOp42
 70
     1
102
RTVSPost2010Prop43
 90
        3
102
RTVSPost2010PropOp43
 70
     1
102
RTVSPost2010Prop44ColorIndex
 90
        5
102
RTVSPost2010Prop44ColorRGB
 90
      255
102
RTVSPost2010PropOp44
 70
     1
102
RTVSPost2010Prop45
280
     0
102
RTVSPost2010PropOp45
 70
     1
102
RTVSPost2010Prop46
 90
       50
102
RTVSPost2010PropOp46
 70
     1
102
RTVSPost2010Prop47
 90
       50
102
RTVSPost2010PropOp47
 70
     1
102
RTVSPost2010Prop48
 90
       50
102
RTVSPost2010PropOp48
 70
     1
102
RTVSPost2010Prop49
280
     0
102
RTVSPost2010PropOp49
 70
     1
102
RTVSPost2010Prop50
 90
       50
102
RTVSPost2010PropOp50
 70
     1
102
RTVSPost2010Prop51ColorIndex
 90
      256
102
RTVSPost2010Prop51ColorRGB
 90
-16777216
102
RTVSPost2010PropOp51
 70
     0
102
RTVSPost2010Prop52
140
1.0
102
RTVSPost2010PropOp52
 70
     0
102
RTVSPost2010Prop53
 90
        2
102
RTVSPost2010PropOp53
 70
     1
102
RTVSPost2010Prop54
  1
strokes_ogs.tif
102
RTVSPost2010PropOp54
 70
     1
102
RTVSPost2010Prop55
280
     0
102
RTVSPost2010PropOp55
 70
     1
102
RTVSPost2010Prop56
140
1.0
102
RTVSPost2010PropOp56
 70
     1
102
RTVSPost2010Prop57
140
1.0
102
RTVSPost2010PropOp57
 70
     1
  0
XRECORD
  5
ACF
102
{ACAD_REACTORS
330
ACE
102
}
330
ACE
100
AcDbXrecord
280
     1
102
RTVSPost2010Prop28
280
     0
102
RTVSPost2010PropOp28
 70
     0
102
RTVSPost2010Prop29
280
     1
102
RTVSPost2010PropOp29
 70
     0
102
RTVSPost2010Prop30
280
     1
102
RTVSPost2010PropOp30
 70
     0
102
RTVSPost2010Prop31
280
     0
102
RTVSPost2010PropOp31
 70
     0
102
RTVSPost2010Prop32
280
     0
102
RTVSPost2010PropOp32
 70
     0
102
RTVSPost2010Prop33
280
     0
102
RTVSPost2010PropOp33
 70
     0
102
RTVSPost2010Prop34
280
     0
102
RTVSPost2010PropOp34
 70
     0
102
RTVSPost2010Prop35
280
     0
102
RTVSPost2010PropOp35
 70
     0
102
RTVSPost2010Prop36
280
     0
102
RTVSPost2010PropOp36
 70
     0
102
RTVSPost2010Prop37
 90
       50
102
RTVSPost2010PropOp37
 70
     0
102
RTVSPost2010Prop38
140
0.0
102
RTVSPost2010PropOp38
 70
     0
102
RTVSPost2010Prop39
140
1.0
102
RTVSPost2010PropOp39
 70
     0
102
RTVSPost2010Prop40
 90
        0
102
RTVSPost2010PropOp40
 70
     0
102
RTVSPost2010Prop41ColorIndex
 90
       18
102
RTVSPost2010Prop41ColorRGB
 90
        0
102
RTVSPost2010PropOp41
 70
     0
102
RTVSPost2010Prop42
 90
       50
102
RTVSPost2010PropOp42
 70
     0
102
RTVSPost2010Prop43
 90
        3
102
RTVSPost2010PropOp43
 70
     0
102
RTVSPost2010Prop44ColorIndex
 90
        5
102
RTVSPost2010Prop44ColorRGB
 90
      255
102
RTVSPost2010PropOp44
 70
     0
102
RTVSPost2010Prop45
280
     0
102
RTVSPost2010PropOp45
 70
     0
102
RTVSPost2010Prop46
 90
       50
102
RTVSPost2010PropOp46
 70
     0
102
RTVSPost2010Prop47
 90
       50
102
RTVSPost2010PropOp47
 70
     0
102
RTVSPost2010Prop48
 90
       50
102
RTVSPost2010PropOp48
 70
     0
102
RTVSPost2010Prop49
280
     0
102
RTVSPost2010PropOp49
 70
     0
102
RTVSPost2010Prop50
 90
       50
102
RTVSPost2010PropOp50
 70
     0
102
RTVSPost2010Prop51ColorIndex
 90
      256
102
RTVSPost2010Prop51ColorRGB
 90
-16777216
102
RTVSPost2010PropOp51
 70
     0
102
RTVSPost2010Prop52
140
1.0
102
RTVSPost2010PropOp52
 70
     0
102
RTVSPost2010Prop53
 90
        2
102
RTVSPost2010PropOp53
 70
     0
102
RTVSPost2010Prop54
  1
strokes_ogs.tif
102
RTVSPost2010PropOp54
 70
     0
102
RTVSPost2010Prop55
280
     0
102
RTVSPost2010PropOp55
 70
     0
102
RTVSPost2010Prop56
140
1.0
102
RTVSPost2010PropOp56
 70
     0
102
RTVSPost2010Prop57
140
1.0
102
RTVSPost2010PropOp57
 70
     0
  0
XRECORD
  5
AC7
102
{ACAD_REACTORS
330
AC6
102
}
330
AC6
100
AcDbXrecord
280
     1
102
RTVSPost2010Prop28
280
     0
102
RTVSPost2010PropOp28
 70
     1
102
RTVSPost2010Prop29
280
     1
102
RTVSPost2010PropOp29
 70
     1
102
RTVSPost2010Prop30
280
     1
102
RTVSPost2010PropOp30
 70
     1
102
RTVSPost2010Prop31
280
     0
102
RTVSPost2010PropOp31
 70
     1
102
RTVSPost2010Prop32
280
     0
102
RTVSPost2010PropOp32
 70
     1
102
RTVSPost2010Prop33
280
     0
102
RTVSPost2010PropOp33
 70
     1
102
RTVSPost2010Prop34
280
     0
102
RTVSPost2010PropOp34
 70
     1
102
RTVSPost2010Prop35
280
     0
102
RTVSPost2010PropOp35
 70
     1
102
RTVSPost2010Prop36
280
     0
102
RTVSPost2010PropOp36
 70
     1
102
RTVSPost2010Prop37
 90
       50
102
RTVSPost2010PropOp37
 70
     1
102
RTVSPost2010Prop38
140
0.0
102
RTVSPost2010PropOp38
 70
     1
102
RTVSPost2010Prop39
140
1.0
102
RTVSPost2010PropOp39
 70
     1
102
RTVSPost2010Prop40
 90
        0
102
RTVSPost2010PropOp40
 70
     1
102
RTVSPost2010Prop41ColorIndex
 90
       18
102
RTVSPost2010Prop41ColorRGB
 90
        0
102
RTVSPost2010PropOp41
 70
     1
102
RTVSPost2010Prop42
 90
       50
102
RTVSPost2010PropOp42
 70
     1
102
RTVSPost2010Prop43
 90
        3
102
RTVSPost2010PropOp43
 70
     1
102
RTVSPost2010Prop44ColorIndex
 90
        5
102
RTVSPost2010Prop44ColorRGB
 90
      255
102
RTVSPost2010PropOp44
 70
     1
102
RTVSPost2010Prop45
280
     0
102
RTVSPost2010PropOp45
 70
     1
102
RTVSPost2010Prop46
 90
       50
102
RTVSPost2010PropOp46
 70
     1
102
RTVSPost2010Prop47
 90
       50
102
RTVSPost2010PropOp47
 70
     1
102
RTVSPost2010Prop48
 90
       50
102
RTVSPost2010PropOp48
 70
     1
102
RTVSPost2010Prop49
280
     0
102
RTVSPost2010PropOp49
 70
     1
102
RTVSPost2010Prop50
 90
       50
102
RTVSPost2010PropOp50
 70
     1
102
RTVSPost2010Prop51ColorIndex
 90
      256
102
RTVSPost2010Prop51ColorRGB
 90
-16777216
102
RTVSPost2010PropOp51
 70
     0
102
RTVSPost2010Prop52
140
1.0
102
RTVSPost2010PropOp52
 70
     0
102
RTVSPost2010Prop53
 90
        2
102
RTVSPost2010PropOp53
 70
     1
102
RTVSPost2010Prop54
  1
strokes_ogs.tif
102
RTVSPost2010PropOp54
 70
     1
102
RTVSPost2010Prop55
280
     0
102
RTVSPost2010PropOp55
 70
     1
102
RTVSPost2010Prop56
140
1.0
102
RTVSPost2010PropOp56
 70
     1
102
RTVSPost2010Prop57
140
1.0
102
RTVSPost2010PropOp57
 70
     1
  0
XRECORD
  5
AAB
102
{ACAD_REACTORS
330
AAA
102
}
330
AAA
100
AcDbXrecord
280
     1
102
RTVSPost2010Prop28
280
     0
102
RTVSPost2010PropOp28
 70
     1
102
RTVSPost2010Prop29
280
     1
102
RTVSPost2010PropOp29
 70
     1
102
RTVSPost2010Prop30
280
     1
102
RTVSPost2010PropOp30
 70
     1
102
RTVSPost2010Prop31
280
     0
102
RTVSPost2010PropOp31
 70
     1
102
RTVSPost2010Prop32
280
     0
102
RTVSPost2010PropOp32
 70
     1
102
RTVSPost2010Prop33
280
     0
102
RTVSPost2010PropOp33
 70
     1
102
RTVSPost2010Prop34
280
     0
102
RTVSPost2010PropOp34
 70
     1
102
RTVSPost2010Prop35
280
     0
102
RTVSPost2010PropOp35
 70
     1
102
RTVSPost2010Prop36
280
     0
102
RTVSPost2010PropOp36
 70
     1
102
RTVSPost2010Prop37
 90
       50
102
RTVSPost2010PropOp37
 70
     1
102
RTVSPost2010Prop38
140
0.0
102
RTVSPost2010PropOp38
 70
     1
102
RTVSPost2010Prop39
140
1.0
102
RTVSPost2010PropOp39
 70
     1
102
RTVSPost2010Prop40
 90
        0
102
RTVSPost2010PropOp40
 70
     1
102
RTVSPost2010Prop41ColorIndex
 90
       18
102
RTVSPost2010Prop41ColorRGB
 90
        0
102
RTVSPost2010PropOp41
 70
     1
102
RTVSPost2010Prop42
 90
       50
102
RTVSPost2010PropOp42
 70
     1
102
RTVSPost2010Prop43
 90
        3
102
RTVSPost2010PropOp43
 70
     1
102
RTVSPost2010Prop44ColorIndex
 90
        5
102
RTVSPost2010Prop44ColorRGB
 90
      255
102
RTVSPost2010PropOp44
 70
     1
102
RTVSPost2010Prop45
280
     0
102
RTVSPost2010PropOp45
 70
     1
102
RTVSPost2010Prop46
 90
       50
102
RTVSPost2010PropOp46
 70
     1
102
RTVSPost2010Prop47
 90
       50
102
RTVSPost2010PropOp47
 70
     1
102
RTVSPost2010Prop48
 90
       50
102
RTVSPost2010PropOp48
 70
     1
102
RTVSPost2010Prop49
280
     0
102
RTVSPost2010PropOp49
 70
     1
102
RTVSPost2010Prop50
 90
       50
102
RTVSPost2010PropOp50
 70
     1
102
RTVSPost2010Prop51ColorIndex
 90
      256
102
RTVSPost2010Prop51ColorRGB
 90
-16777216
102
RTVSPost2010PropOp51
 70
     0
102
RTVSPost2010Prop52
140
1.0
102
RTVSPost2010PropOp52
 70
     0
102
RTVSPost2010Prop53
 90
        2
102
RTVSPost2010PropOp53
 70
     1
102
RTVSPost2010Prop54
  1
strokes_ogs.tif
102
RTVSPost2010PropOp54
 70
     1
102
RTVSPost2010Prop55
280
     0
102
RTVSPost2010PropOp55
 70
     1
102
RTVSPost2010Prop56
140
1.0
102
RTVSPost2010PropOp56
 70
     1
102
RTVSPost2010Prop57
140
1.0
102
RTVSPost2010PropOp57
 70
     1
  0
XRECORD
  5
AAD
102
{ACAD_REACTORS
330
AAC
102
}
330
AAC
100
AcDbXrecord
280
     1
102
RTVSPost2010Prop28
280
     0
102
RTVSPost2010PropOp28
 70
     1
102
RTVSPost2010Prop29
280
     1
102
RTVSPost2010PropOp29
 70
     1
102
RTVSPost2010Prop30
280
     1
102
RTVSPost2010PropOp30
 70
     1
102
RTVSPost2010Prop31
280
     0
102
RTVSPost2010PropOp31
 70
     1
102
RTVSPost2010Prop32
280
     0
102
RTVSPost2010PropOp32
 70
     1
102
RTVSPost2010Prop33
280
     0
102
RTVSPost2010PropOp33
 70
     1
102
RTVSPost2010Prop34
280
     0
102
RTVSPost2010PropOp34
 70
     1
102
RTVSPost2010Prop35
280
     0
102
RTVSPost2010PropOp35
 70
     1
102
RTVSPost2010Prop36
280
     0
102
RTVSPost2010PropOp36
 70
     1
102
RTVSPost2010Prop37
 90
       50
102
RTVSPost2010PropOp37
 70
     1
102
RTVSPost2010Prop38
140
0.0
102
RTVSPost2010PropOp38
 70
     1
102
RTVSPost2010Prop39
140
1.0
102
RTVSPost2010PropOp39
 70
     1
102
RTVSPost2010Prop40
 90
        0
102
RTVSPost2010PropOp40
 70
     1
102
RTVSPost2010Prop41ColorIndex
 90
       18
102
RTVSPost2010Prop41ColorRGB
 90
        0
102
RTVSPost2010PropOp41
 70
     1
102
RTVSPost2010Prop42
 90
       50
102
RTVSPost2010PropOp42
 70
     1
102
RTVSPost2010Prop43
 90
        3
102
RTVSPost2010PropOp43
 70
     1
102
RTVSPost2010Prop44ColorIndex
 90
        5
102
RTVSPost2010Prop44ColorRGB
 90
      255
102
RTVSPost2010PropOp44
 70
     1
102
RTVSPost2010Prop45
280
     0
102
RTVSPost2010PropOp45
 70
     1
102
RTVSPost2010Prop46
 90
       50
102
RTVSPost2010PropOp46
 70
     1
102
RTVSPost2010Prop47
 90
       50
102
RTVSPost2010PropOp47
 70
     1
102
RTVSPost2010Prop48
 90
       50
102
RTVSPost2010PropOp48
 70
     1
102
RTVSPost2010Prop49
280
     0
102
RTVSPost2010PropOp49
 70
     1
102
RTVSPost2010Prop50
 90
       50
102
RTVSPost2010PropOp50
 70
     1
102
RTVSPost2010Prop51ColorIndex
 90
      256
102
RTVSPost2010Prop51ColorRGB
 90
-16777216
102
RTVSPost2010PropOp51
 70
     0
102
RTVSPost2010Prop52
140
1.0
102
RTVSPost2010PropOp52
 70
     0
102
RTVSPost2010Prop53
 90
        2
102
RTVSPost2010PropOp53
 70
     1
102
RTVSPost2010Prop54
  1
strokes_ogs.tif
102
RTVSPost2010PropOp54
 70
     1
102
RTVSPost2010Prop55
280
     0
102
RTVSPost2010PropOp55
 70
     1
102
RTVSPost2010Prop56
140
1.0
102
RTVSPost2010PropOp56
 70
     1
102
RTVSPost2010Prop57
140
1.0
102
RTVSPost2010PropOp57
 70
     1
  0
XRECORD
  5
AAF
102
{ACAD_REACTORS
330
AAE
102
}
330
AAE
100
AcDbXrecord
280
     1
102
RTVSPost2010Prop28
280
     0
102
RTVSPost2010PropOp28
 70
     1
102
RTVSPost2010Prop29
280
     1
102
RTVSPost2010PropOp29
 70
     1
102
RTVSPost2010Prop30
280
     1
102
RTVSPost2010PropOp30
 70
     1
102
RTVSPost2010Prop31
280
     0
102
RTVSPost2010PropOp31
 70
     1
102
RTVSPost2010Prop32
280
     0
102
RTVSPost2010PropOp32
 70
     1
102
RTVSPost2010Prop33
280
     0
102
RTVSPost2010PropOp33
 70
     1
102
RTVSPost2010Prop34
280
     0
102
RTVSPost2010PropOp34
 70
     1
102
RTVSPost2010Prop35
280
     0
102
RTVSPost2010PropOp35
 70
     1
102
RTVSPost2010Prop36
280
     0
102
RTVSPost2010PropOp36
 70
     1
102
RTVSPost2010Prop37
 90
       50
102
RTVSPost2010PropOp37
 70
     1
102
RTVSPost2010Prop38
140
0.0
102
RTVSPost2010PropOp38
 70
     1
102
RTVSPost2010Prop39
140
1.0
102
RTVSPost2010PropOp39
 70
     1
102
RTVSPost2010Prop40
 90
        0
102
RTVSPost2010PropOp40
 70
     1
102
RTVSPost2010Prop41ColorIndex
 90
       18
102
RTVSPost2010Prop41ColorRGB
 90
        0
102
RTVSPost2010PropOp41
 70
     1
102
RTVSPost2010Prop42
 90
       50
102
RTVSPost2010PropOp42
 70
     1
102
RTVSPost2010Prop43
 90
        3
102
RTVSPost2010PropOp43
 70
     1
102
RTVSPost2010Prop44ColorIndex
 90
        5
102
RTVSPost2010Prop44ColorRGB
 90
      255
102
RTVSPost2010PropOp44
 70
     1
102
RTVSPost2010Prop45
280
     0
102
RTVSPost2010PropOp45
 70
     1
102
RTVSPost2010Prop46
 90
       50
102
RTVSPost2010PropOp46
 70
     1
102
RTVSPost2010Prop47
 90
       50
102
RTVSPost2010PropOp47
 70
     1
102
RTVSPost2010Prop48
 90
       50
102
RTVSPost2010PropOp48
 70
     1
102
RTVSPost2010Prop49
280
     0
102
RTVSPost2010PropOp49
 70
     1
102
RTVSPost2010Prop50
 90
       50
102
RTVSPost2010PropOp50
 70
     1
102
RTVSPost2010Prop51ColorIndex
 90
      256
102
RTVSPost2010Prop51ColorRGB
 90
-16777216
102
RTVSPost2010PropOp51
 70
     0
102
RTVSPost2010Prop52
140
1.0
102
RTVSPost2010PropOp52
 70
     0
102
RTVSPost2010Prop53
 90
        2
102
RTVSPost2010PropOp53
 70
     1
102
RTVSPost2010Prop54
  1
strokes_ogs.tif
102
RTVSPost2010PropOp54
 70
     1
102
RTVSPost2010Prop55
280
     0
102
RTVSPost2010PropOp55
 70
     1
102
RTVSPost2010Prop56
140
1.0
102
RTVSPost2010PropOp56
 70
     1
102
RTVSPost2010Prop57
140
1.0
102
RTVSPost2010PropOp57
 70
     1
  0
XRECORD
  5
AB1
102
{ACAD_REACTORS
330
AB0
102
}
330
AB0
100
AcDbXrecord
280
     1
102
RTVSPost2010Prop28
280
     0
102
RTVSPost2010PropOp28
 70
     1
102
RTVSPost2010Prop29
280
     1
102
RTVSPost2010PropOp29
 70
     1
102
RTVSPost2010Prop30
280
     1
102
RTVSPost2010PropOp30
 70
     1
102
RTVSPost2010Prop31
280
     0
102
RTVSPost2010PropOp31
 70
     1
102
RTVSPost2010Prop32
280
     0
102
RTVSPost2010PropOp32
 70
     1
102
RTVSPost2010Prop33
280
     0
102
RTVSPost2010PropOp33
 70
     1
102
RTVSPost2010Prop34
280
     0
102
RTVSPost2010PropOp34
 70
     1
102
RTVSPost2010Prop35
280
     0
102
RTVSPost2010PropOp35
 70
     1
102
RTVSPost2010Prop36
280
     0
102
RTVSPost2010PropOp36
 70
     1
102
RTVSPost2010Prop37
 90
       50
102
RTVSPost2010PropOp37
 70
     1
102
RTVSPost2010Prop38
140
0.0
102
RTVSPost2010PropOp38
 70
     1
102
RTVSPost2010Prop39
140
1.0
102
RTVSPost2010PropOp39
 70
     1
102
RTVSPost2010Prop40
 90
        0
102
RTVSPost2010PropOp40
 70
     1
102
RTVSPost2010Prop41ColorIndex
 90
       18
102
RTVSPost2010Prop41ColorRGB
 90
        0
102
RTVSPost2010PropOp41
 70
     1
102
RTVSPost2010Prop42
 90
       50
102
RTVSPost2010PropOp42
 70
     1
102
RTVSPost2010Prop43
 90
        3
102
RTVSPost2010PropOp43
 70
     1
102
RTVSPost2010Prop44ColorIndex
 90
        5
102
RTVSPost2010Prop44ColorRGB
 90
      255
102
RTVSPost2010PropOp44
 70
     1
102
RTVSPost2010Prop45
280
     0
102
RTVSPost2010PropOp45
 70
     1
102
RTVSPost2010Prop46
 90
       50
102
RTVSPost2010PropOp46
 70
     1
102
RTVSPost2010Prop47
 90
       50
102
RTVSPost2010PropOp47
 70
     1
102
RTVSPost2010Prop48
 90
       50
102
RTVSPost2010PropOp48
 70
     1
102
RTVSPost2010Prop49
280
     0
102
RTVSPost2010PropOp49
 70
     1
102
RTVSPost2010Prop50
 90
       50
102
RTVSPost2010PropOp50
 70
     1
102
RTVSPost2010Prop51ColorIndex
 90
      256
102
RTVSPost2010Prop51ColorRGB
 90
-16777216
102
RTVSPost2010PropOp51
 70
     0
102
RTVSPost2010Prop52
140
1.0
102
RTVSPost2010PropOp52
 70
     0
102
RTVSPost2010Prop53
 90
        2
102
RTVSPost2010PropOp53
 70
     1
102
RTVSPost2010Prop54
  1
strokes_ogs.tif
102
RTVSPost2010PropOp54
 70
     1
102
RTVSPost2010Prop55
280
     0
102
RTVSPost2010PropOp55
 70
     1
102
RTVSPost2010Prop56
140
1.0
102
RTVSPost2010PropOp56
 70
     1
102
RTVSPost2010Prop57
140
1.0
102
RTVSPost2010PropOp57
 70
     1
  0
XRECORD
  5
AB7
102
{ACAD_REACTORS
330
AB6
102
}
330
AB6
100
AcDbXrecord
280
     1
102
RTVSPost2010Prop28
280
     0
102
RTVSPost2010PropOp28
 70
     1
102
RTVSPost2010Prop29
280
     1
102
RTVSPost2010PropOp29
 70
     1
102
RTVSPost2010Prop30
280
     1
102
RTVSPost2010PropOp30
 70
     1
102
RTVSPost2010Prop31
280
     0
102
RTVSPost2010PropOp31
 70
     1
102
RTVSPost2010Prop32
280
     0
102
RTVSPost2010PropOp32
 70
     1
102
RTVSPost2010Prop33
280
     0
102
RTVSPost2010PropOp33
 70
     1
102
RTVSPost2010Prop34
280
     0
102
RTVSPost2010PropOp34
 70
     1
102
RTVSPost2010Prop35
280
     0
102
RTVSPost2010PropOp35
 70
     1
102
RTVSPost2010Prop36
280
     0
102
RTVSPost2010PropOp36
 70
     1
102
RTVSPost2010Prop37
 90
       50
102
RTVSPost2010PropOp37
 70
     1
102
RTVSPost2010Prop38
140
0.0
102
RTVSPost2010PropOp38
 70
     1
102
RTVSPost2010Prop39
140
1.0
102
RTVSPost2010PropOp39
 70
     1
102
RTVSPost2010Prop40
 90
        0
102
RTVSPost2010PropOp40
 70
     1
102
RTVSPost2010Prop41ColorIndex
 90
       18
102
RTVSPost2010Prop41ColorRGB
 90
        0
102
RTVSPost2010PropOp41
 70
     1
102
RTVSPost2010Prop42
 90
       50
102
RTVSPost2010PropOp42
 70
     1
102
RTVSPost2010Prop43
 90
        3
102
RTVSPost2010PropOp43
 70
     1
102
RTVSPost2010Prop44ColorIndex
 90
        5
102
RTVSPost2010Prop44ColorRGB
 90
      255
102
RTVSPost2010PropOp44
 70
     1
102
RTVSPost2010Prop45
280
     0
102
RTVSPost2010PropOp45
 70
     1
102
RTVSPost2010Prop46
 90
       50
102
RTVSPost2010PropOp46
 70
     1
102
RTVSPost2010Prop47
 90
       50
102
RTVSPost2010PropOp47
 70
     1
102
RTVSPost2010Prop48
 90
       50
102
RTVSPost2010PropOp48
 70
     1
102
RTVSPost2010Prop49
280
     0
102
RTVSPost2010PropOp49
 70
     1
102
RTVSPost2010Prop50
 90
       50
102
RTVSPost2010PropOp50
 70
     1
102
RTVSPost2010Prop51ColorIndex
 90
      256
102
RTVSPost2010Prop51ColorRGB
 90
-16777216
102
RTVSPost2010PropOp51
 70
     0
102
RTVSPost2010Prop52
140
1.0
102
RTVSPost2010PropOp52
 70
     0
102
RTVSPost2010Prop53
 90
        2
102
RTVSPost2010PropOp53
 70
     1
102
RTVSPost2010Prop54
  1
strokes_ogs.tif
102
RTVSPost2010PropOp54
 70
     1
102
RTVSPost2010Prop55
280
     0
102
RTVSPost2010PropOp55
 70
     1
102
RTVSPost2010Prop56
140
1.0
102
RTVSPost2010PropOp56
 70
     1
102
RTVSPost2010Prop57
140
1.0
102
RTVSPost2010PropOp57
 70
     1
  0
XRECORD
  5
ACB
102
{ACAD_REACTORS
330
ACA
102
}
330
ACA
100
AcDbXrecord
280
     1
102
RTVSPost2010Prop28
280
     0
102
RTVSPost2010PropOp28
 70
     0
102
RTVSPost2010Prop29
280
     1
102
RTVSPost2010PropOp29
 70
     0
102
RTVSPost2010Prop30
280
     1
102
RTVSPost2010PropOp30
 70
     0
102
RTVSPost2010Prop31
280
     0
102
RTVSPost2010PropOp31
 70
     0
102
RTVSPost2010Prop32
280
     0
102
RTVSPost2010PropOp32
 70
     0
102
RTVSPost2010Prop33
280
     0
102
RTVSPost2010PropOp33
 70
     0
102
RTVSPost2010Prop34
280
     0
102
RTVSPost2010PropOp34
 70
     0
102
RTVSPost2010Prop35
280
     0
102
RTVSPost2010PropOp35
 70
     0
102
RTVSPost2010Prop36
280
     0
102
RTVSPost2010PropOp36
 70
     0
102
RTVSPost2010Prop37
 90
       50
102
RTVSPost2010PropOp37
 70
     0
102
RTVSPost2010Prop38
140
0.0
102
RTVSPost2010PropOp38
 70
     0
102
RTVSPost2010Prop39
140
1.0
102
RTVSPost2010PropOp39
 70
     0
102
RTVSPost2010Prop40
 90
        0
102
RTVSPost2010PropOp40
 70
     0
102
RTVSPost2010Prop41ColorIndex
 90
       18
102
RTVSPost2010Prop41ColorRGB
 90
        0
102
RTVSPost2010PropOp41
 70
     0
102
RTVSPost2010Prop42
 90
       50
102
RTVSPost2010PropOp42
 70
     0
102
RTVSPost2010Prop43
 90
        3
102
RTVSPost2010PropOp43
 70
     0
102
RTVSPost2010Prop44ColorIndex
 90
        5
102
RTVSPost2010Prop44ColorRGB
 90
      255
102
RTVSPost2010PropOp44
 70
     0
102
RTVSPost2010Prop45
280
     0
102
RTVSPost2010PropOp45
 70
     0
102
RTVSPost2010Prop46
 90
       50
102
RTVSPost2010PropOp46
 70
     0
102
RTVSPost2010Prop47
 90
       50
102
RTVSPost2010PropOp47
 70
     0
102
RTVSPost2010Prop48
 90
       50
102
RTVSPost2010PropOp48
 70
     0
102
RTVSPost2010Prop49
280
     0
102
RTVSPost2010PropOp49
 70
     0
102
RTVSPost2010Prop50
 90
       50
102
RTVSPost2010PropOp50
 70
     0
102
RTVSPost2010Prop51ColorIndex
 90
      256
102
RTVSPost2010Prop51ColorRGB
 90
-16777216
102
RTVSPost2010PropOp51
 70
     0
102
RTVSPost2010Prop52
140
1.0
102
RTVSPost2010PropOp52
 70
     0
102
RTVSPost2010Prop53
 90
        2
102
RTVSPost2010PropOp53
 70
     0
102
RTVSPost2010Prop54
  1
strokes_ogs.tif
102
RTVSPost2010PropOp54
 70
     0
102
RTVSPost2010Prop55
280
     0
102
RTVSPost2010PropOp55
 70
     0
102
RTVSPost2010Prop56
140
1.0
102
RTVSPost2010PropOp56
 70
     0
102
RTVSPost2010Prop57
140
1.0
102
RTVSPost2010PropOp57
 70
     0
  0
XRECORD
  5
AC5
102
{ACAD_REACTORS
330
AC4
102
}
330
AC4
100
AcDbXrecord
280
     1
102
RTVSPost2010Prop28
280
     0
102
RTVSPost2010PropOp28
 70
     1
102
RTVSPost2010Prop29
280
     1
102
RTVSPost2010PropOp29
 70
     1
102
RTVSPost2010Prop30
280
     1
102
RTVSPost2010PropOp30
 70
     1
102
RTVSPost2010Prop31
280
     0
102
RTVSPost2010PropOp31
 70
     1
102
RTVSPost2010Prop32
280
     0
102
RTVSPost2010PropOp32
 70
     1
102
RTVSPost2010Prop33
280
     0
102
RTVSPost2010PropOp33
 70
     1
102
RTVSPost2010Prop34
280
     0
102
RTVSPost2010PropOp34
 70
     1
102
RTVSPost2010Prop35
280
     0
102
RTVSPost2010PropOp35
 70
     1
102
RTVSPost2010Prop36
280
     0
102
RTVSPost2010PropOp36
 70
     1
102
RTVSPost2010Prop37
 90
       50
102
RTVSPost2010PropOp37
 70
     1
102
RTVSPost2010Prop38
140
0.0
102
RTVSPost2010PropOp38
 70
     1
102
RTVSPost2010Prop39
140
1.0
102
RTVSPost2010PropOp39
 70
     1
102
RTVSPost2010Prop40
 90
        0
102
RTVSPost2010PropOp40
 70
     1
102
RTVSPost2010Prop41ColorIndex
 90
       18
102
RTVSPost2010Prop41ColorRGB
 90
        0
102
RTVSPost2010PropOp41
 70
     1
102
RTVSPost2010Prop42
 90
       50
102
RTVSPost2010PropOp42
 70
     1
102
RTVSPost2010Prop43
 90
        3
102
RTVSPost2010PropOp43
 70
     1
102
RTVSPost2010Prop44ColorIndex
 90
        5
102
RTVSPost2010Prop44ColorRGB
 90
      255
102
RTVSPost2010PropOp44
 70
     1
102
RTVSPost2010Prop45
280
     0
102
RTVSPost2010PropOp45
 70
     1
102
RTVSPost2010Prop46
 90
       50
102
RTVSPost2010PropOp46
 70
     1
102
RTVSPost2010Prop47
 90
       50
102
RTVSPost2010PropOp47
 70
     1
102
RTVSPost2010Prop48
 90
       50
102
RTVSPost2010PropOp48
 70
     1
102
RTVSPost2010Prop49
280
     0
102
RTVSPost2010PropOp49
 70
     1
102
RTVSPost2010Prop50
 90
       50
102
RTVSPost2010PropOp50
 70
     1
102
RTVSPost2010Prop51ColorIndex
 90
      256
102
RTVSPost2010Prop51ColorRGB
 90
-16777216
102
RTVSPost2010PropOp51
 70
     0
102
RTVSPost2010Prop52
140
1.0
102
RTVSPost2010PropOp52
 70
     0
102
RTVSPost2010Prop53
 90
        2
102
RTVSPost2010PropOp53
 70
     1
102
RTVSPost2010Prop54
  1
strokes_ogs.tif
102
RTVSPost2010PropOp54
 70
     1
102
RTVSPost2010Prop55
280
     0
102
RTVSPost2010PropOp55
 70
     1
102
RTVSPost2010Prop56
140
1.0
102
RTVSPost2010PropOp56
 70
     1
102
RTVSPost2010Prop57
140
1.0
102
RTVSPost2010PropOp57
 70
     1
  0
XRECORD
  5
ACD
102
{ACAD_REACTORS
330
ACC
102
}
330
ACC
100
AcDbXrecord
280
     1
102
RTVSPost2010Prop28
280
     0
102
RTVSPost2010PropOp28
 70
     0
102
RTVSPost2010Prop29
280
     1
102
RTVSPost2010PropOp29
 70
     0
102
RTVSPost2010Prop30
280
     1
102
RTVSPost2010PropOp30
 70
     0
102
RTVSPost2010Prop31
280
     0
102
RTVSPost2010PropOp31
 70
     0
102
RTVSPost2010Prop32
280
     0
102
RTVSPost2010PropOp32
 70
     0
102
RTVSPost2010Prop33
280
     0
102
RTVSPost2010PropOp33
 70
     0
102
RTVSPost2010Prop34
280
     0
102
RTVSPost2010PropOp34
 70
     0
102
RTVSPost2010Prop35
280
     0
102
RTVSPost2010PropOp35
 70
     0
102
RTVSPost2010Prop36
280
     0
102
RTVSPost2010PropOp36
 70
     0
102
RTVSPost2010Prop37
 90
       50
102
RTVSPost2010PropOp37
 70
     0
102
RTVSPost2010Prop38
140
0.0
102
RTVSPost2010PropOp38
 70
     0
102
RTVSPost2010Prop39
140
1.0
102
RTVSPost2010PropOp39
 70
     0
102
RTVSPost2010Prop40
 90
        0
102
RTVSPost2010PropOp40
 70
     0
102
RTVSPost2010Prop41ColorIndex
 90
       18
102
RTVSPost2010Prop41ColorRGB
 90
        0
102
RTVSPost2010PropOp41
 70
     0
102
RTVSPost2010Prop42
 90
       50
102
RTVSPost2010PropOp42
 70
     0
102
RTVSPost2010Prop43
 90
        3
102
RTVSPost2010PropOp43
 70
     0
102
RTVSPost2010Prop44ColorIndex
 90
        5
102
RTVSPost2010Prop44ColorRGB
 90
      255
102
RTVSPost2010PropOp44
 70
     0
102
RTVSPost2010Prop45
280
     0
102
RTVSPost2010PropOp45
 70
     0
102
RTVSPost2010Prop46
 90
       50
102
RTVSPost2010PropOp46
 70
     0
102
RTVSPost2010Prop47
 90
       50
102
RTVSPost2010PropOp47
 70
     0
102
RTVSPost2010Prop48
 90
       50
102
RTVSPost2010PropOp48
 70
     0
102
RTVSPost2010Prop49
280
     0
102
RTVSPost2010PropOp49
 70
     0
102
RTVSPost2010Prop50
 90
       50
102
RTVSPost2010PropOp50
 70
     0
102
RTVSPost2010Prop51ColorIndex
 90
      256
102
RTVSPost2010Prop51ColorRGB
 90
-16777216
102
RTVSPost2010PropOp51
 70
     0
102
RTVSPost2010Prop52
140
1.0
102
RTVSPost2010PropOp52
 70
     0
102
RTVSPost2010Prop53
 90
        2
102
RTVSPost2010PropOp53
 70
     0
102
RTVSPost2010Prop54
  1
strokes_ogs.tif
102
RTVSPost2010PropOp54
 70
     0
102
RTVSPost2010Prop55
280
     0
102
RTVSPost2010PropOp55
 70
     0
102
RTVSPost2010Prop56
140
1.0
102
RTVSPost2010PropOp56
 70
     0
102
RTVSPost2010Prop57
140
1.0
102
RTVSPost2010PropOp57
 70
     0
  0
XRECORD
  5
ABB
102
{ACAD_REACTORS
330
ABA
102
}
330
ABA
100
AcDbXrecord
280
     1
102
RTVSPost2010Prop28
280
     0
102
RTVSPost2010PropOp28
 70
     1
102
RTVSPost2010Prop29
280
     1
102
RTVSPost2010PropOp29
 70
     1
102
RTVSPost2010Prop30
280
     1
102
RTVSPost2010PropOp30
 70
     1
102
RTVSPost2010Prop31
280
     0
102
RTVSPost2010PropOp31
 70
     1
102
RTVSPost2010Prop32
280
     0
102
RTVSPost2010PropOp32
 70
     1
102
RTVSPost2010Prop33
280
     0
102
RTVSPost2010PropOp33
 70
     1
102
RTVSPost2010Prop34
280
     0
102
RTVSPost2010PropOp34
 70
     1
102
RTVSPost2010Prop35
280
     0
102
RTVSPost2010PropOp35
 70
     1
102
RTVSPost2010Prop36
280
     0
102
RTVSPost2010PropOp36
 70
     1
102
RTVSPost2010Prop37
 90
       50
102
RTVSPost2010PropOp37
 70
     1
102
RTVSPost2010Prop38
140
0.0
102
RTVSPost2010PropOp38
 70
     1
102
RTVSPost2010Prop39
140
1.0
102
RTVSPost2010PropOp39
 70
     1
102
RTVSPost2010Prop40
 90
        0
102
RTVSPost2010PropOp40
 70
     1
102
RTVSPost2010Prop41ColorIndex
 90
       18
102
RTVSPost2010Prop41ColorRGB
 90
        0
102
RTVSPost2010PropOp41
 70
     1
102
RTVSPost2010Prop42
 90
       50
102
RTVSPost2010PropOp42
 70
     1
102
RTVSPost2010Prop43
 90
        3
102
RTVSPost2010PropOp43
 70
     1
102
RTVSPost2010Prop44ColorIndex
 90
        5
102
RTVSPost2010Prop44ColorRGB
 90
      255
102
RTVSPost2010PropOp44
 70
     1
102
RTVSPost2010Prop45
280
     0
102
RTVSPost2010PropOp45
 70
     1
102
RTVSPost2010Prop46
 90
       50
102
RTVSPost2010PropOp46
 70
     1
102
RTVSPost2010Prop47
 90
       50
102
RTVSPost2010PropOp47
 70
     1
102
RTVSPost2010Prop48
 90
       50
102
RTVSPost2010PropOp48
 70
     1
102
RTVSPost2010Prop49
280
     0
102
RTVSPost2010PropOp49
 70
     1
102
RTVSPost2010Prop50
 90
       50
102
RTVSPost2010PropOp50
 70
     1
102
RTVSPost2010Prop51ColorIndex
 90
      256
102
RTVSPost2010Prop51ColorRGB
 90
-16777216
102
RTVSPost2010PropOp51
 70
     0
102
RTVSPost2010Prop52
140
1.0
102
RTVSPost2010PropOp52
 70
     0
102
RTVSPost2010Prop53
 90
        2
102
RTVSPost2010PropOp53
 70
     1
102
RTVSPost2010Prop54
  1
strokes_ogs.tif
102
RTVSPost2010PropOp54
 70
     1
102
RTVSPost2010Prop55
280
     0
102
RTVSPost2010PropOp55
 70
     1
102
RTVSPost2010Prop56
140
1.0
102
RTVSPost2010PropOp56
 70
     1
102
RTVSPost2010Prop57
140
1.0
102
RTVSPost2010PropOp57
 70
     1
  0
XRECORD
  5
AD9
102
{ACAD_REACTORS
330
AD8
102
}
330
AD8
100
AcDbXrecord
280
     1
102
RTVSPost2010Prop28
280
     0
102
RTVSPost2010PropOp28
 70
     1
102
RTVSPost2010Prop29
280
     1
102
RTVSPost2010PropOp29
 70
     1
102
RTVSPost2010Prop30
280
     1
102
RTVSPost2010PropOp30
 70
     1
102
RTVSPost2010Prop31
280
     0
102
RTVSPost2010PropOp31
 70
     1
102
RTVSPost2010Prop32
280
     0
102
RTVSPost2010PropOp32
 70
     1
102
RTVSPost2010Prop33
280
     0
102
RTVSPost2010PropOp33
 70
     1
102
RTVSPost2010Prop34
280
     0
102
RTVSPost2010PropOp34
 70
     1
102
RTVSPost2010Prop35
280
     0
102
RTVSPost2010PropOp35
 70
     1
102
RTVSPost2010Prop36
280
     0
102
RTVSPost2010PropOp36
 70
     1
102
RTVSPost2010Prop37
 90
       50
102
RTVSPost2010PropOp37
 70
     1
102
RTVSPost2010Prop38
140
0.0
102
RTVSPost2010PropOp38
 70
     1
102
RTVSPost2010Prop39
140
1.0
102
RTVSPost2010PropOp39
 70
     1
102
RTVSPost2010Prop40
 90
        0
102
RTVSPost2010PropOp40
 70
     1
102
RTVSPost2010Prop41ColorIndex
 90
       18
102
RTVSPost2010Prop41ColorRGB
 90
        0
102
RTVSPost2010PropOp41
 70
     1
102
RTVSPost2010Prop42
 90
       50
102
RTVSPost2010PropOp42
 70
     1
102
RTVSPost2010Prop43
 90
        3
102
RTVSPost2010PropOp43
 70
     1
102
RTVSPost2010Prop44ColorIndex
 90
        5
102
RTVSPost2010Prop44ColorRGB
 90
      255
102
RTVSPost2010PropOp44
 70
     1
102
RTVSPost2010Prop45
280
     0
102
RTVSPost2010PropOp45
 70
     1
102
RTVSPost2010Prop46
 90
       50
102
RTVSPost2010PropOp46
 70
     1
102
RTVSPost2010Prop47
 90
       50
102
RTVSPost2010PropOp47
 70
     1
102
RTVSPost2010Prop48
 90
       50
102
RTVSPost2010PropOp48
 70
     1
102
RTVSPost2010Prop49
280
     0
102
RTVSPost2010PropOp49
 70
     1
102
RTVSPost2010Prop50
 90
       50
102
RTVSPost2010PropOp50
 70
     1
102
RTVSPost2010Prop51ColorIndex
 90
      256
102
RTVSPost2010Prop51ColorRGB
 90
-16777216
102
RTVSPost2010PropOp51
 70
     0
102
RTVSPost2010Prop52
140
1.0
102
RTVSPost2010PropOp52
 70
     0
102
RTVSPost2010Prop53
 90
        2
102
RTVSPost2010PropOp53
 70
     1
102
RTVSPost2010Prop54
  1
strokes_ogs.tif
102
RTVSPost2010PropOp54
 70
     1
102
RTVSPost2010Prop55
280
     0
102
RTVSPost2010PropOp55
 70
     1
102
RTVSPost2010Prop56
140
1.0
102
RTVSPost2010PropOp56
 70
     1
102
RTVSPost2010Prop57
140
1.0
102
RTVSPost2010PropOp57
 70
     1
  0
XRECORD
  5
AD7
102
{ACAD_REACTORS
330
AD6
102
}
330
AD6
100
AcDbXrecord
280
     1
102
RTVSPost2010Prop28
280
     0
102
RTVSPost2010PropOp28
 70
     1
102
RTVSPost2010Prop29
280
     1
102
RTVSPost2010PropOp29
 70
     1
102
RTVSPost2010Prop30
280
     1
102
RTVSPost2010PropOp30
 70
     1
102
RTVSPost2010Prop31
280
     0
102
RTVSPost2010PropOp31
 70
     1
102
RTVSPost2010Prop32
280
     0
102
RTVSPost2010PropOp32
 70
     1
102
RTVSPost2010Prop33
280
     0
102
RTVSPost2010PropOp33
 70
     1
102
RTVSPost2010Prop34
280
     0
102
RTVSPost2010PropOp34
 70
     1
102
RTVSPost2010Prop35
280
     0
102
RTVSPost2010PropOp35
 70
     1
102
RTVSPost2010Prop36
280
     0
102
RTVSPost2010PropOp36
 70
     1
102
RTVSPost2010Prop37
 90
       50
102
RTVSPost2010PropOp37
 70
     1
102
RTVSPost2010Prop38
140
0.0
102
RTVSPost2010PropOp38
 70
     1
102
RTVSPost2010Prop39
140
1.0
102
RTVSPost2010PropOp39
 70
     1
102
RTVSPost2010Prop40
 90
        0
102
RTVSPost2010PropOp40
 70
     1
102
RTVSPost2010Prop41ColorIndex
 90
       18
102
RTVSPost2010Prop41ColorRGB
 90
        0
102
RTVSPost2010PropOp41
 70
     1
102
RTVSPost2010Prop42
 90
       50
102
RTVSPost2010PropOp42
 70
     1
102
RTVSPost2010Prop43
 90
        3
102
RTVSPost2010PropOp43
 70
     1
102
RTVSPost2010Prop44ColorIndex
 90
        5
102
RTVSPost2010Prop44ColorRGB
 90
      255
102
RTVSPost2010PropOp44
 70
     1
102
RTVSPost2010Prop45
280
     0
102
RTVSPost2010PropOp45
 70
     1
102
RTVSPost2010Prop46
 90
       50
102
RTVSPost2010PropOp46
 70
     1
102
RTVSPost2010Prop47
 90
       50
102
RTVSPost2010PropOp47
 70
     1
102
RTVSPost2010Prop48
 90
       50
102
RTVSPost2010PropOp48
 70
     1
102
RTVSPost2010Prop49
280
     0
102
RTVSPost2010PropOp49
 70
     1
102
RTVSPost2010Prop50
 90
       50
102
RTVSPost2010PropOp50
 70
     1
102
RTVSPost2010Prop51ColorIndex
 90
      256
102
RTVSPost2010Prop51ColorRGB
 90
-16777216
102
RTVSPost2010PropOp51
 70
     0
102
RTVSPost2010Prop52
140
1.0
102
RTVSPost2010PropOp52
 70
     0
102
RTVSPost2010Prop53
 90
        2
102
RTVSPost2010PropOp53
 70
     1
102
RTVSPost2010Prop54
  1
strokes_ogs.tif
102
RTVSPost2010PropOp54
 70
     1
102
RTVSPost2010Prop55
280
     0
102
RTVSPost2010PropOp55
 70
     1
102
RTVSPost2010Prop56
140
1.0
102
RTVSPost2010PropOp56
 70
     1
102
RTVSPost2010Prop57
140
1.0
102
RTVSPost2010PropOp57
 70
     1
  0
XRECORD
  5
AD1
102
{ACAD_REACTORS
330
AD0
102
}
330
AD0
100
AcDbXrecord
280
     1
102
RTVSPost2010Prop28
280
     0
102
RTVSPost2010PropOp28
 70
     1
102
RTVSPost2010Prop29
280
     1
102
RTVSPost2010PropOp29
 70
     1
102
RTVSPost2010Prop30
280
     1
102
RTVSPost2010PropOp30
 70
     1
102
RTVSPost2010Prop31
280
     0
102
RTVSPost2010PropOp31
 70
     1
102
RTVSPost2010Prop32
280
     0
102
RTVSPost2010PropOp32
 70
     1
102
RTVSPost2010Prop33
280
     0
102
RTVSPost2010PropOp33
 70
     1
102
RTVSPost2010Prop34
280
     0
102
RTVSPost2010PropOp34
 70
     1
102
RTVSPost2010Prop35
280
     0
102
RTVSPost2010PropOp35
 70
     1
102
RTVSPost2010Prop36
280
     0
102
RTVSPost2010PropOp36
 70
     1
102
RTVSPost2010Prop37
 90
       50
102
RTVSPost2010PropOp37
 70
     1
102
RTVSPost2010Prop38
140
0.0
102
RTVSPost2010PropOp38
 70
     1
102
RTVSPost2010Prop39
140
1.0
102
RTVSPost2010PropOp39
 70
     1
102
RTVSPost2010Prop40
 90
        0
102
RTVSPost2010PropOp40
 70
     1
102
RTVSPost2010Prop41ColorIndex
 90
       18
102
RTVSPost2010Prop41ColorRGB
 90
        0
102
RTVSPost2010PropOp41
 70
     1
102
RTVSPost2010Prop42
 90
       50
102
RTVSPost2010PropOp42
 70
     1
102
RTVSPost2010Prop43
 90
        3
102
RTVSPost2010PropOp43
 70
     1
102
RTVSPost2010Prop44ColorIndex
 90
        5
102
RTVSPost2010Prop44ColorRGB
 90
      255
102
RTVSPost2010PropOp44
 70
     1
102
RTVSPost2010Prop45
280
     0
102
RTVSPost2010PropOp45
 70
     1
102
RTVSPost2010Prop46
 90
       50
102
RTVSPost2010PropOp46
 70
     1
102
RTVSPost2010Prop47
 90
       50
102
RTVSPost2010PropOp47
 70
     1
102
RTVSPost2010Prop48
 90
       50
102
RTVSPost2010PropOp48
 70
     1
102
RTVSPost2010Prop49
280
     0
102
RTVSPost2010PropOp49
 70
     1
102
RTVSPost2010Prop50
 90
       50
102
RTVSPost2010PropOp50
 70
     1
102
RTVSPost2010Prop51ColorIndex
 90
      256
102
RTVSPost2010Prop51ColorRGB
 90
-16777216
102
RTVSPost2010PropOp51
 70
     0
102
RTVSPost2010Prop52
140
1.0
102
RTVSPost2010PropOp52
 70
     0
102
RTVSPost2010Prop53
 90
        2
102
RTVSPost2010PropOp53
 70
     1
102
RTVSPost2010Prop54
  1
strokes_ogs.tif
102
RTVSPost2010PropOp54
 70
     1
102
RTVSPost2010Prop55
280
     0
102
RTVSPost2010PropOp55
 70
     1
102
RTVSPost2010Prop56
140
1.0
102
RTVSPost2010PropOp56
 70
     1
102
RTVSPost2010Prop57
140
1.0
102
RTVSPost2010PropOp57
 70
     1
  0
XRECORD
  5
AD3
102
{ACAD_REACTORS
330
AD2
102
}
330
AD2
100
AcDbXrecord
280
     1
102
RTVSPost2010Prop28
280
     0
102
RTVSPost2010PropOp28
 70
     1
102
RTVSPost2010Prop29
280
     1
102
RTVSPost2010PropOp29
 70
     1
102
RTVSPost2010Prop30
280
     1
102
RTVSPost2010PropOp30
 70
     1
102
RTVSPost2010Prop31
280
     0
102
RTVSPost2010PropOp31
 70
     1
102
RTVSPost2010Prop32
280
     0
102
RTVSPost2010PropOp32
 70
     1
102
RTVSPost2010Prop33
280
     0
102
RTVSPost2010PropOp33
 70
     1
102
RTVSPost2010Prop34
280
     0
102
RTVSPost2010PropOp34
 70
     1
102
RTVSPost2010Prop35
280
     0
102
RTVSPost2010PropOp35
 70
     1
102
RTVSPost2010Prop36
280
     0
102
RTVSPost2010PropOp36
 70
     1
102
RTVSPost2010Prop37
 90
       50
102
RTVSPost2010PropOp37
 70
     1
102
RTVSPost2010Prop38
140
0.0
102
RTVSPost2010PropOp38
 70
     1
102
RTVSPost2010Prop39
140
1.0
102
RTVSPost2010PropOp39
 70
     1
102
RTVSPost2010Prop40
 90
        0
102
RTVSPost2010PropOp40
 70
     1
102
RTVSPost2010Prop41ColorIndex
 90
       18
102
RTVSPost2010Prop41ColorRGB
 90
        0
102
RTVSPost2010PropOp41
 70
     1
102
RTVSPost2010Prop42
 90
       50
102
RTVSPost2010PropOp42
 70
     1
102
RTVSPost2010Prop43
 90
        3
102
RTVSPost2010PropOp43
 70
     1
102
RTVSPost2010Prop44ColorIndex
 90
        5
102
RTVSPost2010Prop44ColorRGB
 90
      255
102
RTVSPost2010PropOp44
 70
     1
102
RTVSPost2010Prop45
280
     0
102
RTVSPost2010PropOp45
 70
     1
102
RTVSPost2010Prop46
 90
       50
102
RTVSPost2010PropOp46
 70
     1
102
RTVSPost2010Prop47
 90
       50
102
RTVSPost2010PropOp47
 70
     1
102
RTVSPost2010Prop48
 90
       50
102
RTVSPost2010PropOp48
 70
     1
102
RTVSPost2010Prop49
280
     0
102
RTVSPost2010PropOp49
 70
     1
102
RTVSPost2010Prop50
 90
       50
102
RTVSPost2010PropOp50
 70
     1
102
RTVSPost2010Prop51ColorIndex
 90
      256
102
RTVSPost2010Prop51ColorRGB
 90
-16777216
102
RTVSPost2010PropOp51
 70
     0
102
RTVSPost2010Prop52
140
1.0
102
RTVSPost2010PropOp52
 70
     0
102
RTVSPost2010Prop53
 90
        2
102
RTVSPost2010PropOp53
 70
     1
102
RTVSPost2010Prop54
  1
strokes_ogs.tif
102
RTVSPost2010PropOp54
 70
     1
102
RTVSPost2010Prop55
280
     0
102
RTVSPost2010PropOp55
 70
     1
102
RTVSPost2010Prop56
140
1.0
102
RTVSPost2010PropOp56
 70
     1
102
RTVSPost2010Prop57
140
1.0
102
RTVSPost2010PropOp57
 70
     1
  0
XRECORD
  5
AC3
102
{ACAD_REACTORS
330
AC2
102
}
330
AC2
100
AcDbXrecord
280
     1
102
RTVSPost2010Prop28
280
     0
102
RTVSPost2010PropOp28
 70
     1
102
RTVSPost2010Prop29
280
     1
102
RTVSPost2010PropOp29
 70
     1
102
RTVSPost2010Prop30
280
     1
102
RTVSPost2010PropOp30
 70
     1
102
RTVSPost2010Prop31
280
     0
102
RTVSPost2010PropOp31
 70
     1
102
RTVSPost2010Prop32
280
     0
102
RTVSPost2010PropOp32
 70
     1
102
RTVSPost2010Prop33
280
     0
102
RTVSPost2010PropOp33
 70
     1
102
RTVSPost2010Prop34
280
     0
102
RTVSPost2010PropOp34
 70
     1
102
RTVSPost2010Prop35
280
     0
102
RTVSPost2010PropOp35
 70
     1
102
RTVSPost2010Prop36
280
     0
102
RTVSPost2010PropOp36
 70
     1
102
RTVSPost2010Prop37
 90
       50
102
RTVSPost2010PropOp37
 70
     1
102
RTVSPost2010Prop38
140
0.0
102
RTVSPost2010PropOp38
 70
     1
102
RTVSPost2010Prop39
140
1.0
102
RTVSPost2010PropOp39
 70
     1
102
RTVSPost2010Prop40
 90
        0
102
RTVSPost2010PropOp40
 70
     1
102
RTVSPost2010Prop41ColorIndex
 90
       18
102
RTVSPost2010Prop41ColorRGB
 90
        0
102
RTVSPost2010PropOp41
 70
     1
102
RTVSPost2010Prop42
 90
       50
102
RTVSPost2010PropOp42
 70
     1
102
RTVSPost2010Prop43
 90
        3
102
RTVSPost2010PropOp43
 70
     1
102
RTVSPost2010Prop44ColorIndex
 90
        5
102
RTVSPost2010Prop44ColorRGB
 90
      255
102
RTVSPost2010PropOp44
 70
     1
102
RTVSPost2010Prop45
280
     0
102
RTVSPost2010PropOp45
 70
     1
102
RTVSPost2010Prop46
 90
       50
102
RTVSPost2010PropOp46
 70
     1
102
RTVSPost2010Prop47
 90
       50
102
RTVSPost2010PropOp47
 70
     1
102
RTVSPost2010Prop48
 90
       50
102
RTVSPost2010PropOp48
 70
     1
102
RTVSPost2010Prop49
280
     0
102
RTVSPost2010PropOp49
 70
     1
102
RTVSPost2010Prop50
 90
       50
102
RTVSPost2010PropOp50
 70
     1
102
RTVSPost2010Prop51ColorIndex
 90
      256
102
RTVSPost2010Prop51ColorRGB
 90
-16777216
102
RTVSPost2010PropOp51
 70
     0
102
RTVSPost2010Prop52
140
1.0
102
RTVSPost2010PropOp52
 70
     0
102
RTVSPost2010Prop53
 90
        2
102
RTVSPost2010PropOp53
 70
     1
102
RTVSPost2010Prop54
  1
strokes_ogs.tif
102
RTVSPost2010PropOp54
 70
     1
102
RTVSPost2010Prop55
280
     0
102
RTVSPost2010PropOp55
 70
     1
102
RTVSPost2010Prop56
140
1.0
102
RTVSPost2010PropOp56
 70
     1
102
RTVSPost2010Prop57
140
1.0
102
RTVSPost2010PropOp57
 70
     1
  0
XRECORD
  5
AB5
102
{ACAD_REACTORS
330
AB4
102
}
330
AB4
100
AcDbXrecord
280
     1
102
RTVSPost2010Prop28
280
     0
102
RTVSPost2010PropOp28
 70
     1
102
RTVSPost2010Prop29
280
     1
102
RTVSPost2010PropOp29
 70
     1
102
RTVSPost2010Prop30
280
     1
102
RTVSPost2010PropOp30
 70
     1
102
RTVSPost2010Prop31
280
     0
102
RTVSPost2010PropOp31
 70
     1
102
RTVSPost2010Prop32
280
     0
102
RTVSPost2010PropOp32
 70
     1
102
RTVSPost2010Prop33
280
     0
102
RTVSPost2010PropOp33
 70
     1
102
RTVSPost2010Prop34
280
     0
102
RTVSPost2010PropOp34
 70
     1
102
RTVSPost2010Prop35
280
     0
102
RTVSPost2010PropOp35
 70
     1
102
RTVSPost2010Prop36
280
     0
102
RTVSPost2010PropOp36
 70
     1
102
RTVSPost2010Prop37
 90
       50
102
RTVSPost2010PropOp37
 70
     1
102
RTVSPost2010Prop38
140
0.0
102
RTVSPost2010PropOp38
 70
     1
102
RTVSPost2010Prop39
140
1.0
102
RTVSPost2010PropOp39
 70
     1
102
RTVSPost2010Prop40
 90
        0
102
RTVSPost2010PropOp40
 70
     1
102
RTVSPost2010Prop41ColorIndex
 90
       18
102
RTVSPost2010Prop41ColorRGB
 90
        0
102
RTVSPost2010PropOp41
 70
     1
102
RTVSPost2010Prop42
 90
       50
102
RTVSPost2010PropOp42
 70
     1
102
RTVSPost2010Prop43
 90
        3
102
RTVSPost2010PropOp43
 70
     1
102
RTVSPost2010Prop44ColorIndex
 90
        5
102
RTVSPost2010Prop44ColorRGB
 90
      255
102
RTVSPost2010PropOp44
 70
     1
102
RTVSPost2010Prop45
280
     0
102
RTVSPost2010PropOp45
 70
     1
102
RTVSPost2010Prop46
 90
       50
102
RTVSPost2010PropOp46
 70
     1
102
RTVSPost2010Prop47
 90
       50
102
RTVSPost2010PropOp47
 70
     1
102
RTVSPost2010Prop48
 90
       50
102
RTVSPost2010PropOp48
 70
     1
102
RTVSPost2010Prop49
280
     0
102
RTVSPost2010PropOp49
 70
     1
102
RTVSPost2010Prop50
 90
       50
102
RTVSPost2010PropOp50
 70
     1
102
RTVSPost2010Prop51ColorIndex
 90
      256
102
RTVSPost2010Prop51ColorRGB
 90
-16777216
102
RTVSPost2010PropOp51
 70
     0
102
RTVSPost2010Prop52
140
1.0
102
RTVSPost2010PropOp52
 70
     0
102
RTVSPost2010Prop53
 90
        2
102
RTVSPost2010PropOp53
 70
     1
102
RTVSPost2010Prop54
  1
strokes_ogs.tif
102
RTVSPost2010PropOp54
 70
     1
102
RTVSPost2010Prop55
280
     0
102
RTVSPost2010PropOp55
 70
     1
102
RTVSPost2010Prop56
140
1.0
102
RTVSPost2010PropOp56
 70
     1
102
RTVSPost2010Prop57
140
1.0
102
RTVSPost2010PropOp57
 70
     1
  0
XRECORD
  5
AD5
102
{ACAD_REACTORS
330
AD4
102
}
330
AD4
100
AcDbXrecord
280
     1
102
RTVSPost2010Prop28
280
     0
102
RTVSPost2010PropOp28
 70
     1
102
RTVSPost2010Prop29
280
     1
102
RTVSPost2010PropOp29
 70
     1
102
RTVSPost2010Prop30
280
     1
102
RTVSPost2010PropOp30
 70
     1
102
RTVSPost2010Prop31
280
     0
102
RTVSPost2010PropOp31
 70
     1
102
RTVSPost2010Prop32
280
     0
102
RTVSPost2010PropOp32
 70
     1
102
RTVSPost2010Prop33
280
     0
102
RTVSPost2010PropOp33
 70
     1
102
RTVSPost2010Prop34
280
     0
102
RTVSPost2010PropOp34
 70
     1
102
RTVSPost2010Prop35
280
     0
102
RTVSPost2010PropOp35
 70
     1
102
RTVSPost2010Prop36
280
     0
102
RTVSPost2010PropOp36
 70
     1
102
RTVSPost2010Prop37
 90
       50
102
RTVSPost2010PropOp37
 70
     1
102
RTVSPost2010Prop38
140
0.0
102
RTVSPost2010PropOp38
 70
     1
102
RTVSPost2010Prop39
140
1.0
102
RTVSPost2010PropOp39
 70
     1
102
RTVSPost2010Prop40
 90
        0
102
RTVSPost2010PropOp40
 70
     1
102
RTVSPost2010Prop41ColorIndex
 90
       18
102
RTVSPost2010Prop41ColorRGB
 90
        0
102
RTVSPost2010PropOp41
 70
     1
102
RTVSPost2010Prop42
 90
       50
102
RTVSPost2010PropOp42
 70
     1
102
RTVSPost2010Prop43
 90
        3
102
RTVSPost2010PropOp43
 70
     1
102
RTVSPost2010Prop44ColorIndex
 90
        5
102
RTVSPost2010Prop44ColorRGB
 90
      255
102
RTVSPost2010PropOp44
 70
     1
102
RTVSPost2010Prop45
280
     0
102
RTVSPost2010PropOp45
 70
     1
102
RTVSPost2010Prop46
 90
       50
102
RTVSPost2010PropOp46
 70
     1
102
RTVSPost2010Prop47
 90
       50
102
RTVSPost2010PropOp47
 70
     1
102
RTVSPost2010Prop48
 90
       50
102
RTVSPost2010PropOp48
 70
     1
102
RTVSPost2010Prop49
280
     0
102
RTVSPost2010PropOp49
 70
     1
102
RTVSPost2010Prop50
 90
       50
102
RTVSPost2010PropOp50
 70
     1
102
RTVSPost2010Prop51ColorIndex
 90
      256
102
RTVSPost2010Prop51ColorRGB
 90
-16777216
102
RTVSPost2010PropOp51
 70
     0
102
RTVSPost2010Prop52
140
1.0
102
RTVSPost2010PropOp52
 70
     0
102
RTVSPost2010Prop53
 90
        2
102
RTVSPost2010PropOp53
 70
     1
102
RTVSPost2010Prop54
  1
strokes_ogs.tif
102
RTVSPost2010PropOp54
 70
     1
102
RTVSPost2010Prop55
280
     0
102
RTVSPost2010PropOp55
 70
     1
102
RTVSPost2010Prop56
140
1.0
102
RTVSPost2010PropOp56
 70
     1
102
RTVSPost2010Prop57
140
1.0
102
RTVSPost2010PropOp57
 70
     1
  0
ENDSEC
  0
EOF
